path,size_bytes,blob_sha,github_url
.env.phase37.example,711,e3f6870394c2310056f200217d94c690052c8386,https://github.com/heyns1000/omnigrid/blob/main/.env.phase37.example
.github/AGENT_DIRECTIVE.md,19312,a6707a22ca0b586b1892c9f0c57d07cba87528e4,https://github.com/heyns1000/omnigrid/blob/main/.github/AGENT_DIRECTIVE.md
.github/workflows/auto-approve-copilot.yml,2507,d7580de92e138e87f38906dababfe2c497b41bea,https://github.com/heyns1000/omnigrid/blob/main/.github/workflows/auto-approve-copilot.yml
.github/workflows/auto-mark-ready.yml,1462,767e2aa36a7205c73b9e9e7d70792b51b01b24c0,https://github.com/heyns1000/omnigrid/blob/main/.github/workflows/auto-mark-ready.yml
.github/workflows/auto-merge-ecosystem.yml,1891,8ffc872284dca3ed80b9dac54bb29b5d415958ee,https://github.com/heyns1000/omnigrid/blob/main/.github/workflows/auto-merge-ecosystem.yml
.github/workflows/auto-merge.yml,4371,7eea1868de64acbc1c883a71f18d9ff81ecc9c5e,https://github.com/heyns1000/omnigrid/blob/main/.github/workflows/auto-merge.yml
.github/workflows/automation-health-check.yml,3673,7d28abbf617643571e03442fb09cbda0604d6787,https://github.com/heyns1000/omnigrid/blob/main/.github/workflows/automation-health-check.yml
.github/workflows/ci-validation.yml,4778,5e5d471c1b05b02b019e92acf007ad6fe4f34c80,https://github.com/heyns1000/omnigrid/blob/main/.github/workflows/ci-validation.yml
.github/workflows/codenest-connection-sync.yml,12413,ce1cfa8c0a18279e3f29565545690c3426bea05e,https://github.com/heyns1000/omnigrid/blob/main/.github/workflows/codenest-connection-sync.yml
.github/workflows/conflict-resolver.yml,928,bae7f517f17c37d9c5168090823b676c9e808290,https://github.com/heyns1000/omnigrid/blob/main/.github/workflows/conflict-resolver.yml
.github/workflows/ecosystem-sync-monitor.yml,2639,9929807e83c69d532a2f9cfba70753aea520f81d,https://github.com/heyns1000/omnigrid/blob/main/.github/workflows/ecosystem-sync-monitor.yml
.github/workflows/ecosystem-sync.yml,5263,cd01c1f49b9294161033d63db780246d020f319b,https://github.com/heyns1000/omnigrid/blob/main/.github/workflows/ecosystem-sync.yml
.github/workflows/netlify-deploy.yml,5803,01db37492a3733bf196282552751a4882a988f85,https://github.com/heyns1000/omnigrid/blob/main/.github/workflows/netlify-deploy.yml
.github/workflows/propagate-automation.yml,2348,886e7db1fb389484d228f8670e3f5a53cc0a54c2,https://github.com/heyns1000/omnigrid/blob/main/.github/workflows/propagate-automation.yml
.github/workflows/pulse-trade-9s.yml,652,5c85dc142ea8b55e2b333e7dd429f9093242520c,https://github.com/heyns1000/omnigrid/blob/main/.github/workflows/pulse-trade-9s.yml
.github/workflows/pulse_update.yml,7536,7fb116bcad5e6b332d3d5f21cfb0f438fd31b3f1,https://github.com/heyns1000/omnigrid/blob/main/.github/workflows/pulse_update.yml
.github/workflows/trigger-priority-sync.yml,3697,4fa7f8eb459117e35334a97126552493af9d63f6,https://github.com/heyns1000/omnigrid/blob/main/.github/workflows/trigger-priority-sync.yml
.github/workflows/unified-ecosystem-propagation.yml,10231,89324fd8c31af812eaf71753c8235930cbe55999,https://github.com/heyns1000/omnigrid/blob/main/.github/workflows/unified-ecosystem-propagation.yml
.gitignore,1463,d73a1993062bff0cff31423f870c07d480658bbd,https://github.com/heyns1000/omnigrid/blob/main/.gitignore
40D_HYPERCUBE_TECHNICAL_SPEC.md,22991,04b2efe448896340950c89e18df979f8aae2f568,https://github.com/heyns1000/omnigrid/blob/main/40D_HYPERCUBE_TECHNICAL_SPEC.md
AUDIT_LOOP_TECHNICAL.md,10254,9f44bdb1c4bc3f8105ae2d7ce8f1e629c6622088,https://github.com/heyns1000/omnigrid/blob/main/AUDIT_LOOP_TECHNICAL.md
AUDIT_SUMMARY.md,3163,2324ab1f2d1f9e62f7cee0d82de793cece650954,https://github.com/heyns1000/omnigrid/blob/main/AUDIT_SUMMARY.md
AUTOMATION_AUDIT_REPORT.md,11898,8930092be48c3ebecbad4a41cb4381ce4bb6e437,https://github.com/heyns1000/omnigrid/blob/main/AUTOMATION_AUDIT_REPORT.md
BAOBAB_PROTECTION.md,9475,e74bc8d091f09f588248a5f045f005e45b7ccb48,https://github.com/heyns1000/omnigrid/blob/main/BAOBAB_PROTECTION.md
BRAND_DASHBOARD_RESEARCH.md,86166,bb2337e6e4ebca8e67a752decc50e68c4bc5e9ef,https://github.com/heyns1000/omnigrid/blob/main/BRAND_DASHBOARD_RESEARCH.md
CHANGELOG.md,9830,46cb96ec2df03d398191e95f27227b408ea18e4c,https://github.com/heyns1000/omnigrid/blob/main/CHANGELOG.md
CLAUDE_IMPORT_README.md,7018,1bed602ed572fafb4f7d50507e15f2df5499c4da,https://github.com/heyns1000/omnigrid/blob/main/CLAUDE_IMPORT_README.md
CODENEST_DEEP_DIVE.md,23484,0408cad0fc7756ce45bcd4e00805a80c3b95b67d,https://github.com/heyns1000/omnigrid/blob/main/CODENEST_DEEP_DIVE.md
CONSOLIDATION_MASTER_GUIDE.md,14506,64501863d2ad29ea383f16139245407dd999ccab,https://github.com/heyns1000/omnigrid/blob/main/CONSOLIDATION_MASTER_GUIDE.md
ECOSYSTEM_AUTOMATION_README.md,12718,f90c143a6aeafd10a7dcacc841c23717a4dd420e,https://github.com/heyns1000/omnigrid/blob/main/ECOSYSTEM_AUTOMATION_README.md
ECOSYSTEM_CONSOLIDATION_PR.md,10351,ab3fc7a3d11aedb0ea4bbf759c2c981434262af3,https://github.com/heyns1000/omnigrid/blob/main/ECOSYSTEM_CONSOLIDATION_PR.md
ECOSYSTEM_HOLOREPORT_COMPLETE.md,12969,1c21759beb147fa2f3b861e118a4645e9b572807,https://github.com/heyns1000/omnigrid/blob/main/ECOSYSTEM_HOLOREPORT_COMPLETE.md
ECOSYSTEM_README.md,9473,6bae3b3e5450f9e7dbcf630921101e5adf1e70bc,https://github.com/heyns1000/omnigrid/blob/main/ECOSYSTEM_README.md
ECOSYSTEM_RESEARCH_HOLOREPORT_A-Z.md,0,e69de29bb2d1d6434b8b29ae775ad8c2e48c5391,https://github.com/heyns1000/omnigrid/blob/main/ECOSYSTEM_RESEARCH_HOLOREPORT_A-Z.md
ECOSYSTEM_VISUAL_FLOW.md,56559,3f7919b385274901a150c0a6190a3d1298717f94,https://github.com/heyns1000/omnigrid/blob/main/ECOSYSTEM_VISUAL_FLOW.md
ETERNAL_ENGINE_SUMMARY.md,7254,f92d5cee11c78bcda31541c91e19fa424ed05a39,https://github.com/heyns1000/omnigrid/blob/main/ETERNAL_ENGINE_SUMMARY.md
HEYNS_ECOSYSTEM_COMPLETE_ARCHITECTURE.md,23783,a75920d79c04b16aeb8daaae03ee9b42a6f8e96b,https://github.com/heyns1000/omnigrid/blob/main/HEYNS_ECOSYSTEM_COMPLETE_ARCHITECTURE.md
HOTSTACK_ECOSYSTEM_CONSOLIDATION.md,7988,982076539ca547fb0fe4d746a6ff5531e0e6b850,https://github.com/heyns1000/omnigrid/blob/main/HOTSTACK_ECOSYSTEM_CONSOLIDATION.md
Hello-there-What-kind-of-software-project-are-you-looking.zip,65609077,ee33cf114703be4c1a9c370a28880a5605ed0519,https://github.com/heyns1000/omnigrid/blob/main/Hello-there-What-kind-of-software-project-are-you-looking.zip
INTEGRATION_COMPLETE.md,18408,1043b046cf788ca07bdf73d35c57987a548c2aeb,https://github.com/heyns1000/omnigrid/blob/main/INTEGRATION_COMPLETE.md
INTERSTELLAR_ECOSYSTEM_MASTER.md,52982,19cc2aad341a79e2bb9b7204ede3b5acda2f7793,https://github.com/heyns1000/omnigrid/blob/main/INTERSTELLAR_ECOSYSTEM_MASTER.md
IP_SWEEP_SECURITY.md,10432,f8c42cef06b147a24c9a1831527c16250d405630,https://github.com/heyns1000/omnigrid/blob/main/IP_SWEEP_SECURITY.md
LICENSE,7812,189f42819cd68fb4b40dd87edfdb9f721c451d6e,https://github.com/heyns1000/omnigrid/blob/main/LICENSE
MARKEN_PROTOCOL_REGENERATIVE_EMPLOYMENT.md,23002,adfe01e97fbf37901392086345def826f45e3dca,https://github.com/heyns1000/omnigrid/blob/main/MARKEN_PROTOCOL_REGENERATIVE_EMPLOYMENT.md
MARKETPLACE_RESEARCH_SUMMARY.md,7109,5e2f8e6b8c688977f85609f41926b42a0cd65766,https://github.com/heyns1000/omnigrid/blob/main/MARKETPLACE_RESEARCH_SUMMARY.md
MARKETPLACE_RESEARCH_ULTIMATE.md,80624,30b053c46a0b78cc8582a0201e340cd128439f31,https://github.com/heyns1000/omnigrid/blob/main/MARKETPLACE_RESEARCH_ULTIMATE.md
OMNIGRID_TOTAL_ARCHITECTURE.md,30252,8e20ba66ae848c973275c066e3ef589d608fa3a3,https://github.com/heyns1000/omnigrid/blob/main/OMNIGRID_TOTAL_ARCHITECTURE.md
ONE_GRID_TIEKIEBOKS.json,2816,8c9a52d17dcee5651a661a2ac064af07448538d7,https://github.com/heyns1000/omnigrid/blob/main/ONE_GRID_TIEKIEBOKS.json
ORACLE_IMPLEMENTATION_SUMMARY.md,9262,7e6a2d8a8bb3ad96311d16f4ff29f03a6720a777,https://github.com/heyns1000/omnigrid/blob/main/ORACLE_IMPLEMENTATION_SUMMARY.md
PHASE38_CHANGELOG.md,4674,ea803a2b2c81c1cca26ddc462a61fca5f2ea4d76,https://github.com/heyns1000/omnigrid/blob/main/PHASE38_CHANGELOG.md
PHASE38_QUICKSTART.md,3520,642bcb84197d2e7f5f9ea6f5937c9b56a2d7a49b,https://github.com/heyns1000/omnigrid/blob/main/PHASE38_QUICKSTART.md
PHASE38_SUMMARY.txt,7613,ac81afb8ecf84e99c3718acbec24a522c13f8d3f,https://github.com/heyns1000/omnigrid/blob/main/PHASE38_SUMMARY.txt
PHASE_2_IMPLEMENTATION.md,22738,617df522f07fa89783cce053b51b5eed810836ff,https://github.com/heyns1000/omnigrid/blob/main/PHASE_2_IMPLEMENTATION.md
PHASE_36_QUANTUM_DASHBOARD.md,7887,ecab6dd4c7393c486abbbd39298eafdc7edce199,https://github.com/heyns1000/omnigrid/blob/main/PHASE_36_QUANTUM_DASHBOARD.md
PHASE_40_IMPLEMENTATION.md,20165,15470de883fca9c7a9640f2285d95ac096c7e08f,https://github.com/heyns1000/omnigrid/blob/main/PHASE_40_IMPLEMENTATION.md
PHASE_43_IMPLEMENTATION.md,31946,787af51fa6955d31fb8d616444cf92a96117eeed,https://github.com/heyns1000/omnigrid/blob/main/PHASE_43_IMPLEMENTATION.md
PR36_IMPLEMENTATION_SUMMARY.md,7558,d7ac543ea34def7c148ea343e47efd83158371ee,https://github.com/heyns1000/omnigrid/blob/main/PR36_IMPLEMENTATION_SUMMARY.md
PROJECT_KASI_SADC_ECONOMY.md,12761,f18e83699cd41494b801801cd24d339ed3ff5203,https://github.com/heyns1000/omnigrid/blob/main/PROJECT_KASI_SADC_ECONOMY.md
PR_DESCRIPTION.md,6315,f3ea213e22d7fa836d7a71b4fccd8f568ab8cabe,https://github.com/heyns1000/omnigrid/blob/main/PR_DESCRIPTION.md
PULSE_BREATHING_GUIDE.md,6311,5ff4f1f7ba594c6534fee2483068dfe2afb1ecd5,https://github.com/heyns1000/omnigrid/blob/main/PULSE_BREATHING_GUIDE.md
PULSE_SETUP_INSTRUCTIONS.md,7642,1d466a7a712afb133ed916215ba3ec9423885f86,https://github.com/heyns1000/omnigrid/blob/main/PULSE_SETUP_INSTRUCTIONS.md
PULSE_STATUS.md,1383,9d06469184850d80073208b204bdbb2dc62598d5,https://github.com/heyns1000/omnigrid/blob/main/PULSE_STATUS.md
QUANTUM_ORACLES_README.md,2735,b987c4b927a8f43e87a8330c8d62ff782d655562,https://github.com/heyns1000/omnigrid/blob/main/QUANTUM_ORACLES_README.md
QUANTUM_ORACLE_IMPLEMENTATION.md,11733,587fdb86092d54b19ca1f84c9febd9d9748800db,https://github.com/heyns1000/omnigrid/blob/main/QUANTUM_ORACLE_IMPLEMENTATION.md
QUANTUM_TWIN_CUSTODY_PROTOCOL.md,23774,9f8a7ca3057cd474a0a5cbc4e8c29c2b24dafd03,https://github.com/heyns1000/omnigrid/blob/main/QUANTUM_TWIN_CUSTODY_PROTOCOL.md
QUICK_REFERENCE_TECHNICAL_SPECS.md,13729,23a5da678967e9ad5d4aa5fa1256766442840607,https://github.com/heyns1000/omnigrid/blob/main/QUICK_REFERENCE_TECHNICAL_SPECS.md
README.md,40145,70946b092e160d65c491b810f006cd98683c5679,https://github.com/heyns1000/omnigrid/blob/main/README.md
RESEARCH_QUICKSTART.md,1312,c3e9aee88243edb721bf2b13f51e581e35341e44,https://github.com/heyns1000/omnigrid/blob/main/RESEARCH_QUICKSTART.md
RESEARCH_SYSTEM_README.md,13979,21e176c9a3b0af1874559eee92178b87b99740e4,https://github.com/heyns1000/omnigrid/blob/main/RESEARCH_SYSTEM_README.md
SIMUNYE_PROTOCOL.md,5335,d231e12aec747e007db71e8f16be0ab3fa6e523b,https://github.com/heyns1000/omnigrid/blob/main/SIMUNYE_PROTOCOL.md
TOYNEST_INTEGRATION.md,12948,32de914a998985bef16fa2b0178d9613caadfdf7,https://github.com/heyns1000/omnigrid/blob/main/TOYNEST_INTEGRATION.md
TOYNEST_PRINCIPLES.md,7327,17ff0a1ad6b5b624cf48c07207a9f9c863c9625d,https://github.com/heyns1000/omnigrid/blob/main/TOYNEST_PRINCIPLES.md
ZERO_TOUCH_AUTOMATION_IMPROVEMENTS_SUMMARY.md,9542,e664e78ff6e81be7f0442221d34e2a98e2c32d89,https://github.com/heyns1000/omnigrid/blob/main/ZERO_TOUCH_AUTOMATION_IMPROVEMENTS_SUMMARY.md
_codeql_detected_source_root,1,945c9b46d684f08ec84cb316e1dc0061e361f794,https://github.com/heyns1000/omnigrid/blob/main/_codeql_detected_source_root
activate_fruitful_global.sh,2142,b2ec5301e9bdde3a1c5d668149dccce173d4186b,https://github.com/heyns1000/omnigrid/blob/main/activate_fruitful_global.sh
audit/.gitkeep,0,e69de29bb2d1d6434b8b29ae775ad8c2e48c5391,https://github.com/heyns1000/omnigrid/blob/main/audit/.gitkeep
audit/repo-connection-plan.md,18126,efb78d3ad030f480630fdc575fc7c1770442f79f,https://github.com/heyns1000/omnigrid/blob/main/audit/repo-connection-plan.md
audit/speed-dashboard.html,10901,f8722b1205871b27af2f2c8e806ca3b0e741e562,https://github.com/heyns1000/omnigrid/blob/main/audit/speed-dashboard.html
audit/speed-metrics.json,220,a41ca4da59b9ee563959fa360f142b373e5d5497,https://github.com/heyns1000/omnigrid/blob/main/audit/speed-metrics.json
audit/sync-progress.json,967,6ce77305cc145c6c04ffaa479d15e696c59e5a0f,https://github.com/heyns1000/omnigrid/blob/main/audit/sync-progress.json
audit/sync-status-badge.svg,898,c1b40d521b6b45e677ce73aeba2e5d8ba443ce2c,https://github.com/heyns1000/omnigrid/blob/main/audit/sync-status-badge.svg
audit/urgency-ranking.json,1134,0da0f68a6edac810930c3e503b9d067befca871e,https://github.com/heyns1000/omnigrid/blob/main/audit/urgency-ranking.json
automation_audit.py,13116,073c69033f736223a5c3acc017b3bb63faa15c11,https://github.com/heyns1000/omnigrid/blob/main/automation_audit.py
automation_audit_report.json,26656,50f68134159a420c261c4017ad9876f3e97a562b,https://github.com/heyns1000/omnigrid/blob/main/automation_audit_report.json
automation_health.json,1975,b9d86f510968f0ad391fd37a121277bf94b94038,https://github.com/heyns1000/omnigrid/blob/main/automation_health.json
banimal_connector.py,7916,857b0d517bc8acf2f7804bf986d70260e63b66fb,https://github.com/heyns1000/omnigrid/blob/main/banimal_connector.py
buildnest_engine.sh,3941,1aa85f64a945ed4044e74fd52c6ee980ffff3fb6,https://github.com/heyns1000/omnigrid/blob/main/buildnest_engine.sh
bushportal-signup/.gitignore,67,c7acef90dc89f7bfa979316f54cb3eba37e99424,https://github.com/heyns1000/omnigrid/blob/main/bushportal-signup/.gitignore
bushportal-signup/DEPLOYMENT_GUIDE.md,8460,934803d40a92eb74b456e5471679899c331c48e1,https://github.com/heyns1000/omnigrid/blob/main/bushportal-signup/DEPLOYMENT_GUIDE.md
bushportal-signup/Dockerfile,629,9fc6ba5528516401e790fad758b421a8bc0af8fd,https://github.com/heyns1000/omnigrid/blob/main/bushportal-signup/Dockerfile
bushportal-signup/README.md,4098,722d8abae7725ee55b1a67d2afbdfdbc0d8085c2,https://github.com/heyns1000/omnigrid/blob/main/bushportal-signup/README.md
bushportal-signup/backend/.env.example,490,b819fb91c985a68aacc366d74df40c8cb6213a7f,https://github.com/heyns1000/omnigrid/blob/main/bushportal-signup/backend/.env.example
bushportal-signup/backend/package.json,680,04ab650edfe4a9ea6e38c935e2943cb161ca6388,https://github.com/heyns1000/omnigrid/blob/main/bushportal-signup/backend/package.json
bushportal-signup/backend/src/index.ts,949,3a0541189ea448ffbf920f8333e4ed9b44848d36,https://github.com/heyns1000/omnigrid/blob/main/bushportal-signup/backend/src/index.ts
bushportal-signup/backend/src/middleware/errorHandler.ts,419,0a3b6ef3ff45194559c4e6e45595c71fb06138f9,https://github.com/heyns1000/omnigrid/blob/main/bushportal-signup/backend/src/middleware/errorHandler.ts
bushportal-signup/backend/src/middleware/logger.ts,334,988d303ae0342d5384ac5faa6708f067001a3d52,https://github.com/heyns1000/omnigrid/blob/main/bushportal-signup/backend/src/middleware/logger.ts
bushportal-signup/backend/src/middleware/validateAuth.ts,604,888c8000f7cfd0a7fec2688f4700662f74beb3b8,https://github.com/heyns1000/omnigrid/blob/main/bushportal-signup/backend/src/middleware/validateAuth.ts
bushportal-signup/backend/src/routes/auth.ts,2329,78dda5c6a6778ad05d698081ee085a363496fef1,https://github.com/heyns1000/omnigrid/blob/main/bushportal-signup/backend/src/routes/auth.ts
bushportal-signup/backend/src/services/authService.ts,2378,cd26d2592fe8447c8ea0225144376429be734c35,https://github.com/heyns1000/omnigrid/blob/main/bushportal-signup/backend/src/services/authService.ts
bushportal-signup/backend/tsconfig.json,539,af3ff9b75be20a14ea1bd96eefdb2bb4e8fd0c59,https://github.com/heyns1000/omnigrid/blob/main/bushportal-signup/backend/tsconfig.json
bushportal-signup/backend/vercel.json,314,80fb1ce2c0c67843471058e106c41df6a2aa224f,https://github.com/heyns1000/omnigrid/blob/main/bushportal-signup/backend/vercel.json
bushportal-signup/docker-compose.yml,834,f323775a4c82f41f622d0b9fa68eca2b6c8dbcd9,https://github.com/heyns1000/omnigrid/blob/main/bushportal-signup/docker-compose.yml
bushportal-signup/frontend/.env.example,183,4a087a03b4eca06f272252ae5a19fc42e419efd0,https://github.com/heyns1000/omnigrid/blob/main/bushportal-signup/frontend/.env.example
bushportal-signup/frontend/index.html,381,70e0413eb350a417b0814f6b2392618a35ca272a,https://github.com/heyns1000/omnigrid/blob/main/bushportal-signup/frontend/index.html
bushportal-signup/frontend/package.json,815,36f26d790b179f7cdf1b1858f9d0e6367d9191dd,https://github.com/heyns1000/omnigrid/blob/main/bushportal-signup/frontend/package.json
bushportal-signup/frontend/postcss.config.js,80,2e7af2b7f1a6f391da1631d93968a9d487ba977d,https://github.com/heyns1000/omnigrid/blob/main/bushportal-signup/frontend/postcss.config.js
bushportal-signup/frontend/src/App.tsx,1333,9ad2c78c776da8b98c4c2364937a2ea8275bc93c,https://github.com/heyns1000/omnigrid/blob/main/bushportal-signup/frontend/src/App.tsx
bushportal-signup/frontend/src/components/ui/badge.tsx,676,f9c3e1feb7b21a7c611140aa89fc1bc16463586d,https://github.com/heyns1000/omnigrid/blob/main/bushportal-signup/frontend/src/components/ui/badge.tsx
bushportal-signup/frontend/src/components/ui/button.tsx,1372,0bfa0880b91dc32b1ba007c1169c665f791b1007,https://github.com/heyns1000/omnigrid/blob/main/bushportal-signup/frontend/src/components/ui/button.tsx
bushportal-signup/frontend/src/components/ui/card.tsx,1330,b3e6ee4df6876037b2062b12eb98ea71ef000f60,https://github.com/heyns1000/omnigrid/blob/main/bushportal-signup/frontend/src/components/ui/card.tsx
bushportal-signup/frontend/src/components/ui/input.tsx,1413,6e205f2627ad20bcaed1eaa6a60607851d62f8e0,https://github.com/heyns1000/omnigrid/blob/main/bushportal-signup/frontend/src/components/ui/input.tsx
bushportal-signup/frontend/src/components/ui/label.tsx,382,11eb79584a01c38c782368bf5a00a70562dedde7,https://github.com/heyns1000/omnigrid/blob/main/bushportal-signup/frontend/src/components/ui/label.tsx
bushportal-signup/frontend/src/hooks/useAuth.ts,2190,052d208429cd8be7150d91695b03c82a2f5491b3,https://github.com/heyns1000/omnigrid/blob/main/bushportal-signup/frontend/src/hooks/useAuth.ts
bushportal-signup/frontend/src/index.css,413,6c5788f23acf35c076214cd7187e616c9b1d276a,https://github.com/heyns1000/omnigrid/blob/main/bushportal-signup/frontend/src/index.css
bushportal-signup/frontend/src/lib/queryClient.ts,268,7d6bade0b5db6ed3cc2ff01df755a36f3a8640c6,https://github.com/heyns1000/omnigrid/blob/main/bushportal-signup/frontend/src/lib/queryClient.ts
bushportal-signup/frontend/src/main.tsx,377,c3a185ea4e818cbb84d86b09cef20ab1be18b80b,https://github.com/heyns1000/omnigrid/blob/main/bushportal-signup/frontend/src/main.tsx
bushportal-signup/frontend/src/pages/Dashboard.tsx,3670,bcf818ee74a39ee77123dd3e467e17cecf430aed,https://github.com/heyns1000/omnigrid/blob/main/bushportal-signup/frontend/src/pages/Dashboard.tsx
bushportal-signup/frontend/src/pages/Landing.tsx,8709,45a2d513afd79b9f4b5358be2b126e0781445fdd,https://github.com/heyns1000/omnigrid/blob/main/bushportal-signup/frontend/src/pages/Landing.tsx
bushportal-signup/frontend/src/pages/Login.tsx,5128,c422bbd9d601f5e2c219670e3c1cec1530c9e96e,https://github.com/heyns1000/omnigrid/blob/main/bushportal-signup/frontend/src/pages/Login.tsx
bushportal-signup/frontend/src/pages/Register.tsx,6813,235a279c665f383e7c29aa47dbc2f8bf4451f437,https://github.com/heyns1000/omnigrid/blob/main/bushportal-signup/frontend/src/pages/Register.tsx
bushportal-signup/frontend/src/vite-env.d.ts,38,11f02fe2a0061d6e6e1f271b21da95423b448b32,https://github.com/heyns1000/omnigrid/blob/main/bushportal-signup/frontend/src/vite-env.d.ts
bushportal-signup/frontend/tailwind.config.js,627,5f388741ba9191e95a624e0be8c3437db65c9165,https://github.com/heyns1000/omnigrid/blob/main/bushportal-signup/frontend/tailwind.config.js
bushportal-signup/frontend/tsconfig.json,681,881fc06cf51561b049a8f168f320e948d34e60c4,https://github.com/heyns1000/omnigrid/blob/main/bushportal-signup/frontend/tsconfig.json
bushportal-signup/frontend/tsconfig.node.json,213,42872c59f5b01c9155864572bc2fbd5833a7406c,https://github.com/heyns1000/omnigrid/blob/main/bushportal-signup/frontend/tsconfig.node.json
bushportal-signup/frontend/vercel.json,217,95806582c7b6116e9bff3af2e58d77e9b6aaf866,https://github.com/heyns1000/omnigrid/blob/main/bushportal-signup/frontend/vercel.json
bushportal-signup/frontend/vite.config.ts,384,e0854c61285d887800ffa3c288542f97d5f01e9c,https://github.com/heyns1000/omnigrid/blob/main/bushportal-signup/frontend/vite.config.ts
bushportal-signup/package.json,214,38d83d19a9f8ac6d6f2a25868c75769175cb573e,https://github.com/heyns1000/omnigrid/blob/main/bushportal-signup/package.json
bushportal-signup/shared/package.json,470,3aea8e3366d9d5e40657e0f82a3989629bbc1a99,https://github.com/heyns1000/omnigrid/blob/main/bushportal-signup/shared/package.json
bushportal-signup/shared/src/index.ts,497,0967724660cb0d19dec2d8e093d92135b0a4fc78,https://github.com/heyns1000/omnigrid/blob/main/bushportal-signup/shared/src/index.ts
bushportal-signup/shared/tsconfig.json,435,64f1882b3177d2cb1f7727e0814a5b86104ef6be,https://github.com/heyns1000/omnigrid/blob/main/bushportal-signup/shared/tsconfig.json
claude_dashboard.html,19807,9304182230f4e8caa6f0a44142b574b7b7a0a307,https://github.com/heyns1000/omnigrid/blob/main/claude_dashboard.html
claude_data_consolidator.py,24311,7c078f0ec23361e437eb200106b8bf1677b7ece9,https://github.com/heyns1000/omnigrid/blob/main/claude_data_consolidator.py
claude_profile_importer.py,10207,5c1f7a7ea8ed2c0d323cf9e63474999ec9a067a1,https://github.com/heyns1000/omnigrid/blob/main/claude_profile_importer.py
codenest_export/CODENEST_README.md,2140,fa924a52e4bea185b340683ce1b8a76cb99c4991,https://github.com/heyns1000/omnigrid/blob/main/codenest_export/CODENEST_README.md
codenest_export/GIT_SUBTREE_INSTRUCTIONS.md,1137,d7af51679ffedb467b2d6f15b4c76b1c7603ff41,https://github.com/heyns1000/omnigrid/blob/main/codenest_export/GIT_SUBTREE_INSTRUCTIONS.md
codenest_export/codenest_api_config.json,339,dcaaedb5de771b193a2807ac19565461100449d4,https://github.com/heyns1000/omnigrid/blob/main/codenest_export/codenest_api_config.json
codenest_export/faa_brands_registry.json,87069,ebc55a4b3a141d6fe684ce3a36718042387a3663,https://github.com/heyns1000/omnigrid/blob/main/codenest_export/faa_brands_registry.json
codenest_export/sector_mappings.json,7247,d212073a8e537e95cd9fe4b81b2ba42dea67dfde,https://github.com/heyns1000/omnigrid/blob/main/codenest_export/sector_mappings.json
codenest_export/template_registry.json,6877,3962d09ab21c864d9c16368904d60426fc80600e,https://github.com/heyns1000/omnigrid/blob/main/codenest_export/template_registry.json
components/global/Footer.tsx,5602,ab3eec34271fbcab366585630aae6b1b82346642,https://github.com/heyns1000/omnigrid/blob/main/components/global/Footer.tsx
components/global/Header.tsx,5163,9fd6d4bb1d8e0795f154add5d2ced2d961c35976,https://github.com/heyns1000/omnigrid/blob/main/components/global/Header.tsx
components/global/Navigation.tsx,6407,cca8eb90add7576366910fcd7b0f393975e28d07,https://github.com/heyns1000/omnigrid/blob/main/components/global/Navigation.tsx
components/global/index.ts,681,b096566781248f85ebb4cc7445196c090837b642,https://github.com/heyns1000/omnigrid/blob/main/components/global/index.ts
components/global/styles.css,11867,4605335dd91712fc7ac05fcdaff73c3c1fbde529,https://github.com/heyns1000/omnigrid/blob/main/components/global/styles.css
components/global/types.ts,4141,e15284fc23fad175974486151ee6047ef6c769fe,https://github.com/heyns1000/omnigrid/blob/main/components/global/types.ts
components/quantum-dashboard/QuantumNodesDashboard.tsx,11103,d108c1b3c98b7d5af08c0786f2f8b398a63b51ab,https://github.com/heyns1000/omnigrid/blob/main/components/quantum-dashboard/QuantumNodesDashboard.tsx
config/actuary-brands.json,3568,b0c24767b2514e88a3026a80141775787b217b85,https://github.com/heyns1000/omnigrid/blob/main/config/actuary-brands.json
config/chains/multi-chain-config.json,1589,1f15418dc85dac40a7311c8af5f5b63c270ec0f0,https://github.com/heyns1000/omnigrid/blob/main/config/chains/multi-chain-config.json
config/ecosystem-connections.json,28489,25fd3255902c2a395402080dbfcab9aa7311742b,https://github.com/heyns1000/omnigrid/blob/main/config/ecosystem-connections.json
config/ecosystem-repos.json,4057,97276b88f0d369d6fa7af8798d080466ef98ec85,https://github.com/heyns1000/omnigrid/blob/main/config/ecosystem-repos.json
config/phase38-quantum-config.json,4506,cb6172a19437bb45bb1eb6c8e96f6932fc4c8d87,https://github.com/heyns1000/omnigrid/blob/main/config/phase38-quantum-config.json
consolidated_output/brand_registry.json,77636,8341ab71b01eb0f23793f17cae22b07e649d94e3,https://github.com/heyns1000/omnigrid/blob/main/consolidated_output/brand_registry.json
consolidated_output/code_library/bash_code.json,329974,64380579ab2ae3ddd2565df57af2b28ab9b4ce27,https://github.com/heyns1000/omnigrid/blob/main/consolidated_output/code_library/bash_code.json
consolidated_output/code_library/batch_code.json,374,cbe21c5609b4e1f937e26ebd556678ccf237d6e5,https://github.com/heyns1000/omnigrid/blob/main/consolidated_output/code_library/batch_code.json
consolidated_output/code_library/css_code.json,711,9f7c8fe1b48bc3837a21b022dc33aa4ac4d6b2fe,https://github.com/heyns1000/omnigrid/blob/main/consolidated_output/code_library/css_code.json
consolidated_output/code_library/dockerfile_code.json,1091,b330ed249326633b4e686ce9419d79687f2320c5,https://github.com/heyns1000/omnigrid/blob/main/consolidated_output/code_library/dockerfile_code.json
consolidated_output/code_library/go_code.json,3536,a56536286c438e903b6711af550718982a5e6b98,https://github.com/heyns1000/omnigrid/blob/main/consolidated_output/code_library/go_code.json
consolidated_output/code_library/html_code.json,103228,68b4c57d7a49be5f8a23343e4633c056589309e1,https://github.com/heyns1000/omnigrid/blob/main/consolidated_output/code_library/html_code.json
consolidated_output/code_library/javascript_code.json,98058,14dd57683f03f26c7884bcf0efd15d161b69bab7,https://github.com/heyns1000/omnigrid/blob/main/consolidated_output/code_library/javascript_code.json
consolidated_output/code_library/json_code.json,16613,eadfc112a11f9dbed5e4006cc6b29a80295d9c47,https://github.com/heyns1000/omnigrid/blob/main/consolidated_output/code_library/json_code.json
consolidated_output/code_library/markdown_code.json,9022,14b29530b73b79493afac7e0b5bcd4c9e2333ad7,https://github.com/heyns1000/omnigrid/blob/main/consolidated_output/code_library/markdown_code.json
consolidated_output/code_library/php_code.json,82365,cc0332de7d4e5827d062991252ccac1ce0a0c90a,https://github.com/heyns1000/omnigrid/blob/main/consolidated_output/code_library/php_code.json
consolidated_output/code_library/powershell_code.json,1041,bf756504721d30fa1fe319a201274d360b4e9089,https://github.com/heyns1000/omnigrid/blob/main/consolidated_output/code_library/powershell_code.json
consolidated_output/code_library/python_code.json,216785,2e9f76d520a196b6e208b5b1ea2c1c7a3718c1d2,https://github.com/heyns1000/omnigrid/blob/main/consolidated_output/code_library/python_code.json
consolidated_output/code_library/rust_code.json,2116,38f3308130edb3a1d4ca1079363cfca7eb0676f1,https://github.com/heyns1000/omnigrid/blob/main/consolidated_output/code_library/rust_code.json
consolidated_output/code_library/sql_code.json,6368,f72bd593cbe381aacc1e98c66ef729514a51fe68,https://github.com/heyns1000/omnigrid/blob/main/consolidated_output/code_library/sql_code.json
consolidated_output/code_library/toml_code.json,3918,cd55290655a53dfab6f901648e419635b1775b67,https://github.com/heyns1000/omnigrid/blob/main/consolidated_output/code_library/toml_code.json
consolidated_output/code_library/typescript_code.json,53615,c2d536711aabe6a8715070b22c70140f42be3496,https://github.com/heyns1000/omnigrid/blob/main/consolidated_output/code_library/typescript_code.json
consolidated_output/code_library/unknown_code.json,1684178,2680265c225f11fc12a90111e0f87515aaaf05f5,https://github.com/heyns1000/omnigrid/blob/main/consolidated_output/code_library/unknown_code.json
consolidated_output/code_library/yaml_code.json,51442,22b155e10ab38eeb314b2f72df28aa8e0b96131d,https://github.com/heyns1000/omnigrid/blob/main/consolidated_output/code_library/yaml_code.json
consolidated_output/consolidated_knowledge.json,6490,63ce9eec2e07be46b7c0b68d9b7ceb55006d6455,https://github.com/heyns1000/omnigrid/blob/main/consolidated_output/consolidated_knowledge.json
consolidated_output/repository_mapping.json,1594,3e14df27d4cabc5e670b5a8c7cb735cc64c3150a,https://github.com/heyns1000/omnigrid/blob/main/consolidated_output/repository_mapping.json
consolidated_output/system_architectures.json,2479,7a48e6c131f6c1dc3dca1444dd005ead358e7290,https://github.com/heyns1000/omnigrid/blob/main/consolidated_output/system_architectures.json
consolidated_output/technology_stack.json,61754,7648cebbf3114cd1d91afc46322827aa7d42a72a,https://github.com/heyns1000/omnigrid/blob/main/consolidated_output/technology_stack.json
consolidation_merge.sh,3083,78bbbf76c5d4efb046a73d4e22335783706f87a2,https://github.com/heyns1000/omnigrid/blob/main/consolidation_merge.sh
continuous_pulse_updater.py,11418,db94557e783532923de5bee0c94448e390c6c34f,https://github.com/heyns1000/omnigrid/blob/main/continuous_pulse_updater.py
contracts/QuantumFidelityOracle.sol,8548,03b1c8b30832cab5a51977c7667a018fc63cd356,https://github.com/heyns1000/omnigrid/blob/main/contracts/QuantumFidelityOracle.sol
contracts/README.md,1178,ff9b157b6d3a6d11e14c499a5bf42212ccd43d2d,https://github.com/heyns1000/omnigrid/blob/main/contracts/README.md
contracts/ethereum/QuantumOracle.sol,4979,cd65cf0f49e303551dedd7454c75e61234eda113,https://github.com/heyns1000/omnigrid/blob/main/contracts/ethereum/QuantumOracle.sol
contracts/solana/quantum_oracle.rs,4731,d7cec3a1d44a673f5cfda804daa64cbede765b19,https://github.com/heyns1000/omnigrid/blob/main/contracts/solana/quantum_oracle.rs
conversation_analyzer.py,11490,44778d4d2d2e9eb3ef66ab3db8b60d930fbacc7c,https://github.com/heyns1000/omnigrid/blob/main/conversation_analyzer.py
cross_vault_trust.py,14095,3cd30ebf0494027631f254010e62646574314328,https://github.com/heyns1000/omnigrid/blob/main/cross_vault_trust.py
docs/9_SECOND_PULSE_DESIGN.md,8385,7e3c5a97938e1800ddbb7cbb83bd45d25607e9b6,https://github.com/heyns1000/omnigrid/blob/main/docs/9_SECOND_PULSE_DESIGN.md
docs/ADR-01-eho-algorithm.md,14908,7b0e9272074834025e903893c2f05d68453fc8e2,https://github.com/heyns1000/omnigrid/blob/main/docs/ADR-01-eho-algorithm.md
docs/AUTO-APPROVE-PAT-SETUP.md,3667,f485067cd9636c4ee6608c35febbda8cc0842f50,https://github.com/heyns1000/omnigrid/blob/main/docs/AUTO-APPROVE-PAT-SETUP.md
docs/AUTO-MERGE-SETUP.md,10088,da5bc17e12146e30c9aa7057bca394c95b7ecae3,https://github.com/heyns1000/omnigrid/blob/main/docs/AUTO-MERGE-SETUP.md
docs/AUTOMATION-ENHANCEMENTS.md,7343,ea33aacd86e5f725b95a111f9032cea7bace6289,https://github.com/heyns1000/omnigrid/blob/main/docs/AUTOMATION-ENHANCEMENTS.md
docs/CI-CD-SYNC-GUIDE.md,11378,9e8f11b50876793a30e4501d1dbb7dc593cef474,https://github.com/heyns1000/omnigrid/blob/main/docs/CI-CD-SYNC-GUIDE.md
docs/CI-OPTIMIZATION.md,10490,211dddce2ca8e283206c79350d93ca7e6d10512a,https://github.com/heyns1000/omnigrid/blob/main/docs/CI-OPTIMIZATION.md
docs/CODENEST-INTEGRATION-ROADMAP.md,10239,644ab00c17b1a67bccd35a4405e9987ae24bd9c0,https://github.com/heyns1000/omnigrid/blob/main/docs/CODENEST-INTEGRATION-ROADMAP.md
docs/DATA_REQUEST_SYSTEM.md,8905,77041bb7f8c455eb105deee3af366e4037bb1ff4,https://github.com/heyns1000/omnigrid/blob/main/docs/DATA_REQUEST_SYSTEM.md
docs/ECOSYSTEM-AUDIT-COMPLETE.md,13635,c949ef6cfc381b9059a21c0abeff0a02df960f43,https://github.com/heyns1000/omnigrid/blob/main/docs/ECOSYSTEM-AUDIT-COMPLETE.md
docs/ETERNAL_EVOLUTION.md,11801,c300d673afe84935092abcca3aafd4b4567e1519,https://github.com/heyns1000/omnigrid/blob/main/docs/ETERNAL_EVOLUTION.md
docs/FRUITFULPLANETCHANGE-PR69-STATUS.md,10758,f932800d8c39ec9363bb1b566baf8f36b97a9521,https://github.com/heyns1000/omnigrid/blob/main/docs/FRUITFULPLANETCHANGE-PR69-STATUS.md
docs/GIT_BRANCHING_STRATEGY.md,6830,56f997a78fd92922fd0b8ade211b2cf6d7a461e5,https://github.com/heyns1000/omnigrid/blob/main/docs/GIT_BRANCHING_STRATEGY.md
docs/GROK_ALIGNMENT.md,7770,74a332f561433e101af2249723874ee360235e99,https://github.com/heyns1000/omnigrid/blob/main/docs/GROK_ALIGNMENT.md
docs/PHASE38_API.md,9264,5895203be8d60c7e879c0be205c16bb050789689,https://github.com/heyns1000/omnigrid/blob/main/docs/PHASE38_API.md
docs/PHASE38_BLUEPRINT.md,17273,010cc4f5737143758f2cf0bc6dc28cc469113e3d,https://github.com/heyns1000/omnigrid/blob/main/docs/PHASE38_BLUEPRINT.md
docs/PHASE38_DEPLOYMENT.md,9434,8fa77ffcc9c8205e4195715c60c3bb82dd67c626,https://github.com/heyns1000/omnigrid/blob/main/docs/PHASE38_DEPLOYMENT.md
docs/PHASE_37_IMPLEMENTATION.md,15051,5138ff0d31615d9e4103bb32ab05368e675b025e,https://github.com/heyns1000/omnigrid/blob/main/docs/PHASE_37_IMPLEMENTATION.md
docs/PHASE_37_QUICKSTART.md,2817,2555210e6a9777de9824eaea49d2bf964eeae7f4,https://github.com/heyns1000/omnigrid/blob/main/docs/PHASE_37_QUICKSTART.md
docs/PHASE_37_SUMMARY.md,6660,933bd83443078de62d35b3c58ceccfd9cd7a3d86,https://github.com/heyns1000/omnigrid/blob/main/docs/PHASE_37_SUMMARY.md
docs/PR35-IMPLEMENTATION-SUMMARY.md,9023,aa9ef725b38ac36543ebf69e6f33694d7ca028cc,https://github.com/heyns1000/omnigrid/blob/main/docs/PR35-IMPLEMENTATION-SUMMARY.md
docs/PR48-ECOSYSTEM-SYNC.md,9310,1ada1f948706c2a67a132ecaa7dcc23df3326c4b,https://github.com/heyns1000/omnigrid/blob/main/docs/PR48-ECOSYSTEM-SYNC.md
docs/PRIORITY-SYNC-STRATEGY.md,11786,6301fc32cccc53647dec1df21d903492f7d09f42,https://github.com/heyns1000/omnigrid/blob/main/docs/PRIORITY-SYNC-STRATEGY.md
docs/RHINO_STRIKE_PROTOCOL.md,9906,a54b9c2ff3e72489fe631cdaecd0228d11837754,https://github.com/heyns1000/omnigrid/blob/main/docs/RHINO_STRIKE_PROTOCOL.md
docs/assets/fruitful-banner.png,255267,33b5989db2ae488ea96a87781b6081dc4041886e,https://github.com/heyns1000/omnigrid/blob/main/docs/assets/fruitful-banner.png
docs/eho-quickstart.md,8598,e6769e4728419ca188de8d3b5bec6a6d898d9d4d,https://github.com/heyns1000/omnigrid/blob/main/docs/eho-quickstart.md
docs/oracles/MULTI_CHAIN_ORACLES.md,7718,cc5c6c5149133eb17a6efd3fdd562b44bba4a53f,https://github.com/heyns1000/omnigrid/blob/main/docs/oracles/MULTI_CHAIN_ORACLES.md
ecosystem_config.yaml,4019,aa32def3af81caa0bcfca981352f71d969b353d2,https://github.com/heyns1000/omnigrid/blob/main/ecosystem_config.yaml
ecosystem_propagation_report.json,14666,99c8f24d3f8c7ad98d25a115ffb4c179abd722d2,https://github.com/heyns1000/omnigrid/blob/main/ecosystem_propagation_report.json
ecosystem_status.py,6299,49585f0bd479ed1736a891bf8fc981ed46118081,https://github.com/heyns1000/omnigrid/blob/main/ecosystem_status.py
ecosystem_sync.sh,12071,c80810dee9d68a339eed65adc563877dc19751d1,https://github.com/heyns1000/omnigrid/blob/main/ecosystem_sync.sh
ecosystem_sync_report.md,1019,fc749c6b3b7cff779821911c8989fcdf8cbd1cd4,https://github.com/heyns1000/omnigrid/blob/main/ecosystem_sync_report.md
ecosystem_sync_status.json,224,bb4c4c33d2baf037f60767b6112613e99334d514,https://github.com/heyns1000/omnigrid/blob/main/ecosystem_sync_status.json
elder_wisdom.py,8197,06a6b3390c2681d39ab5269ad82f96d37531bcd6,https://github.com/heyns1000/omnigrid/blob/main/elder_wisdom.py
examples/eho-basic-query.py,4303,98287f15f0b99ba8b24a8d65b892d8430e5d23b3,https://github.com/heyns1000/omnigrid/blob/main/examples/eho-basic-query.py
examples/eho-pqc-signatures.ts,7825,c9930a3dd6331a5299eae9d5968152434bb40842,https://github.com/heyns1000/omnigrid/blob/main/examples/eho-pqc-signatures.ts
examples/phase38_integration_examples.py,6335,1381aa6a13b8d409016dbe573e8ef3cd008d4dad,https://github.com/heyns1000/omnigrid/blob/main/examples/phase38_integration_examples.py
fruitful-global-deployment/.config/.semgrep/semgrep_rules.json,1703895,8aebf37528b77d1285ab418e5d4d1d0c3f055087,https://github.com/heyns1000/omnigrid/blob/main/fruitful-global-deployment/.config/.semgrep/semgrep_rules.json
fruitful-global-deployment/.editorconfig,251,871cc4a14beb181551c47aab841de71352dea227,https://github.com/heyns1000/omnigrid/blob/main/fruitful-global-deployment/.editorconfig
fruitful-global-deployment/.env.example,1168,891dc79f40a7cf5c5688bd9ffa660b0aea64e52d,https://github.com/heyns1000/omnigrid/blob/main/fruitful-global-deployment/.env.example
fruitful-global-deployment/.eslintrc,707,db579687fd143708564a8032321bb9a2bc83f643,https://github.com/heyns1000/omnigrid/blob/main/fruitful-global-deployment/.eslintrc
fruitful-global-deployment/.github/README.md,12346,098d2c6407a57de58f21a961a1717883813b2183,https://github.com/heyns1000/omnigrid/blob/main/fruitful-global-deployment/.github/README.md
fruitful-global-deployment/.github/TOKEN_SETUP.md,3624,2b1e1bb88fd8af8974ba138183ae2643a29c12a4,https://github.com/heyns1000/omnigrid/blob/main/fruitful-global-deployment/.github/TOKEN_SETUP.md
fruitful-global-deployment/.github/copilot-instructions.md,17333,12ddf89cabf86bb44b131209aa036128dd6dd7b1,https://github.com/heyns1000/omnigrid/blob/main/fruitful-global-deployment/.github/copilot-instructions.md
fruitful-global-deployment/.github/ecosystem-config.json,4709,432794a4a54bdb60cad578df153f2b14f14aa82c,https://github.com/heyns1000/omnigrid/blob/main/fruitful-global-deployment/.github/ecosystem-config.json
fruitful-global-deployment/.github/sync-config.yml,2126,0236fced4314ee79f1104f24123316c9b297fa7a,https://github.com/heyns1000/omnigrid/blob/main/fruitful-global-deployment/.github/sync-config.yml
fruitful-global-deployment/.github/workflows/bidirectional-sync.yml,21956,0bb919495a9ee363a9b714b2e437712ce3db0587,https://github.com/heyns1000/omnigrid/blob/main/fruitful-global-deployment/.github/workflows/bidirectional-sync.yml
fruitful-global-deployment/.github/workflows/branch-lifecycle.yml,16744,d606b7750fc44422a7094e3eb89bdb3ea8ca2cc7,https://github.com/heyns1000/omnigrid/blob/main/fruitful-global-deployment/.github/workflows/branch-lifecycle.yml
fruitful-global-deployment/.github/workflows/ci.yml,8021,cfe20ad5928f07942e1122043c9469e144e7f3ea,https://github.com/heyns1000/omnigrid/blob/main/fruitful-global-deployment/.github/workflows/ci.yml
fruitful-global-deployment/.github/workflows/codeql-analysis.yml,843,7b8af0f450d9abcef4b87574749d74541e6d35b1,https://github.com/heyns1000/omnigrid/blob/main/fruitful-global-deployment/.github/workflows/codeql-analysis.yml
fruitful-global-deployment/.github/workflows/cross-repo-sync.yml,22894,954a298f1eb8d978da2f23a8b4268d9cef5c4a0a,https://github.com/heyns1000/omnigrid/blob/main/fruitful-global-deployment/.github/workflows/cross-repo-sync.yml
fruitful-global-deployment/.github/workflows/deploy.yml,6298,d80fef073f227353b957773ac2f0d1f4a98b989e,https://github.com/heyns1000/omnigrid/blob/main/fruitful-global-deployment/.github/workflows/deploy.yml
fruitful-global-deployment/.github/workflows/ecosystem-dashboard.yml,19862,5ac7e28c4a99250f81f6c12c9fc610308c4b7c19,https://github.com/heyns1000/omnigrid/blob/main/fruitful-global-deployment/.github/workflows/ecosystem-dashboard.yml
fruitful-global-deployment/.github/workflows/generator-generic-ossf-slsa3-publish.yml,2520,2218e43bae0eb5849bacf3b5c033adc4ec2215a5,https://github.com/heyns1000/omnigrid/blob/main/fruitful-global-deployment/.github/workflows/generator-generic-ossf-slsa3-publish.yml
fruitful-global-deployment/.github/workflows/gorilla-mountain-fox-protocol.yml,10009,db15bcfb341637e27d8af19cfff93a6c3d768852,https://github.com/heyns1000/omnigrid/blob/main/fruitful-global-deployment/.github/workflows/gorilla-mountain-fox-protocol.yml
fruitful-global-deployment/.github/workflows/jekyll-docker.yml,564,936e111191443e245f5b3befccc5a587b1e94b5c,https://github.com/heyns1000/omnigrid/blob/main/fruitful-global-deployment/.github/workflows/jekyll-docker.yml
fruitful-global-deployment/.github/workflows/keep-branches-ahead.yml,21518,611528c629ebe36b7eaabb6e042eda206137a24a,https://github.com/heyns1000/omnigrid/blob/main/fruitful-global-deployment/.github/workflows/keep-branches-ahead.yml
fruitful-global-deployment/.github/workflows/validate-workflows.yml,1733,50ee1fdc1faf3b4659976bf8392cc395847b7187,https://github.com/heyns1000/omnigrid/blob/main/fruitful-global-deployment/.github/workflows/validate-workflows.yml
fruitful-global-deployment/.github/workflows/webpack.yml,716,d898025e83ffa53c157430ddf21c735a0b2f6e38,https://github.com/heyns1000/omnigrid/blob/main/fruitful-global-deployment/.github/workflows/webpack.yml
fruitful-global-deployment/.gitignore,667,fe2b64c170baa746df22428b16880bf978e1b0c0,https://github.com/heyns1000/omnigrid/blob/main/fruitful-global-deployment/.gitignore
fruitful-global-deployment/.prettierignore,166,fef0c18b0d41b3e8d52bc9e790cb44a39adc0677,https://github.com/heyns1000/omnigrid/blob/main/fruitful-global-deployment/.prettierignore
fruitful-global-deployment/.prettierrc,174,32a23973213e8b2bc02944510564729dcda6ecad,https://github.com/heyns1000/omnigrid/blob/main/fruitful-global-deployment/.prettierrc
fruitful-global-deployment/.replit,906,601a393becf751b6ff45f7a06b51f3ac5101aae4,https://github.com/heyns1000/omnigrid/blob/main/fruitful-global-deployment/.replit
fruitful-global-deployment/.vercelignore,895,b9c72b53d0ad4416c7a7697f3a86f6c8d37de8f4,https://github.com/heyns1000/omnigrid/blob/main/fruitful-global-deployment/.vercelignore
fruitful-global-deployment/ARCHITECTURE.md,11494,fed1b429b1aaa94f38452eaa5761d4f69b8ca039,https://github.com/heyns1000/omnigrid/blob/main/fruitful-global-deployment/ARCHITECTURE.md
fruitful-global-deployment/BUILD_SECURITY_AUDIT_REPORT.md,8224,62cfccd4e2fcb2c677e7b603a081f57bb3675dac,https://github.com/heyns1000/omnigrid/blob/main/fruitful-global-deployment/BUILD_SECURITY_AUDIT_REPORT.md
fruitful-global-deployment/Banimal_Loop_Checkout.html,78724,11ded543bfe5131a379188066390ea1452acafaf,https://github.com/heyns1000/omnigrid/blob/main/fruitful-global-deployment/Banimal_Loop_Checkout.html
fruitful-global-deployment/DASHBOARD_ROUTES_VISUALIZATION.html,23449,d3db28616bdf939e2ca12a555d270780644c260f,https://github.com/heyns1000/omnigrid/blob/main/fruitful-global-deployment/DASHBOARD_ROUTES_VISUALIZATION.html
fruitful-global-deployment/Dockerfile,1076,108214f2821955f1a755f34442eda833ac0b4fb1,https://github.com/heyns1000/omnigrid/blob/main/fruitful-global-deployment/Dockerfile
fruitful-global-deployment/ECOSYSTEM_PULSE_IMPLEMENTATION.md,16582,36f94b40176d1c25494e4b222e1365cdfc02ebd7,https://github.com/heyns1000/omnigrid/blob/main/fruitful-global-deployment/ECOSYSTEM_PULSE_IMPLEMENTATION.md
fruitful-global-deployment/FAA_ACTUARY_MASTERY_IMPLEMENTATION.md,5934,b1576b9049aaa6e2822cfff51d76a6934f716c9c,https://github.com/heyns1000/omnigrid/blob/main/fruitful-global-deployment/FAA_ACTUARY_MASTERY_IMPLEMENTATION.md
fruitful-global-deployment/FAA_SEEDWAVE_FULL_PACKAGE_ENUMERATION.md,21794,751d4744f535943e309514e032892d6d16c58f1e,https://github.com/heyns1000/omnigrid/blob/main/fruitful-global-deployment/FAA_SEEDWAVE_FULL_PACKAGE_ENUMERATION.md
fruitful-global-deployment/FINAL_DELIVERY_SUMMARY.md,7361,3d8bc17f237b4b1f821497252b615f0f7bb26df9,https://github.com/heyns1000/omnigrid/blob/main/fruitful-global-deployment/FINAL_DELIVERY_SUMMARY.md
fruitful-global-deployment/FRUITFUL_FULLSTACK_AUDIT.md,13895,1d4820fb270af8f5217bdf3f04c49dca7554f54f,https://github.com/heyns1000/omnigrid/blob/main/fruitful-global-deployment/FRUITFUL_FULLSTACK_AUDIT.md
fruitful-global-deployment/FRUITFUL_MARKETPLACE_AGENT_PROMPT.md,12368,047da2dbb748d86f6899046061703a631811ae1f,https://github.com/heyns1000/omnigrid/blob/main/fruitful-global-deployment/FRUITFUL_MARKETPLACE_AGENT_PROMPT.md
fruitful-global-deployment/Foxed_has_mobiles.MD,1998261,f80950255c5016e06d2635bb617800269c9d5b4e,https://github.com/heyns1000/omnigrid/blob/main/fruitful-global-deployment/Foxed_has_mobiles.MD
fruitful-global-deployment/GORILLA_PROTOCOL_IMPLEMENTATION.md,8070,b822261df628acae562419015c16b4b97b6a14fc,https://github.com/heyns1000/omnigrid/blob/main/fruitful-global-deployment/GORILLA_PROTOCOL_IMPLEMENTATION.md
fruitful-global-deployment/HSOMNI9000_ICON_MATRIX.html,29504,a5f34488fc7cd9abd12ca374cad4c511d1eba626,https://github.com/heyns1000/omnigrid/blob/main/fruitful-global-deployment/HSOMNI9000_ICON_MATRIX.html
fruitful-global-deployment/IMPLEMENTATION-COMPLETE.md,17397,a4f2b2897e456c7b3b522b74b92bb2be1e19c557,https://github.com/heyns1000/omnigrid/blob/main/fruitful-global-deployment/IMPLEMENTATION-COMPLETE.md
fruitful-global-deployment/IMPLEMENTATION_SUMMARY.md,11375,1760810161f1a08e3cb469df4e886ee2d041a482,https://github.com/heyns1000/omnigrid/blob/main/fruitful-global-deployment/IMPLEMENTATION_SUMMARY.md
fruitful-global-deployment/INTEGRATION_SUMMARY.md,9508,74441a2379ead2a53ab8de7114e2a3a9eb62e772,https://github.com/heyns1000/omnigrid/blob/main/fruitful-global-deployment/INTEGRATION_SUMMARY.md
fruitful-global-deployment/INTERACTIVE_SECTOR_MAPPING_SYSTEM.md,8006,25f63049be907fb29a397d3b56bf7b2d5f0adc56,https://github.com/heyns1000/omnigrid/blob/main/fruitful-global-deployment/INTERACTIVE_SECTOR_MAPPING_SYSTEM.md
fruitful-global-deployment/Instructions.md,18007,a61157773c8b079292ffa4f781a5a47a2d23a2eb,https://github.com/heyns1000/omnigrid/blob/main/fruitful-global-deployment/Instructions.md
fruitful-global-deployment/LIBRARY_PYRAMID_STRUCTURE.md,8516,37112c89911c7d8a1dcb7ccd5c0a567fe4415bbb,https://github.com/heyns1000/omnigrid/blob/main/fruitful-global-deployment/LIBRARY_PYRAMID_STRUCTURE.md
fruitful-global-deployment/MARKETPLACE_IMPLEMENTATION.md,8357,67e3d90aab461f8bec34824fb2c416a874549392,https://github.com/heyns1000/omnigrid/blob/main/fruitful-global-deployment/MARKETPLACE_IMPLEMENTATION.md
fruitful-global-deployment/MARKETPLACE_TESTING_GUIDE.md,9392,92210f311c76e18a9de9bbcbd546bc877a419cce,https://github.com/heyns1000/omnigrid/blob/main/fruitful-global-deployment/MARKETPLACE_TESTING_GUIDE.md
fruitful-global-deployment/PHASE_1_IMPLEMENTATION.md,9855,c1e5d4cf86c72eaa1494ed085e30b8215064f5f7,https://github.com/heyns1000/omnigrid/blob/main/fruitful-global-deployment/PHASE_1_IMPLEMENTATION.md
fruitful-global-deployment/PHASE_1_VERIFICATION.md,8655,f0c85b7fa17f9a2a08a886a725ffae7a6b44e9ba,https://github.com/heyns1000/omnigrid/blob/main/fruitful-global-deployment/PHASE_1_VERIFICATION.md
fruitful-global-deployment/PHASE_3_FUTURE_IMPROVEMENTS.md,3411,111f1c840a76444d343807f812257441baab60b8,https://github.com/heyns1000/omnigrid/blob/main/fruitful-global-deployment/PHASE_3_FUTURE_IMPROVEMENTS.md
fruitful-global-deployment/PHASE_3_SUMMARY.md,7592,947604b77baeefe9b2b29edf3c8ab571ce8738ca,https://github.com/heyns1000/omnigrid/blob/main/fruitful-global-deployment/PHASE_3_SUMMARY.md
fruitful-global-deployment/PHASE_3_VERIFICATION.md,15725,1775e1cb12f1762183d2be92c2548d3664ca6eae,https://github.com/heyns1000/omnigrid/blob/main/fruitful-global-deployment/PHASE_3_VERIFICATION.md
fruitful-global-deployment/README.md,11146,7250e173555d2db392c6a99b827019c413171086,https://github.com/heyns1000/omnigrid/blob/main/fruitful-global-deployment/README.md
fruitful-global-deployment/SAMFOX_ACKNOWLEDGEMENT.md,18452,01b61db76042494ae1cb388ff4290b487cb41727,https://github.com/heyns1000/omnigrid/blob/main/fruitful-global-deployment/SAMFOX_ACKNOWLEDGEMENT.md
fruitful-global-deployment/SAMFOX_ECOSYSTEM_COMPLETE.md,51194,e173d0a5e34a48fe7645b5a3468ec81d68dc8bbb,https://github.com/heyns1000/omnigrid/blob/main/fruitful-global-deployment/SAMFOX_ECOSYSTEM_COMPLETE.md
fruitful-global-deployment/SECTOR_MAPPING_HOOKS_DOCUMENTATION.md,11282,fab345b1568a0bc091810a90442db78e62eea45d,https://github.com/heyns1000/omnigrid/blob/main/fruitful-global-deployment/SECTOR_MAPPING_HOOKS_DOCUMENTATION.md
fruitful-global-deployment/TREE_WIDGET_README.md,6933,91a002b48099fe3a725bde9c9c84c95e0c9ef4dc,https://github.com/heyns1000/omnigrid/blob/main/fruitful-global-deployment/TREE_WIDGET_README.md
fruitful-global-deployment/VERCEL_DEPLOYMENT_GUIDE.md,6183,a8c8d7e79493173ee88b4c82f2f60178badf5f63,https://github.com/heyns1000/omnigrid/blob/main/fruitful-global-deployment/VERCEL_DEPLOYMENT_GUIDE.md
fruitful-global-deployment/VERCEL_FIX_SUMMARY.md,5760,fb4b4b82708ee3447fad8c451b66e899123add37,https://github.com/heyns1000/omnigrid/blob/main/fruitful-global-deployment/VERCEL_FIX_SUMMARY.md
fruitful-global-deployment/VIP_RESEARCH_DEEP_VAULT_DETECTION_COMPLETE.md,14304,2bceb1bc8150e85505a4800918bdcf34a8a4f680,https://github.com/heyns1000/omnigrid/blob/main/fruitful-global-deployment/VIP_RESEARCH_DEEP_VAULT_DETECTION_COMPLETE.md
fruitful-global-deployment/_redirects,19,7797f7c6a7356b0d451d11a49925df854c22e978,https://github.com/heyns1000/omnigrid/blob/main/fruitful-global-deployment/_redirects
fruitful-global-deployment/attached_assets/#L01f9e0 Affirmative_1753055992603.docx,10765163,8d7a320aa0f8d63bd067a7651108686f49c88942,https://github.com/heyns1000/omnigrid/blob/main/fruitful-global-deployment/attached_assets/#L01f9e0 Affirmative_1753055992603.docx
fruitful-global-deployment/attached_assets/1st_eye_1753263376706.png,1240018,adfa7eb82b6734b528e2c397da1e96822dc5d70b,https://github.com/heyns1000/omnigrid/blob/main/fruitful-global-deployment/attached_assets/1st_eye_1753263376706.png
fruitful-global-deployment/attached_assets/360_F_484003012_cZQBESXIS3Yr7KAL03iR9VxDTACrEGGs_1753263181129.jpg,8152,e7d99200996edf03c255e5237921456cb6081aa2,https://github.com/heyns1000/omnigrid/blob/main/fruitful-global-deployment/attached_assets/360_F_484003012_cZQBESXIS3Yr7KAL03iR9VxDTACrEGGs_1753263181129.jpg
fruitful-global-deployment/attached_assets/3_1753260859823.png,3015385,92643685f4707988cdda09c02e991bb1d2bd45a4,https://github.com/heyns1000/omnigrid/blob/main/fruitful-global-deployment/attached_assets/3_1753260859823.png
fruitful-global-deployment/attached_assets/Banimal_1753055992604.png,1158922,e8ae404c85a7ee088cbb7f9722a0795eaed13b52,https://github.com/heyns1000/omnigrid/blob/main/fruitful-global-deployment/attached_assets/Banimal_1753055992604.png
fruitful-global-deployment/attached_assets/Banimal_Soft_toys_BIG_1753055992606.pdf,122185,f71e22aaba6a6d6bd28826c3a2f2cb64e5aceca5,https://github.com/heyns1000/omnigrid/blob/main/fruitful-global-deployment/attached_assets/Banimal_Soft_toys_BIG_1753055992606.pdf
fruitful-global-deployment/attached_assets/Banimal_Up Banner_1m x 1m copy_1753055992605.pdf,173361,24753e78b718214f6e171019f2c3619993f0f3ed,https://github.com/heyns1000/omnigrid/blob/main/fruitful-global-deployment/attached_assets/Banimal_Up Banner_1m x 1m copy_1753055992605.pdf
fruitful-global-deployment/attached_assets/Banimal_company_profile_1753055515069.pdf,1054472,5ea088875951057304e3d17c9244d52826064f2b,https://github.com/heyns1000/omnigrid/blob/main/fruitful-global-deployment/attached_assets/Banimal_company_profile_1753055515069.pdf
fruitful-global-deployment/attached_assets/Banimal_uk_footer-02_1753055992605.jpg,1234303,e43e56a2b6559aacb01eae76a19384b138afc2f5,https://github.com/heyns1000/omnigrid/blob/main/fruitful-global-deployment/attached_assets/Banimal_uk_footer-02_1753055992605.jpg
fruitful-global-deployment/attached_assets/Banimal_vinyl_v02_1753055992605.pdf,888644,28f001caa0caccafb4cb580250e267dd50c55f43,https://github.com/heyns1000/omnigrid/blob/main/fruitful-global-deployment/attached_assets/Banimal_vinyl_v02_1753055992605.pdf
fruitful-global-deployment/attached_assets/Banimal_web_banners-01_1753055992606.png,653363,0f44864c65775360c29aac0a9bea2061e7d85e3e,https://github.com/heyns1000/omnigrid/blob/main/fruitful-global-deployment/attached_assets/Banimal_web_banners-01_1753055992606.png
fruitful-global-deployment/attached_assets/Banimal_womansday_1753055992604.psd,10992579,53833bdfbb91cbcfb4b63987cfa87d315e892c1f,https://github.com/heyns1000/omnigrid/blob/main/fruitful-global-deployment/attached_assets/Banimal_womansday_1753055992604.psd
fruitful-global-deployment/attached_assets/Baobab_Security_Network_Video_Ready (3)_1753207194746.mp4,2532259,63357fc52e195c2335b70ff9cf9d9b8e4314033f,https://github.com/heyns1000/omnigrid/blob/main/fruitful-global-deployment/attached_assets/Baobab_Security_Network_Video_Ready (3)_1753207194746.mp4
fruitful-global-deployment/attached_assets/Bearly_1753263153856.psd,96825976,8188849bbffd1d83d968e40b0ae405e824271e53,https://github.com/heyns1000/omnigrid/blob/main/fruitful-global-deployment/attached_assets/Bearly_1753263153856.psd
fruitful-global-deployment/attached_assets/CNAME_1753207194747,15,37e61c3b5a034251b85b093870dda51e57de9900,https://github.com/heyns1000/omnigrid/blob/main/fruitful-global-deployment/attached_assets/CNAME_1753207194747
fruitful-global-deployment/attached_assets/Change 2_1757040152707.docx,68664858,c1471bfd6e1e08774b541b5c0ac5ccd9ebbe6a96,https://github.com/heyns1000/omnigrid/blob/main/fruitful-global-deployment/attached_assets/Change 2_1757040152707.docx
fruitful-global-deployment/attached_assets/Change_1753063971221.docx,51004018,30d3e10e9b601f2956e38af0fd8a07870e558e9d,https://github.com/heyns1000/omnigrid/blob/main/fruitful-global-deployment/attached_assets/Change_1753063971221.docx
fruitful-global-deployment/attached_assets/Chief_02_1753263376705.png,183488,0c2e42716261f75205144feefffd3b3d46910ab4,https://github.com/heyns1000/omnigrid/blob/main/fruitful-global-deployment/attached_assets/Chief_02_1753263376705.png
fruitful-global-deployment/attached_assets/Claimroot Seed Scroll_1756925216125.pdf,61296,2a32d3631d2b93d3dc92f2dc76218600c6b51ea6,https://github.com/heyns1000/omnigrid/blob/main/fruitful-global-deployment/attached_assets/Claimroot Seed Scroll_1756925216125.pdf
fruitful-global-deployment/attached_assets/Claimroot Seed Scroll_1756925216126.docx,12078,63f83e048d3cdd0794541e0ce6823ccd8e59524a,https://github.com/heyns1000/omnigrid/blob/main/fruitful-global-deployment/attached_assets/Claimroot Seed Scroll_1756925216126.docx
fruitful-global-deployment/attached_assets/Drip_1753263376705.png,348627,7eb629b7d27b1f2af26a4c141a3e7097ac1817ce,https://github.com/heyns1000/omnigrid/blob/main/fruitful-global-deployment/attached_assets/Drip_1753263376705.png
fruitful-global-deployment/attached_assets/FAA Quantum Nexus_1753063073243.pdf,2061707,dda6916e776261c7a63bb0d3215649de54c12c47,https://github.com/heyns1000/omnigrid/blob/main/fruitful-global-deployment/attached_assets/FAA Quantum Nexus_1753063073243.pdf
fruitful-global-deployment/attached_assets/FAA_BuildNest_Careers_Mockups.zip,35660,37c73b0ed92545e28dbfdd14abc05a7ed64b8b6f,https://github.com/heyns1000/omnigrid/blob/main/fruitful-global-deployment/attached_assets/FAA_BuildNest_Careers_Mockups.zip
fruitful-global-deployment/attached_assets/FAA_Master_Index_Snapshot_1757041342665.pdf,3328,a8e74cb28908fd95612e403f37c77d0cc6dc576f,https://github.com/heyns1000/omnigrid/blob/main/fruitful-global-deployment/attached_assets/FAA_Master_Index_Snapshot_1757041342665.pdf
fruitful-global-deployment/attached_assets/FRUITFUL_King_Price_1753039275980.pdf,13641442,46df73a6edb7ebfea7067d5c761dab5d79e35798,https://github.com/heyns1000/omnigrid/blob/main/fruitful-global-deployment/attached_assets/FRUITFUL_King_Price_1753039275980.pdf
fruitful-global-deployment/attached_assets/HSOMNI_OMNI_SIGN_1757042455968.png,2761198,c25b04ec8213032c60c846d495948b92d19bf3c6,https://github.com/heyns1000/omnigrid/blob/main/fruitful-global-deployment/attached_assets/HSOMNI_OMNI_SIGN_1757042455968.png
fruitful-global-deployment/attached_assets/IMG_0089_1757042410435.png,673172,56cfdd36b1d04a37c32251b8b6372d08ee674ff3,https://github.com/heyns1000/omnigrid/blob/main/fruitful-global-deployment/attached_assets/IMG_0089_1757042410435.png
fruitful-global-deployment/attached_assets/IMG_6384_1753038778722.png,307066,b0b4d91d99dbc13a2aca365f887494fb05980442,https://github.com/heyns1000/omnigrid/blob/main/fruitful-global-deployment/attached_assets/IMG_6384_1753038778722.png
fruitful-global-deployment/attached_assets/IMG_7441_1755952762536.jpeg,4964135,0b1d633331b7262fbfdf2e80b4d53bf80e1f19c1,https://github.com/heyns1000/omnigrid/blob/main/fruitful-global-deployment/attached_assets/IMG_7441_1755952762536.jpeg
fruitful-global-deployment/attached_assets/Linkedin_header_1753261659049.png,26837,a3fc34c0ffeb7640b55b15433cef2fc3c88f8da0,https://github.com/heyns1000/omnigrid/blob/main/fruitful-global-deployment/attached_assets/Linkedin_header_1753261659049.png
fruitful-global-deployment/attached_assets/Monster_01_1753263376704.png,886777,08cf4d124d3bf6865e04695d04310034e837c227,https://github.com/heyns1000/omnigrid/blob/main/fruitful-global-deployment/attached_assets/Monster_01_1753263376704.png
fruitful-global-deployment/attached_assets/Nikon_1753263376703.png,1152046,2d19871c8bb2f5bed4eec6cd46f84b7b1961c7a6,https://github.com/heyns1000/omnigrid/blob/main/fruitful-global-deployment/attached_assets/Nikon_1753263376703.png
fruitful-global-deployment/attached_assets/OOG_1753263376701.png,255669,4249e72599872c2d35e5977e640a5779f7213a5f,https://github.com/heyns1000/omnigrid/blob/main/fruitful-global-deployment/attached_assets/OOG_1753263376701.png
fruitful-global-deployment/attached_assets/Omni (3) Cube Vault Master Payroll.html_1757041119666.zip,88575,fd076ede6f6469cda749e293dc4cf3fd65d1da09,https://github.com/heyns1000/omnigrid/blob/main/fruitful-global-deployment/attached_assets/Omni (3) Cube Vault Master Payroll.html_1757041119666.zip
fruitful-global-deployment/attached_assets/Pasted--15-minutes-ago-Based-on-your-request-I-ll-create-a-comprehensive-documentation-explaining-the-sect-1756912521333_1756912521334.txt,14491,faba209216fbc39384257deeedd2eff3f0f2e999,https://github.com/heyns1000/omnigrid/blob/main/fruitful-global-deployment/attached_assets/Pasted--15-minutes-ago-Based-on-your-request-I-ll-create-a-comprehensive-documentation-explaining-the-sect-1756912521333_1756912521334.txt
fruitful-global-deployment/attached_assets/Pasted--DEPLOYMENT-CONFIRMATION-QuantifiedSidebarMenu-ACTIVATION-SCROLL-Your-scroll-has-now-been-seeded-1756908491555_1756908491556.txt,2578,32b07448a43c53b641885609f064cb85ed9fbccb,https://github.com/heyns1000/omnigrid/blob/main/fruitful-global-deployment/attached_assets/Pasted--DEPLOYMENT-CONFIRMATION-QuantifiedSidebarMenu-ACTIVATION-SCROLL-Your-scroll-has-now-been-seeded-1756908491555_1756908491556.txt
fruitful-global-deployment/attached_assets/Pasted--DOCTYPE-html-html-lang-en-class-scroll-smooth-head-meta-charset-UTF-8-meta-n-1753057439772_1753057439774.txt,44867,a711ab1ae4388a98d0b8789d49abbf1490e40de2,https://github.com/heyns1000/omnigrid/blob/main/fruitful-global-deployment/attached_assets/Pasted--DOCTYPE-html-html-lang-en-class-scroll-smooth-head-meta-charset-UTF-8-meta-n-1753057439772_1753057439774.txt
fruitful-global-deployment/attached_assets/Pasted--DOCTYPE-html-html-lang-en-head-meta-charset-UTF-8-meta-name-viewport-cont-1753208683071_1753208683074.txt,232938,7e348ac30c4d711b33119e7a116116d4ff86419d,https://github.com/heyns1000/omnigrid/blob/main/fruitful-global-deployment/attached_assets/Pasted--DOCTYPE-html-html-lang-en-head-meta-charset-UTF-8-meta-name-viewport-cont-1753208683071_1753208683074.txt
fruitful-global-deployment/attached_assets/Pasted--DOCTYPE-html-html-lang-en-head-meta-charset-UTF-8-meta-name-viewport-cont-1753209217715_1753209217718.txt,232938,7e348ac30c4d711b33119e7a116116d4ff86419d,https://github.com/heyns1000/omnigrid/blob/main/fruitful-global-deployment/attached_assets/Pasted--DOCTYPE-html-html-lang-en-head-meta-charset-UTF-8-meta-name-viewport-cont-1753209217715_1753209217718.txt
fruitful-global-deployment/attached_assets/Pasted--DOCTYPE-html-html-lang-en-head-meta-charset-UTF-8-meta-name-viewport-cont-1753209242301_1753209242304.txt,232938,7e348ac30c4d711b33119e7a116116d4ff86419d,https://github.com/heyns1000/omnigrid/blob/main/fruitful-global-deployment/attached_assets/Pasted--DOCTYPE-html-html-lang-en-head-meta-charset-UTF-8-meta-name-viewport-cont-1753209242301_1753209242304.txt
fruitful-global-deployment/attached_assets/Pasted--DOCTYPE-html-html-lang-en-head-meta-charset-UTF-8-meta-name-viewport-cont-1753209575031_1753209575034.txt,232938,7e348ac30c4d711b33119e7a116116d4ff86419d,https://github.com/heyns1000/omnigrid/blob/main/fruitful-global-deployment/attached_assets/Pasted--DOCTYPE-html-html-lang-en-head-meta-charset-UTF-8-meta-name-viewport-cont-1753209575031_1753209575034.txt
fruitful-global-deployment/attached_assets/Pasted--DOCTYPE-html-html-lang-en-head-meta-charset-UTF-8-meta-name-viewport-cont-1753210020267_1753210020270.txt,232938,7e348ac30c4d711b33119e7a116116d4ff86419d,https://github.com/heyns1000/omnigrid/blob/main/fruitful-global-deployment/attached_assets/Pasted--DOCTYPE-html-html-lang-en-head-meta-charset-UTF-8-meta-name-viewport-cont-1753210020267_1753210020270.txt
fruitful-global-deployment/attached_assets/Pasted--DOCTYPE-html-html-lang-en-head-meta-charset-UTF-8-meta-name-viewport-cont-1753211227833_1753211227836.txt,232938,7e348ac30c4d711b33119e7a116116d4ff86419d,https://github.com/heyns1000/omnigrid/blob/main/fruitful-global-deployment/attached_assets/Pasted--DOCTYPE-html-html-lang-en-head-meta-charset-UTF-8-meta-name-viewport-cont-1753211227833_1753211227836.txt
fruitful-global-deployment/attached_assets/Pasted--DOCTYPE-html-html-lang-en-head-meta-charset-UTF-8-meta-name-viewport-cont-1753212730471_1753212730473.txt,232938,7e348ac30c4d711b33119e7a116116d4ff86419d,https://github.com/heyns1000/omnigrid/blob/main/fruitful-global-deployment/attached_assets/Pasted--DOCTYPE-html-html-lang-en-head-meta-charset-UTF-8-meta-name-viewport-cont-1753212730471_1753212730473.txt
fruitful-global-deployment/attached_assets/Pasted--DOCTYPE-html-html-lang-en-head-meta-charset-UTF-8-meta-name-viewport-cont-1753213588124_1753213588127.txt,232938,7e348ac30c4d711b33119e7a116116d4ff86419d,https://github.com/heyns1000/omnigrid/blob/main/fruitful-global-deployment/attached_assets/Pasted--DOCTYPE-html-html-lang-en-head-meta-charset-UTF-8-meta-name-viewport-cont-1753213588124_1753213588127.txt
fruitful-global-deployment/attached_assets/Pasted--DOCTYPE-html-html-lang-en-head-meta-charset-UTF-8-meta-name-viewport-conte-1753029355415_1753029355420.txt,238690,2abcae334a73d6f21947fb62ad938203260abbb2,https://github.com/heyns1000/omnigrid/blob/main/fruitful-global-deployment/attached_assets/Pasted--DOCTYPE-html-html-lang-en-head-meta-charset-UTF-8-meta-name-viewport-conte-1753029355415_1753029355420.txt
fruitful-global-deployment/attached_assets/Pasted--DOCTYPE-html-html-lang-en-head-meta-charset-UTF-8-meta-name-viewport-conte-1753036021928_1753036021928.txt,4822,9525fa94cc124de4691b62ffa7818aaee121c25e,https://github.com/heyns1000/omnigrid/blob/main/fruitful-global-deployment/attached_assets/Pasted--DOCTYPE-html-html-lang-en-head-meta-charset-UTF-8-meta-name-viewport-conte-1753036021928_1753036021928.txt
fruitful-global-deployment/attached_assets/Pasted--DOCTYPE-html-html-lang-en-head-meta-charset-UTF-8-meta-name-viewport-conte-1753055770753_1753055770756.txt,234340,21174185b3456a18f3f74ac28e26e1098b7d5b4f,https://github.com/heyns1000/omnigrid/blob/main/fruitful-global-deployment/attached_assets/Pasted--DOCTYPE-html-html-lang-en-head-meta-charset-UTF-8-meta-name-viewport-conte-1753055770753_1753055770756.txt
fruitful-global-deployment/attached_assets/Pasted--DOCTYPE-html-html-lang-en-head-meta-charset-UTF-8-meta-name-viewport-conte-1753056898996_1753056899000.txt,234340,21174185b3456a18f3f74ac28e26e1098b7d5b4f,https://github.com/heyns1000/omnigrid/blob/main/fruitful-global-deployment/attached_assets/Pasted--DOCTYPE-html-html-lang-en-head-meta-charset-UTF-8-meta-name-viewport-conte-1753056898996_1753056899000.txt
fruitful-global-deployment/attached_assets/Pasted--DOCTYPE-html-html-lang-en-head-meta-charset-UTF-8-meta-name-viewport-conten-1753030481480_1753030481489.txt,212695,c68d2ba03fbb9ce7a41e56fd0fe05bbb2ab11fd0,https://github.com/heyns1000/omnigrid/blob/main/fruitful-global-deployment/attached_assets/Pasted--DOCTYPE-html-html-lang-en-head-meta-charset-UTF-8-meta-name-viewport-conten-1753030481480_1753030481489.txt
fruitful-global-deployment/attached_assets/Pasted--DOCTYPE-html-html-lang-en-head-meta-charset-UTF-8-meta-name-viewport-conten-1753031192668_1753031192672.txt,194871,f387eb4886c4727168e8cb342f046a45ecd303ac,https://github.com/heyns1000/omnigrid/blob/main/fruitful-global-deployment/attached_assets/Pasted--DOCTYPE-html-html-lang-en-head-meta-charset-UTF-8-meta-name-viewport-conten-1753031192668_1753031192672.txt
fruitful-global-deployment/attached_assets/Pasted--DOCTYPE-html-html-lang-en-head-meta-charset-UTF-8-meta-name-viewport-conten-1753052234479_1753052234481.txt,143265,d094e46ad73626b69d4f403ca2fab349a5a718c4,https://github.com/heyns1000/omnigrid/blob/main/fruitful-global-deployment/attached_assets/Pasted--DOCTYPE-html-html-lang-en-head-meta-charset-UTF-8-meta-name-viewport-conten-1753052234479_1753052234481.txt
fruitful-global-deployment/attached_assets/Pasted--DOCTYPE-html-html-lang-en-head-meta-charset-UTF-8-meta-name-viewport-conten-1753212083955_1753212083959.txt,212695,c68d2ba03fbb9ce7a41e56fd0fe05bbb2ab11fd0,https://github.com/heyns1000/omnigrid/blob/main/fruitful-global-deployment/attached_assets/Pasted--DOCTYPE-html-html-lang-en-head-meta-charset-UTF-8-meta-name-viewport-conten-1753212083955_1753212083959.txt
fruitful-global-deployment/attached_assets/Pasted--DOCTYPE-html-html-lang-en-head-meta-charset-UTF-8-meta-name-viewport-conten-1753213776121_1753213776123.txt,212695,c68d2ba03fbb9ce7a41e56fd0fe05bbb2ab11fd0,https://github.com/heyns1000/omnigrid/blob/main/fruitful-global-deployment/attached_assets/Pasted--DOCTYPE-html-html-lang-en-head-meta-charset-UTF-8-meta-name-viewport-conten-1753213776121_1753213776123.txt
fruitful-global-deployment/attached_assets/Pasted--DOCTYPE-html-html-lang-en-head-meta-charset-UTF-8-meta-name-viewport-conten-1753215637480_1753215637482.txt,212695,c68d2ba03fbb9ce7a41e56fd0fe05bbb2ab11fd0,https://github.com/heyns1000/omnigrid/blob/main/fruitful-global-deployment/attached_assets/Pasted--DOCTYPE-html-html-lang-en-head-meta-charset-UTF-8-meta-name-viewport-conten-1753215637480_1753215637482.txt
fruitful-global-deployment/attached_assets/Pasted--DOCTYPE-html-html-lang-en-head-meta-charset-UTF-8-meta-name-viewport-conten-1753216127876_1753216127878.txt,212695,c68d2ba03fbb9ce7a41e56fd0fe05bbb2ab11fd0,https://github.com/heyns1000/omnigrid/blob/main/fruitful-global-deployment/attached_assets/Pasted--DOCTYPE-html-html-lang-en-head-meta-charset-UTF-8-meta-name-viewport-conten-1753216127876_1753216127878.txt
fruitful-global-deployment/attached_assets/Pasted--DOCTYPE-html-html-lang-en-head-meta-charset-UTF-8-meta-name-viewport-content-1753031913309_1753031913313.txt,192720,0fb8f0935309f82abff0a920f281713e66e58b6e,https://github.com/heyns1000/omnigrid/blob/main/fruitful-global-deployment/attached_assets/Pasted--DOCTYPE-html-html-lang-en-head-meta-charset-UTF-8-meta-name-viewport-content-1753031913309_1753031913313.txt
fruitful-global-deployment/attached_assets/Pasted--DOCTYPE-html-html-lang-en-head-meta-charset-UTF-8-meta-name-viewport-content-1753032412729_1753032412731.txt,122988,ecaa0ad8f9a418e60ac9069d5b3848427cb88080,https://github.com/heyns1000/omnigrid/blob/main/fruitful-global-deployment/attached_assets/Pasted--DOCTYPE-html-html-lang-en-head-meta-charset-UTF-8-meta-name-viewport-content-1753032412729_1753032412731.txt
fruitful-global-deployment/attached_assets/Pasted--DOCTYPE-html-html-lang-en-head-meta-charset-UTF-8-meta-name-viewport-content-1753032785375_1753032785377.txt,122988,ecaa0ad8f9a418e60ac9069d5b3848427cb88080,https://github.com/heyns1000/omnigrid/blob/main/fruitful-global-deployment/attached_assets/Pasted--DOCTYPE-html-html-lang-en-head-meta-charset-UTF-8-meta-name-viewport-content-1753032785375_1753032785377.txt
fruitful-global-deployment/attached_assets/Pasted--DOCTYPE-html-html-lang-en-head-meta-charset-UTF-8-meta-name-viewport-content-1753032927949_1753032927950.txt,54346,2b43423309fd39cff65412e9c992c1ad8fb37e06,https://github.com/heyns1000/omnigrid/blob/main/fruitful-global-deployment/attached_assets/Pasted--DOCTYPE-html-html-lang-en-head-meta-charset-UTF-8-meta-name-viewport-content-1753032927949_1753032927950.txt
fruitful-global-deployment/attached_assets/Pasted--DOCTYPE-html-html-lang-en-head-meta-charset-UTF-8-meta-name-viewport-content-1753033021137_1753033021138.txt,54346,2b43423309fd39cff65412e9c992c1ad8fb37e06,https://github.com/heyns1000/omnigrid/blob/main/fruitful-global-deployment/attached_assets/Pasted--DOCTYPE-html-html-lang-en-head-meta-charset-UTF-8-meta-name-viewport-content-1753033021137_1753033021138.txt
fruitful-global-deployment/attached_assets/Pasted--DOCTYPE-html-html-lang-en-head-meta-charset-UTF-8-meta-name-viewport-content-1753033421365_1753033421366.txt,41720,6d50c8721416846dd77dcc5b8d6691811dbf5322,https://github.com/heyns1000/omnigrid/blob/main/fruitful-global-deployment/attached_assets/Pasted--DOCTYPE-html-html-lang-en-head-meta-charset-UTF-8-meta-name-viewport-content-1753033421365_1753033421366.txt
fruitful-global-deployment/attached_assets/Pasted--DOCTYPE-html-html-lang-en-head-meta-charset-UTF-8-meta-name-viewport-content-1753033527847_1753033527848.txt,78723,4bfd83a01b0556b2f526f2e13310063466a86686,https://github.com/heyns1000/omnigrid/blob/main/fruitful-global-deployment/attached_assets/Pasted--DOCTYPE-html-html-lang-en-head-meta-charset-UTF-8-meta-name-viewport-content-1753033527847_1753033527848.txt
fruitful-global-deployment/attached_assets/Pasted--DOCTYPE-html-html-lang-en-head-meta-charset-UTF-8-meta-name-viewport-content-1753033544691_1753033544693.txt,170365,6f4d641d6e6e3963161bd93946d6805c2fc61535,https://github.com/heyns1000/omnigrid/blob/main/fruitful-global-deployment/attached_assets/Pasted--DOCTYPE-html-html-lang-en-head-meta-charset-UTF-8-meta-name-viewport-content-1753033544691_1753033544693.txt
fruitful-global-deployment/attached_assets/Pasted--DOCTYPE-html-html-lang-en-head-meta-charset-UTF-8-meta-name-viewport-content-1753033771062_1753033771063.txt,126119,e8d8066a2a85a4783b07cb059661b77a22e9e8b7,https://github.com/heyns1000/omnigrid/blob/main/fruitful-global-deployment/attached_assets/Pasted--DOCTYPE-html-html-lang-en-head-meta-charset-UTF-8-meta-name-viewport-content-1753033771062_1753033771063.txt
fruitful-global-deployment/attached_assets/Pasted--DOCTYPE-html-html-lang-en-head-meta-charset-UTF-8-meta-name-viewport-content-1753033825229_1753033825230.txt,126119,e8d8066a2a85a4783b07cb059661b77a22e9e8b7,https://github.com/heyns1000/omnigrid/blob/main/fruitful-global-deployment/attached_assets/Pasted--DOCTYPE-html-html-lang-en-head-meta-charset-UTF-8-meta-name-viewport-content-1753033825229_1753033825230.txt
fruitful-global-deployment/attached_assets/Pasted--DOCTYPE-html-html-lang-en-head-meta-charset-UTF-8-meta-name-viewport-content-1753035270524_1753035270526.txt,126119,e8d8066a2a85a4783b07cb059661b77a22e9e8b7,https://github.com/heyns1000/omnigrid/blob/main/fruitful-global-deployment/attached_assets/Pasted--DOCTYPE-html-html-lang-en-head-meta-charset-UTF-8-meta-name-viewport-content-1753035270524_1753035270526.txt
fruitful-global-deployment/attached_assets/Pasted--DOCTYPE-html-html-lang-en-head-meta-charset-UTF-8-meta-name-viewport-content-1753035311137_1753035311138.txt,102924,1744db80c8be52f8b48e06f78c555fa3914dd027,https://github.com/heyns1000/omnigrid/blob/main/fruitful-global-deployment/attached_assets/Pasted--DOCTYPE-html-html-lang-en-head-meta-charset-UTF-8-meta-name-viewport-content-1753035311137_1753035311138.txt
fruitful-global-deployment/attached_assets/Pasted--DOCTYPE-html-html-lang-en-head-meta-charset-UTF-8-meta-name-viewport-content-1753035324230_1753035324231.txt,78723,4bfd83a01b0556b2f526f2e13310063466a86686,https://github.com/heyns1000/omnigrid/blob/main/fruitful-global-deployment/attached_assets/Pasted--DOCTYPE-html-html-lang-en-head-meta-charset-UTF-8-meta-name-viewport-content-1753035324230_1753035324231.txt
fruitful-global-deployment/attached_assets/Pasted--DOCTYPE-html-html-lang-en-head-meta-charset-UTF-8-meta-name-viewport-content-1753035822949_1753035822951.txt,70612,11f2e3bcb7330dc084875a1f5036344ec9ad8a31,https://github.com/heyns1000/omnigrid/blob/main/fruitful-global-deployment/attached_assets/Pasted--DOCTYPE-html-html-lang-en-head-meta-charset-UTF-8-meta-name-viewport-content-1753035822949_1753035822951.txt
fruitful-global-deployment/attached_assets/Pasted--DOCTYPE-html-html-lang-en-head-meta-charset-UTF-8-meta-name-viewport-content-1753035936336_1753035936338.txt,34846,6f6d611b86511ce092f4fa8445d00f8b3d3c16cf,https://github.com/heyns1000/omnigrid/blob/main/fruitful-global-deployment/attached_assets/Pasted--DOCTYPE-html-html-lang-en-head-meta-charset-UTF-8-meta-name-viewport-content-1753035936336_1753035936338.txt
fruitful-global-deployment/attached_assets/Pasted--DOCTYPE-html-html-lang-en-head-meta-charset-UTF-8-meta-name-viewport-content-1753035968363_1753035968366.txt,189056,3f0f959988c7b39151f18e3b4150df38003bd74d,https://github.com/heyns1000/omnigrid/blob/main/fruitful-global-deployment/attached_assets/Pasted--DOCTYPE-html-html-lang-en-head-meta-charset-UTF-8-meta-name-viewport-content-1753035968363_1753035968366.txt
fruitful-global-deployment/attached_assets/Pasted--DOCTYPE-html-html-lang-en-head-meta-charset-UTF-8-meta-name-viewport-content-1753036006672_1753036006674.txt,5353,5552ab15ff7f52868d2a57b183c2406bd4ddc6a2,https://github.com/heyns1000/omnigrid/blob/main/fruitful-global-deployment/attached_assets/Pasted--DOCTYPE-html-html-lang-en-head-meta-charset-UTF-8-meta-name-viewport-content-1753036006672_1753036006674.txt
fruitful-global-deployment/attached_assets/Pasted--DOCTYPE-html-html-lang-en-head-meta-charset-UTF-8-meta-name-viewport-content-1753036067971_1753036067975.txt,180638,7c718ecad2188c08f17a7f7d3708143b977bd3f3,https://github.com/heyns1000/omnigrid/blob/main/fruitful-global-deployment/attached_assets/Pasted--DOCTYPE-html-html-lang-en-head-meta-charset-UTF-8-meta-name-viewport-content-1753036067971_1753036067975.txt
fruitful-global-deployment/attached_assets/Pasted--DOCTYPE-html-html-lang-en-head-meta-charset-UTF-8-meta-name-viewport-content-1753042615829_1753042615831.txt,180638,7c718ecad2188c08f17a7f7d3708143b977bd3f3,https://github.com/heyns1000/omnigrid/blob/main/fruitful-global-deployment/attached_assets/Pasted--DOCTYPE-html-html-lang-en-head-meta-charset-UTF-8-meta-name-viewport-content-1753042615829_1753042615831.txt
fruitful-global-deployment/attached_assets/Pasted--DOCTYPE-html-html-lang-en-head-meta-charset-UTF-8-meta-name-viewport-content-1753044889453_1753044889456.txt,124528,1489b8d8f3065c1f2c33aedb642672d7d8ee842d,https://github.com/heyns1000/omnigrid/blob/main/fruitful-global-deployment/attached_assets/Pasted--DOCTYPE-html-html-lang-en-head-meta-charset-UTF-8-meta-name-viewport-content-1753044889453_1753044889456.txt
fruitful-global-deployment/attached_assets/Pasted--DOCTYPE-html-html-lang-en-head-meta-charset-UTF-8-meta-name-viewport-content-1753052508364_1753052508367.txt,41460,e77a25c1690482ff4f8c7d1c7994e22bb5cd38de,https://github.com/heyns1000/omnigrid/blob/main/fruitful-global-deployment/attached_assets/Pasted--DOCTYPE-html-html-lang-en-head-meta-charset-UTF-8-meta-name-viewport-content-1753052508364_1753052508367.txt
fruitful-global-deployment/attached_assets/Pasted--DOCTYPE-html-html-lang-en-head-meta-charset-UTF-8-meta-name-viewport-content-1753053122779_1753053122782.txt,128019,bf64fb4b555b31f5a5da15074416f16291c3175c,https://github.com/heyns1000/omnigrid/blob/main/fruitful-global-deployment/attached_assets/Pasted--DOCTYPE-html-html-lang-en-head-meta-charset-UTF-8-meta-name-viewport-content-1753053122779_1753053122782.txt
fruitful-global-deployment/attached_assets/Pasted--DOCTYPE-html-html-lang-en-head-meta-charset-UTF-8-meta-name-viewport-content-1753055521908_1753055521909.txt,44750,24615c975c5d01941b8eab949a5677076dcba355,https://github.com/heyns1000/omnigrid/blob/main/fruitful-global-deployment/attached_assets/Pasted--DOCTYPE-html-html-lang-en-head-meta-charset-UTF-8-meta-name-viewport-content-1753055521908_1753055521909.txt
fruitful-global-deployment/attached_assets/Pasted--DOCTYPE-html-html-lang-en-head-meta-charset-UTF-8-meta-name-viewport-content-1753055681047_1753055681052.txt,136338,cc085ac2679160abbe8c5c05e7440f8290f3d638,https://github.com/heyns1000/omnigrid/blob/main/fruitful-global-deployment/attached_assets/Pasted--DOCTYPE-html-html-lang-en-head-meta-charset-UTF-8-meta-name-viewport-content-1753055681047_1753055681052.txt
fruitful-global-deployment/attached_assets/Pasted--DOCTYPE-html-html-lang-en-head-meta-charset-UTF-8-meta-name-viewport-content-1753058849674_1753058849677.txt,206243,1465c9c386d12341c19cc0d5d416cd053583ecae,https://github.com/heyns1000/omnigrid/blob/main/fruitful-global-deployment/attached_assets/Pasted--DOCTYPE-html-html-lang-en-head-meta-charset-UTF-8-meta-name-viewport-content-1753058849674_1753058849677.txt
fruitful-global-deployment/attached_assets/Pasted--DOCTYPE-html-html-lang-en-head-meta-charset-UTF-8-meta-name-viewport-content-1753059639830_1753059639834.txt,126119,e8d8066a2a85a4783b07cb059661b77a22e9e8b7,https://github.com/heyns1000/omnigrid/blob/main/fruitful-global-deployment/attached_assets/Pasted--DOCTYPE-html-html-lang-en-head-meta-charset-UTF-8-meta-name-viewport-content-1753059639830_1753059639834.txt
fruitful-global-deployment/attached_assets/Pasted--DOCTYPE-html-html-lang-en-head-meta-charset-UTF-8-meta-name-viewport-content-1753200685902_1753200685905.txt,126119,e8d8066a2a85a4783b07cb059661b77a22e9e8b7,https://github.com/heyns1000/omnigrid/blob/main/fruitful-global-deployment/attached_assets/Pasted--DOCTYPE-html-html-lang-en-head-meta-charset-UTF-8-meta-name-viewport-content-1753200685902_1753200685905.txt
fruitful-global-deployment/attached_assets/Pasted--DOCTYPE-html-html-lang-en-head-meta-charset-UTF-8-meta-name-viewport-content-1753260939748_1753260939749.txt,91376,ade23391e1655fc68aa5c90ce7cc987229775833,https://github.com/heyns1000/omnigrid/blob/main/fruitful-global-deployment/attached_assets/Pasted--DOCTYPE-html-html-lang-en-head-meta-charset-UTF-8-meta-name-viewport-content-1753260939748_1753260939749.txt
fruitful-global-deployment/attached_assets/Pasted--DOCTYPE-html-html-lang-en-head-meta-charset-UTF-8-meta-name-viewport-content-1753261275149_1753261275151.txt,91376,ade23391e1655fc68aa5c90ce7cc987229775833,https://github.com/heyns1000/omnigrid/blob/main/fruitful-global-deployment/attached_assets/Pasted--DOCTYPE-html-html-lang-en-head-meta-charset-UTF-8-meta-name-viewport-content-1753261275149_1753261275151.txt
fruitful-global-deployment/attached_assets/Pasted--DOCTYPE-html-html-lang-en-head-meta-charset-UTF-8-meta-name-viewport-content-1753261891923_1753261891924.txt,27063,43ce363edba12db961f78505620ed2880183d9c8,https://github.com/heyns1000/omnigrid/blob/main/fruitful-global-deployment/attached_assets/Pasted--DOCTYPE-html-html-lang-en-head-meta-charset-UTF-8-meta-name-viewport-content-1753261891923_1753261891924.txt
fruitful-global-deployment/attached_assets/Pasted--DOCTYPE-html-html-lang-en-head-meta-charset-UTF-8-meta-name-viewport-content-1753261913289_1753261913290.txt,60761,b65b26fec3c24a66763d4be15f48cc474f1e3075,https://github.com/heyns1000/omnigrid/blob/main/fruitful-global-deployment/attached_assets/Pasted--DOCTYPE-html-html-lang-en-head-meta-charset-UTF-8-meta-name-viewport-content-1753261913289_1753261913290.txt
fruitful-global-deployment/attached_assets/Pasted--DOCTYPE-html-html-lang-en-head-meta-charset-UTF-8-meta-name-viewport-content-1753261930427_1753261930434.txt,82868,a247d7d2ca32d1eef420a72027f95f91d128c42d,https://github.com/heyns1000/omnigrid/blob/main/fruitful-global-deployment/attached_assets/Pasted--DOCTYPE-html-html-lang-en-head-meta-charset-UTF-8-meta-name-viewport-content-1753261930427_1753261930434.txt
fruitful-global-deployment/attached_assets/Pasted--DOCTYPE-html-html-lang-en-head-meta-charset-UTF-8-meta-name-viewport-content-1753265344072_1753265344075.txt,211660,6124f316ef7a461c23a6924e13fc013c548d1575,https://github.com/heyns1000/omnigrid/blob/main/fruitful-global-deployment/attached_assets/Pasted--DOCTYPE-html-html-lang-en-head-meta-charset-UTF-8-meta-name-viewport-content-1753265344072_1753265344075.txt
fruitful-global-deployment/attached_assets/Pasted--DOCTYPE-html-html-lang-en-head-meta-charset-UTF-8-meta-name-viewport-content-wi-1753033567108_1753033567109.txt,38264,6f556acef4f3d6969c736749d0e035ca1a5674fb,https://github.com/heyns1000/omnigrid/blob/main/fruitful-global-deployment/attached_assets/Pasted--DOCTYPE-html-html-lang-en-head-meta-charset-UTF-8-meta-name-viewport-content-wi-1753033567108_1753033567109.txt
fruitful-global-deployment/attached_assets/Pasted--DOCTYPE-html-html-lang-en-head-meta-charset-UTF-8-meta-name-viewport-content-wid-1753040300510_1753040300510.txt,38263,d980ad5823bbae11afdb53651a08cc554c66936d,https://github.com/heyns1000/omnigrid/blob/main/fruitful-global-deployment/attached_assets/Pasted--DOCTYPE-html-html-lang-en-head-meta-charset-UTF-8-meta-name-viewport-content-wid-1753040300510_1753040300510.txt
fruitful-global-deployment/attached_assets/Pasted--DOCTYPE-html-html-lang-en-head-meta-charset-UTF-8-meta-name-viewport-content-width--1753031536729_1753031536731.txt,69912,8894d596051da8ac017edc05af9b1b13307fcbfe,https://github.com/heyns1000/omnigrid/blob/main/fruitful-global-deployment/attached_assets/Pasted--DOCTYPE-html-html-lang-en-head-meta-charset-UTF-8-meta-name-viewport-content-width--1753031536729_1753031536731.txt
fruitful-global-deployment/attached_assets/Pasted--EMISSION-01-13-GLOBAL-BROADCAST-ACTIVATION-SCROLLBINDER-PROTOCOL-SUCCESS-TRANSMISSION-ORDE-1756167806428_1756167806429.txt,3705,db464f94c2ba547079adac22661c67afbffdada1,https://github.com/heyns1000/omnigrid/blob/main/fruitful-global-deployment/attached_assets/Pasted--EMISSION-01-13-GLOBAL-BROADCAST-ACTIVATION-SCROLLBINDER-PROTOCOL-SUCCESS-TRANSMISSION-ORDE-1756167806428_1756167806429.txt
fruitful-global-deployment/attached_assets/Pasted--ENGAGE-PRIMAL-CHAIN-glyph-node-H-S-intent-Override-Extract-Expand-vault-focus-FA-1756128455576_1756128455576.txt,2548,7e78b70b55fd694f71f7ce920faadae9835179a3,https://github.com/heyns1000/omnigrid/blob/main/fruitful-global-deployment/attached_assets/Pasted--ENGAGE-PRIMAL-CHAIN-glyph-node-H-S-intent-Override-Extract-Expand-vault-focus-FA-1756128455576_1756128455576.txt
fruitful-global-deployment/attached_assets/Pasted--FULL-SYNC-RECONCILIATION-48-vs-45-Sectors-500-Counts-Breakdown-You-ve-now-gathered-Verif-1756908841725_1756908841726.txt,2298,129f2b050f514b4f8d0224b40d10027808574dc4,https://github.com/heyns1000/omnigrid/blob/main/fruitful-global-deployment/attached_assets/Pasted--FULL-SYNC-RECONCILIATION-48-vs-45-Sectors-500-Counts-Breakdown-You-ve-now-gathered-Verif-1756908841725_1756908841726.txt
fruitful-global-deployment/attached_assets/Pasted--Global-Data-Definitions-const-sectorList-agriculture--1753217590982_1753217590983.txt,96832,9c580565ac07dc977801a14d09e2519f444f2bb0,https://github.com/heyns1000/omnigrid/blob/main/fruitful-global-deployment/attached_assets/Pasted--Global-Data-Definitions-const-sectorList-agriculture--1753217590982_1753217590983.txt
fruitful-global-deployment/attached_assets/Pasted--Global-Data-Definitions-const-sectorList-agriculture--1753219177781_1753219177783.txt,96832,9c580565ac07dc977801a14d09e2519f444f2bb0,https://github.com/heyns1000/omnigrid/blob/main/fruitful-global-deployment/attached_assets/Pasted--Global-Data-Definitions-const-sectorList-agriculture--1753219177781_1753219177783.txt
fruitful-global-deployment/attached_assets/Pasted--Global-Data-Definitions-const-sectorList-agriculture--1753259443879_1753259443882.txt,96830,79becf534190836bfc48dd023a4d43ce44a5dc12,https://github.com/heyns1000/omnigrid/blob/main/fruitful-global-deployment/attached_assets/Pasted--Global-Data-Definitions-const-sectorList-agriculture--1753259443879_1753259443882.txt
fruitful-global-deployment/attached_assets/Pasted--Global-Data-Definitions-const-sectorList-agriculture--1753259683858_1753259683860.txt,96830,79becf534190836bfc48dd023a4d43ce44a5dc12,https://github.com/heyns1000/omnigrid/blob/main/fruitful-global-deployment/attached_assets/Pasted--Global-Data-Definitions-const-sectorList-agriculture--1753259683858_1753259683860.txt
fruitful-global-deployment/attached_assets/Pasted--Global-Data-Definitions-const-sectorList-agriculture--1753259904847_1753259904849.txt,96830,79becf534190836bfc48dd023a4d43ce44a5dc12,https://github.com/heyns1000/omnigrid/blob/main/fruitful-global-deployment/attached_assets/Pasted--Global-Data-Definitions-const-sectorList-agriculture--1753259904847_1753259904849.txt
fruitful-global-deployment/attached_assets/Pasted--Global-Data-Definitions-const-sectorList-agriculture--1753260457508_1753260457509.txt,96830,79becf534190836bfc48dd023a4d43ce44a5dc12,https://github.com/heyns1000/omnigrid/blob/main/fruitful-global-deployment/attached_assets/Pasted--Global-Data-Definitions-const-sectorList-agriculture--1753260457508_1753260457509.txt
fruitful-global-deployment/attached_assets/Pasted--Global-Data-Definitions-const-sectorList-agriculture-Agr-1753216979764_1753216979766.txt,96827,85ee6501df08cd9864e0ea44ab1f464a812df545,https://github.com/heyns1000/omnigrid/blob/main/fruitful-global-deployment/attached_assets/Pasted--Global-Data-Definitions-const-sectorList-agriculture-Agr-1753216979764_1753216979766.txt
fruitful-global-deployment/attached_assets/Pasted--Global-Data-Definitions-const-sectorList-agriculture-Agr-1753217567348_1753217567349.txt,96827,85ee6501df08cd9864e0ea44ab1f464a812df545,https://github.com/heyns1000/omnigrid/blob/main/fruitful-global-deployment/attached_assets/Pasted--Global-Data-Definitions-const-sectorList-agriculture-Agr-1753217567348_1753217567349.txt
fruitful-global-deployment/attached_assets/Pasted--Global-Data-Definitions-const-sectorList-agriculture-Agri-1753029671207_1753029671214.txt,96825,dc30a43be508d3aa1b8b0cde7857e9ef7fb783b8,https://github.com/heyns1000/omnigrid/blob/main/fruitful-global-deployment/attached_assets/Pasted--Global-Data-Definitions-const-sectorList-agriculture-Agri-1753029671207_1753029671214.txt
fruitful-global-deployment/attached_assets/Pasted--Global-Data-Definitions-const-sectorList-agriculture-Agri-1753030098598_1753030098599.txt,96825,dc30a43be508d3aa1b8b0cde7857e9ef7fb783b8,https://github.com/heyns1000/omnigrid/blob/main/fruitful-global-deployment/attached_assets/Pasted--Global-Data-Definitions-const-sectorList-agriculture-Agri-1753030098598_1753030098599.txt
fruitful-global-deployment/attached_assets/Pasted--Global-Data-Definitions-const-sectorList-agriculture-Agri-1753030173353_1753030173354.txt,96825,dc30a43be508d3aa1b8b0cde7857e9ef7fb783b8,https://github.com/heyns1000/omnigrid/blob/main/fruitful-global-deployment/attached_assets/Pasted--Global-Data-Definitions-const-sectorList-agriculture-Agri-1753030173353_1753030173354.txt
fruitful-global-deployment/attached_assets/Pasted--Global-Data-Definitions-const-sectorList-agriculture-Agric-1753254259598_1753254259600.txt,96824,c712a27cb873dd0a87580125f69805f345513177,https://github.com/heyns1000/omnigrid/blob/main/fruitful-global-deployment/attached_assets/Pasted--Global-Data-Definitions-const-sectorList-agriculture-Agric-1753254259598_1753254259600.txt
fruitful-global-deployment/attached_assets/Pasted--Global-Data-Definitions-const-sectorList-agriculture-Agric-1753256413228_1753256413230.txt,96824,c712a27cb873dd0a87580125f69805f345513177,https://github.com/heyns1000/omnigrid/blob/main/fruitful-global-deployment/attached_assets/Pasted--Global-Data-Definitions-const-sectorList-agriculture-Agric-1753256413228_1753256413230.txt
fruitful-global-deployment/attached_assets/Pasted--Global-Data-Definitions-const-sectorList-agriculture-Agric-1753256689394_1753256689395.txt,96824,c712a27cb873dd0a87580125f69805f345513177,https://github.com/heyns1000/omnigrid/blob/main/fruitful-global-deployment/attached_assets/Pasted--Global-Data-Definitions-const-sectorList-agriculture-Agric-1753256689394_1753256689395.txt
fruitful-global-deployment/attached_assets/Pasted--Global-Data-Definitions-const-sectorList-agriculture-Agric-1753257089057_1753257089059.txt,96824,c712a27cb873dd0a87580125f69805f345513177,https://github.com/heyns1000/omnigrid/blob/main/fruitful-global-deployment/attached_assets/Pasted--Global-Data-Definitions-const-sectorList-agriculture-Agric-1753257089057_1753257089059.txt
fruitful-global-deployment/attached_assets/Pasted--INTERSTELLAR-EXCITANT-SEED-FREEDOM-said-Absolutely-weaving-in-the-Fruitful-portal-and-embe-1756917461866_1756917461870.txt,12645,180d01136e3f1b263eae58fe97112801b2ff2600,https://github.com/heyns1000/omnigrid/blob/main/fruitful-global-deployment/attached_assets/Pasted--INTERSTELLAR-EXCITANT-SEED-FREEDOM-said-Absolutely-weaving-in-the-Fruitful-portal-and-embe-1756917461866_1756917461870.txt
fruitful-global-deployment/attached_assets/Pasted--INTERSTELLAR-EXCITANT-SEED-FREEDOM-said-INSTRUCTION-ENCODED-DEPLOYMENT-SEED-READY-Your--1756908475592_1756908475593.txt,7500,55e0c672ab78b225c85abd54e3faa92cfe50091c,https://github.com/heyns1000/omnigrid/blob/main/fruitful-global-deployment/attached_assets/Pasted--INTERSTELLAR-EXCITANT-SEED-FREEDOM-said-INSTRUCTION-ENCODED-DEPLOYMENT-SEED-READY-Your--1756908475592_1756908475593.txt
fruitful-global-deployment/attached_assets/Pasted--Mining-Resources-Mining-Resources-solutions-and-infrastructure-Analytics-Performance-1753217768414_1753217768414.txt,5816,3b746c7c407dae912761317f071c79ebd0920021,https://github.com/heyns1000/omnigrid/blob/main/fruitful-global-deployment/attached_assets/Pasted--Mining-Resources-Mining-Resources-solutions-and-infrastructure-Analytics-Performance-1753217768414_1753217768414.txt
fruitful-global-deployment/attached_assets/Pasted--SIDEBAR-STRUCTURE-TEXTBOOK-STYLE-LIST-Top-to-Bottom-Based-on-your-full-visual-upload-here-s-t-1756909409659_1756909409660.txt,4278,d9569e33c2cb506e4e01bf09018a1ff352cf8f16,https://github.com/heyns1000/omnigrid/blob/main/fruitful-global-deployment/attached_assets/Pasted--SIDEBAR-STRUCTURE-TEXTBOOK-STYLE-LIST-Top-to-Bottom-Based-on-your-full-visual-upload-here-s-t-1756909409659_1756909409660.txt
fruitful-global-deployment/attached_assets/Pasted--SIDEBAR-STRUCTURE-TEXTBOOK-STYLE-LIST-Top-to-Bottom-Based-on-your-full-visual-upload-here-s-t-1756909812115_1756909812116.txt,4278,d9569e33c2cb506e4e01bf09018a1ff352cf8f16,https://github.com/heyns1000/omnigrid/blob/main/fruitful-global-deployment/attached_assets/Pasted--SIDEBAR-STRUCTURE-TEXTBOOK-STYLE-LIST-Top-to-Bottom-Based-on-your-full-visual-upload-here-s-t-1756909812115_1756909812116.txt
fruitful-global-deployment/attached_assets/Pasted--SIGNAL-LOCKED-DIRECTIVE-DEPLOY-THE-LIONS-TO-FRUITFUL-REPLITMISSION-MODE-Self-Conn-1756046862742_1756046862744.txt,5315,0201e963bcf2b5ad656d2889fab4a2aab110478f,https://github.com/heyns1000/omnigrid/blob/main/fruitful-global-deployment/attached_assets/Pasted--SIGNAL-LOCKED-DIRECTIVE-DEPLOY-THE-LIONS-TO-FRUITFUL-REPLITMISSION-MODE-Self-Conn-1756046862742_1756046862744.txt
fruitful-global-deployment/attached_assets/Pasted--Secrets-The-Secrets-workspace-tool-lets-you-securely-store-sensitive-information-your-app-needs-1756935588273_1756935588274.txt,27436,816d22c1bcf209a6f5ac5d3f4870e084ff1f8639,https://github.com/heyns1000/omnigrid/blob/main/fruitful-global-deployment/attached_assets/Pasted--Secrets-The-Secrets-workspace-tool-lets-you-securely-store-sensitive-information-your-app-needs-1756935588273_1756935588274.txt
fruitful-global-deployment/attached_assets/Pasted--Sector-Repository-Routing-Logic-Template-This-document-provides-a-clear-templated-file-path-an-1753044230567_1753044230569.txt,12759,652da114d923256f2ba47e9aa751c2b537769dd3,https://github.com/heyns1000/omnigrid/blob/main/fruitful-global-deployment/attached_assets/Pasted--Sector-Repository-Routing-Logic-Template-This-document-provides-a-clear-templated-file-path-an-1753044230567_1753044230569.txt
fruitful-global-deployment/attached_assets/Pasted--Sector-Repository-Routing-Logic-Template-This-document-provides-a-clear-templated-file-path-an-1753044235231_1753044235231.txt,12759,652da114d923256f2ba47e9aa751c2b537769dd3,https://github.com/heyns1000/omnigrid/blob/main/fruitful-global-deployment/attached_assets/Pasted--Sector-Repository-Routing-Logic-Template-This-document-provides-a-clear-templated-file-path-an-1753044235231_1753044235231.txt
fruitful-global-deployment/attached_assets/Pasted--Sector-Repository-Routing-Logic-TemplateThis-document-provides-a-clear-templated-file-path-and-1753044256178_1753044256179.txt,12607,314057a7d9f40246bb6248dcdd05fef102460e93,https://github.com/heyns1000/omnigrid/blob/main/fruitful-global-deployment/attached_assets/Pasted--Sector-Repository-Routing-Logic-TemplateThis-document-provides-a-clear-templated-file-path-and-1753044256178_1753044256179.txt
fruitful-global-deployment/attached_assets/Pasted--heyns1000-Top-repositories-Find-a-repository-faa-zone-heyns1000-faa-zone-seedwave-heyns1000-seedwa-1753043924961_1753043924962.txt,3040,d3690e6465902264c733e0395661db0008b711de,https://github.com/heyns1000/omnigrid/blob/main/fruitful-global-deployment/attached_assets/Pasted--heyns1000-Top-repositories-Find-a-repository-faa-zone-heyns1000-faa-zone-seedwave-heyns1000-seedwa-1753043924961_1753043924962.txt
fruitful-global-deployment/attached_assets/Pasted--heyns1000-he-him-0-followers-2-following-Fruitful-Holdings-Pty-Ltd-302-Dykor-street-Silvert-1753200906541_1753200906541.txt,2398,303972a475f25b022533f2af73afda14f0af73ac,https://github.com/heyns1000/omnigrid/blob/main/fruitful-global-deployment/attached_assets/Pasted--heyns1000-he-him-0-followers-2-following-Fruitful-Holdings-Pty-Ltd-302-Dykor-street-Silvert-1753200906541_1753200906541.txt
fruitful-global-deployment/attached_assets/Pasted--heyns1000-he-him-0-followers-2-following-Fruitful-Holdings-Pty-Ltd-302-Dykor-street-Silvert-1753200954092_1753200954093.txt,2399,19adc9855a33e2cd46f6c4dd4086d4a7d8d18bda,https://github.com/heyns1000/omnigrid/blob/main/fruitful-global-deployment/attached_assets/Pasted--heyns1000-he-him-0-followers-2-following-Fruitful-Holdings-Pty-Ltd-302-Dykor-street-Silvert-1753200954092_1753200954093.txt
fruitful-global-deployment/attached_assets/Pasted--heyns1000-he-him-0-followers-2-following-Fruitful-Holdings-Pty-Ltd-302-Dykor-street-Silvert-1753200972644_1753200972644.txt,2399,19adc9855a33e2cd46f6c4dd4086d4a7d8d18bda,https://github.com/heyns1000/omnigrid/blob/main/fruitful-global-deployment/attached_assets/Pasted--heyns1000-he-him-0-followers-2-following-Fruitful-Holdings-Pty-Ltd-302-Dykor-street-Silvert-1753200972644_1753200972644.txt
fruitful-global-deployment/attached_assets/Pasted--html-FAA-SEEDWAVE-NODE-EXTENSION-FRUITFUL-PLANET-CHANGE-section-class-min-h-screen-1756153083449_1756153083452.txt,2163,91c0b0677ab76a63331ba2627ea5922e10566d88,https://github.com/heyns1000/omnigrid/blob/main/fruitful-global-deployment/attached_assets/Pasted--html-FAA-SEEDWAVE-NODE-EXTENSION-FRUITFUL-PLANET-CHANGE-section-class-min-h-screen-1756153083449_1756153083452.txt
fruitful-global-deployment/attached_assets/Pasted--md-SEEDWAVE-MASTER-ECOSYSTEM-REPORT-FAA-VaultMesh-Treaty-Layer-Research-Mode-Lockdo-1756154184337_1756154184339.txt,3918,6ada758f0ee15d49d4875e474bbd043d0d970593,https://github.com/heyns1000/omnigrid/blob/main/fruitful-global-deployment/attached_assets/Pasted--md-SEEDWAVE-MASTER-ECOSYSTEM-REPORT-FAA-VaultMesh-Treaty-Layer-Research-Mode-Lockdo-1756154184337_1756154184339.txt
fruitful-global-deployment/attached_assets/Pasted-Absolutely-Let-s-structure-a-precise-request-for-your-FruitfulPlanetChange-assistant-to-ensure-ever-1756908289305_1756908289307.txt,2426,36468dbe3798d9be9fc2030e66803eb7ea456899,https://github.com/heyns1000/omnigrid/blob/main/fruitful-global-deployment/attached_assets/Pasted-Absolutely-Let-s-structure-a-precise-request-for-your-FruitfulPlanetChange-assistant-to-ensure-ever-1756908289305_1756908289307.txt
fruitful-global-deployment/attached_assets/Pasted-Here-is-a-starter-audit-script-template-for-Phase-1-Deep-Data-Inventory-designed-to-be-used-in-you-1756904042198_1756904042204.txt,3906,42a92de76862706d8fc3f200bd32f81b5bdc6367,https://github.com/heyns1000/omnigrid/blob/main/fruitful-global-deployment/attached_assets/Pasted-Here-is-a-starter-audit-script-template-for-Phase-1-Deep-Data-Inventory-designed-to-be-used-in-you-1756904042198_1756904042204.txt
fruitful-global-deployment/attached_assets/Pasted-Here-s-your-complete-integration-request-for-moving-this-sector-management-system-into-your-Fruitful-1756911802010_1756911802014.txt,2886,1e31c3714fe6c1d6f04e5972d6d62d4cb83b3152,https://github.com/heyns1000/omnigrid/blob/main/fruitful-global-deployment/attached_assets/Pasted-Here-s-your-complete-integration-request-for-moving-this-sector-management-system-into-your-Fruitful-1756911802010_1756911802014.txt
fruitful-global-deployment/attached_assets/Pasted-Model-optimization-Ensure-quality-model-outputs-with-evals-and-fine-tuning-in-th-1757044009059_1757044009059.txt,7831,5dc89eff7f5c96795ad5214e739507822c830bee,https://github.com/heyns1000/omnigrid/blob/main/fruitful-global-deployment/attached_assets/Pasted-Model-optimization-Ensure-quality-model-outputs-with-evals-and-fine-tuning-in-th-1757044009059_1757044009059.txt
fruitful-global-deployment/attached_assets/Pasted-Model-optimization-Ensure-quality-model-outputs-with-evals-and-fine-tuning-in-th-1757044011813_1757044011813.txt,7831,5dc89eff7f5c96795ad5214e739507822c830bee,https://github.com/heyns1000/omnigrid/blob/main/fruitful-global-deployment/attached_assets/Pasted-Model-optimization-Ensure-quality-model-outputs-with-evals-and-fine-tuning-in-th-1757044011813_1757044011813.txt
fruitful-global-deployment/attached_assets/Pasted-Model-optimization-Ensure-quality-model-outputs-with-evals-and-fine-tuning-in-th-1757044020319_1757044020319.txt,7831,5dc89eff7f5c96795ad5214e739507822c830bee,https://github.com/heyns1000/omnigrid/blob/main/fruitful-global-deployment/attached_assets/Pasted-Model-optimization-Ensure-quality-model-outputs-with-evals-and-fine-tuning-in-th-1757044020319_1757044020319.txt
fruitful-global-deployment/attached_assets/Pasted-Model-optimization-Ensure-quality-model-outputs-with-evals-and-fine-tuning-in-th-1757044024111_1757044024111.txt,7831,5dc89eff7f5c96795ad5214e739507822c830bee,https://github.com/heyns1000/omnigrid/blob/main/fruitful-global-deployment/attached_assets/Pasted-Model-optimization-Ensure-quality-model-outputs-with-evals-and-fine-tuning-in-th-1757044024111_1757044024111.txt
fruitful-global-deployment/attached_assets/Pasted-Perfect-everything-is-now-fully-unified-under-one-VaultLevel-7-Checkout-System-for-ClaimRoot-Licen-1756932732625_1756932732627.txt,5543,227c37859acf407e22856468932d3c7fcccd3b71,https://github.com/heyns1000/omnigrid/blob/main/fruitful-global-deployment/attached_assets/Pasted-Perfect-everything-is-now-fully-unified-under-one-VaultLevel-7-Checkout-System-for-ClaimRoot-Licen-1756932732625_1756932732627.txt
fruitful-global-deployment/attached_assets/Pasted-Perfect-your-PayPal-ClaimRoot-license-checkout-link-is-fully-configured-and-ready-to-use-Here-s--1756931449273_1756931449277.txt,8162,51f09cab1f19daf451c8871bde0598c466932886,https://github.com/heyns1000/omnigrid/blob/main/fruitful-global-deployment/attached_assets/Pasted-Perfect-your-PayPal-ClaimRoot-license-checkout-link-is-fully-configured-and-ready-to-use-Here-s--1756931449273_1756931449277.txt
fruitful-global-deployment/attached_assets/Pasted-Sector-Dashboard-Navigator-Access-comprehensive-analytics-and-management-for-each-sector-46-Sectors-1753217868998_1753217868998.txt,6081,fd8775a99305d27e6cc6513e4bc782a34038f430,https://github.com/heyns1000/omnigrid/blob/main/fruitful-global-deployment/attached_assets/Pasted-Sector-Dashboard-Navigator-Access-comprehensive-analytics-and-management-for-each-sector-46-Sectors-1753217868998_1753217868998.txt
fruitful-global-deployment/attached_assets/Pasted-The-Global-Total-of-Brands-1481-in-the-previous-response-refers-specifically-to-the-core-brands--1753031971467_1753031971467.txt,2247,37ab23eed65d7416e5095bc7824611bc4e0a4412,https://github.com/heyns1000/omnigrid/blob/main/fruitful-global-deployment/attached_assets/Pasted-The-Global-Total-of-Brands-1481-in-the-previous-response-refers-specifically-to-the-core-brands--1753031971467_1753031971467.txt
fruitful-global-deployment/attached_assets/Pasted-You-re-almost-there-your-implementation-is-solid-and-reflects-a-VaultLevel-7-interface-However-f-1756933377702_1756933377705.txt,4228,555ad534b442615dde536d666c7133d16198bbc8,https://github.com/heyns1000/omnigrid/blob/main/fruitful-global-deployment/attached_assets/Pasted-You-re-almost-there-your-implementation-is-solid-and-reflects-a-VaultLevel-7-interface-However-f-1756933377702_1756933377705.txt
fruitful-global-deployment/attached_assets/Pasted-faa-zone-heyns1000-faa-zone-seedwave-heyns1000-seedwave-vaultmesh-heyns1000-vaultmesh-samfox-heyns10-1753044295071_1753044295072.txt,3019,ce14ce80a8253c1ee0a9e1756c967248ab0908ad,https://github.com/heyns1000/omnigrid/blob/main/fruitful-global-deployment/attached_assets/Pasted-faa-zone-heyns1000-faa-zone-seedwave-heyns1000-seedwave-vaultmesh-heyns1000-vaultmesh-samfox-heyns10-1753044295071_1753044295072.txt
fruitful-global-deployment/attached_assets/Pasted-faa-zone-heyns1000-faa-zone-seedwave-heyns1000-seedwave-vaultmesh-heyns1000-vaultmesh-samfox-heyns10-1753205681837_1753205681839.txt,3158,b7a2b650e547685cb4a7ff85786744516d12c6c5,https://github.com/heyns1000/omnigrid/blob/main/fruitful-global-deployment/attached_assets/Pasted-faa-zone-heyns1000-faa-zone-seedwave-heyns1000-seedwave-vaultmesh-heyns1000-vaultmesh-samfox-heyns10-1753205681837_1753205681839.txt
fruitful-global-deployment/attached_assets/Pasted-hotstack-Public-Updated-2-days-ago-seedwave-Public-Central-admin-portal-and-backend-functions-for-F-1753200996302_1753200996302.txt,2154,2270ab3b918987779768598038a30aaffb914127,https://github.com/heyns1000/omnigrid/blob/main/fruitful-global-deployment/attached_assets/Pasted-hotstack-Public-Updated-2-days-ago-seedwave-Public-Central-admin-portal-and-backend-functions-for-F-1753200996302_1753200996302.txt
fruitful-global-deployment/attached_assets/Pasted-hotstack-Public-Updated-2-days-ago-seedwave-Public-Central-admin-portal-and-backend-functions-for-F-1753201002026_1753201002027.txt,2154,2270ab3b918987779768598038a30aaffb914127,https://github.com/heyns1000/omnigrid/blob/main/fruitful-global-deployment/attached_assets/Pasted-hotstack-Public-Updated-2-days-ago-seedwave-Public-Central-admin-portal-and-backend-functions-for-F-1753201002026_1753201002027.txt
fruitful-global-deployment/attached_assets/Pasted-yes-INTERSTELLAR-EXCITANT-SEED-FREEDOM-said-Analyzed-Always-show-details-from-pathlib-import-P-1756932883730_1756932883731.txt,5832,ca44ba4648972e04dc103edca9998bcdde45f447,https://github.com/heyns1000/omnigrid/blob/main/fruitful-global-deployment/attached_assets/Pasted-yes-INTERSTELLAR-EXCITANT-SEED-FREEDOM-said-Analyzed-Always-show-details-from-pathlib-import-P-1756932883730_1756932883731.txt
fruitful-global-deployment/attached_assets/README_1753207194750.md,13010,8b502ee36a7a82d7fa4e4988f3252936a7e88f0e,https://github.com/heyns1000/omnigrid/blob/main/fruitful-global-deployment/attached_assets/README_1753207194750.md
fruitful-global-deployment/attached_assets/SamFox_Creative_Studio_Preview.png,5218309,6dd0daa349bce977977ce5a1740d1750e7141575,https://github.com/heyns1000/omnigrid/blob/main/fruitful-global-deployment/attached_assets/SamFox_Creative_Studio_Preview.png
fruitful-global-deployment/attached_assets/Sam_fox_logo_v02_1753261659048.jpg,98716,7ddb692faa06fa8828ed9599f0f7a05d886272c4,https://github.com/heyns1000/omnigrid/blob/main/fruitful-global-deployment/attached_assets/Sam_fox_logo_v02_1753261659048.jpg
fruitful-global-deployment/attached_assets/Samfox_shirts_1753261676533.pdf,907922,467146aaab52b56f9e7e43cc774bf64c163f198f,https://github.com/heyns1000/omnigrid/blob/main/fruitful-global-deployment/attached_assets/Samfox_shirts_1753261676533.pdf
fruitful-global-deployment/attached_assets/Samfox_shirts_1753263106403.pdf,907922,467146aaab52b56f9e7e43cc774bf64c163f198f,https://github.com/heyns1000/omnigrid/blob/main/fruitful-global-deployment/attached_assets/Samfox_shirts_1753263106403.pdf
fruitful-global-deployment/attached_assets/Samfoxgo.png,4147466,efaab61847babb0575f84aaca00fd3153912d19c,https://github.com/heyns1000/omnigrid/blob/main/fruitful-global-deployment/attached_assets/Samfoxgo.png
fruitful-global-deployment/attached_assets/Screenshot 2025-07-20 at 19.36.02_1753032965467.png,661616,efd0536e236038cc8ee6bd5ca84ec981e75b2ab4,https://github.com/heyns1000/omnigrid/blob/main/fruitful-global-deployment/attached_assets/Screenshot 2025-07-20 at 19.36.02_1753032965467.png
fruitful-global-deployment/attached_assets/Screenshot 2025-07-20 at 19.50.03_1753033804796.png,56397,fb35656cba591ff81fde070a3e9da724239d86cb,https://github.com/heyns1000/omnigrid/blob/main/fruitful-global-deployment/attached_assets/Screenshot 2025-07-20 at 19.50.03_1753033804796.png
fruitful-global-deployment/attached_assets/Screenshot 2025-07-20 at 20.33.30_1753036412970.png,447816,30bf835059a5913f7550720dbf2625d87c1bf76a,https://github.com/heyns1000/omnigrid/blob/main/fruitful-global-deployment/attached_assets/Screenshot 2025-07-20 at 20.33.30_1753036412970.png
fruitful-global-deployment/attached_assets/Screenshot 2025-07-20 at 22.07.42_1753042068868.png,544055,0977b642e999f1dfb7e31b4162deed48ca71ae84,https://github.com/heyns1000/omnigrid/blob/main/fruitful-global-deployment/attached_assets/Screenshot 2025-07-20 at 22.07.42_1753042068868.png
fruitful-global-deployment/attached_assets/Screenshot 2025-07-20 at 22.25.03_1753043106084.png,375332,441bd277eb2d5bd18cc053ebefe96550925ae708,https://github.com/heyns1000/omnigrid/blob/main/fruitful-global-deployment/attached_assets/Screenshot 2025-07-20 at 22.25.03_1753043106084.png
fruitful-global-deployment/attached_assets/Screenshot 2025-07-20 at 22.30.47_1753043449798.png,883959,6a0238032fc4ed3e5506a31d5f4a076b6741f8ee,https://github.com/heyns1000/omnigrid/blob/main/fruitful-global-deployment/attached_assets/Screenshot 2025-07-20 at 22.30.47_1753043449798.png
fruitful-global-deployment/attached_assets/Screenshot 2025-07-20 at 22.35.08_1753043711071.png,1559621,0bd8c9f0819b4a6a713e8a7b4c8f86e8ba7ecf36,https://github.com/heyns1000/omnigrid/blob/main/fruitful-global-deployment/attached_assets/Screenshot 2025-07-20 at 22.35.08_1753043711071.png
fruitful-global-deployment/attached_assets/Screenshot 2025-07-20 at 22.35.16_1753043719007.png,9339,0ffea5a8b0e807635a53a4d2ab773a4cc004e088,https://github.com/heyns1000/omnigrid/blob/main/fruitful-global-deployment/attached_assets/Screenshot 2025-07-20 at 22.35.16_1753043719007.png
fruitful-global-deployment/attached_assets/Screenshot 2025-07-20 at 22.36.29_1753043791813.png,839351,6f9d5d56ba69cc46ebc8442435b5278d83571cf7,https://github.com/heyns1000/omnigrid/blob/main/fruitful-global-deployment/attached_assets/Screenshot 2025-07-20 at 22.36.29_1753043791813.png
fruitful-global-deployment/attached_assets/Screenshot 2025-07-20 at 22.36.47_1753043811200.png,1320366,9c4500986ea368883056264a9995977aa28ef480,https://github.com/heyns1000/omnigrid/blob/main/fruitful-global-deployment/attached_assets/Screenshot 2025-07-20 at 22.36.47_1753043811200.png
fruitful-global-deployment/attached_assets/Screenshot 2025-07-20 at 22.37.00_1753043822699.png,1129492,7cb832f727cf55cf8a6a5fbe553c11563de5f62b,https://github.com/heyns1000/omnigrid/blob/main/fruitful-global-deployment/attached_assets/Screenshot 2025-07-20 at 22.37.00_1753043822699.png
fruitful-global-deployment/attached_assets/Screenshot 2025-07-20 at 22.37.18_1753043841140.png,853436,4971ff4a6ec4ee4fcdb400fbed66513cca807797,https://github.com/heyns1000/omnigrid/blob/main/fruitful-global-deployment/attached_assets/Screenshot 2025-07-20 at 22.37.18_1753043841140.png
fruitful-global-deployment/attached_assets/Screenshot 2025-07-20 at 22.37.30_1753043852619.png,1066797,0ea3629437b8e865a344aff1608837de3c6af2cb,https://github.com/heyns1000/omnigrid/blob/main/fruitful-global-deployment/attached_assets/Screenshot 2025-07-20 at 22.37.30_1753043852619.png
fruitful-global-deployment/attached_assets/Screenshot 2025-07-20 at 22.55.09_1753044911894.png,450038,b9b204f450a6361a3b34892be4496f3691d50816,https://github.com/heyns1000/omnigrid/blob/main/fruitful-global-deployment/attached_assets/Screenshot 2025-07-20 at 22.55.09_1753044911894.png
fruitful-global-deployment/attached_assets/Screenshot 2025-07-20 at 23.00.17_1753045219953.png,1249568,6498b1d05eb1b9902dcdbb3d0a185b53a3ce6f30,https://github.com/heyns1000/omnigrid/blob/main/fruitful-global-deployment/attached_assets/Screenshot 2025-07-20 at 23.00.17_1753045219953.png
fruitful-global-deployment/attached_assets/Screenshot 2025-07-20 at 23.00.27_1753045229906.png,8679,0701d878d192a2551bd4fc293d0d68367f89fac6,https://github.com/heyns1000/omnigrid/blob/main/fruitful-global-deployment/attached_assets/Screenshot 2025-07-20 at 23.00.27_1753045229906.png
fruitful-global-deployment/attached_assets/Screenshot 2025-07-20 at 23.00.34_1753045236631.png,15633,5b927ae59e45b8fd62d9190d8cbdd8038d6e9538,https://github.com/heyns1000/omnigrid/blob/main/fruitful-global-deployment/attached_assets/Screenshot 2025-07-20 at 23.00.34_1753045236631.png
fruitful-global-deployment/attached_assets/Screenshot 2025-07-20 at 23.10.27_1753045829175.png,1223539,38f150f8e60cc60eccc74641e2e7efe183975e07,https://github.com/heyns1000/omnigrid/blob/main/fruitful-global-deployment/attached_assets/Screenshot 2025-07-20 at 23.10.27_1753045829175.png
fruitful-global-deployment/attached_assets/Screenshot 2025-07-20 at 23.26.55_1753046817735.png,670570,518454bdd84ab83737e6538910dda79b7d38ee8a,https://github.com/heyns1000/omnigrid/blob/main/fruitful-global-deployment/attached_assets/Screenshot 2025-07-20 at 23.26.55_1753046817735.png
fruitful-global-deployment/attached_assets/Screenshot 2025-07-20 at 23.27.25_1753046847910.png,198043,ee68a69950a0fa57db84ef03836f4b217f65c7b4,https://github.com/heyns1000/omnigrid/blob/main/fruitful-global-deployment/attached_assets/Screenshot 2025-07-20 at 23.27.25_1753046847910.png
fruitful-global-deployment/attached_assets/Screenshot 2025-07-20 at 23.30.54_1753047058468.png,154923,aca9e401fbd86ae38ff16548c4c2181b09560619,https://github.com/heyns1000/omnigrid/blob/main/fruitful-global-deployment/attached_assets/Screenshot 2025-07-20 at 23.30.54_1753047058468.png
fruitful-global-deployment/attached_assets/Screenshot 2025-07-20 at 23.32.16_1753047139223.png,110362,d096124f507af6acab04f1c956d5da6fc1e786aa,https://github.com/heyns1000/omnigrid/blob/main/fruitful-global-deployment/attached_assets/Screenshot 2025-07-20 at 23.32.16_1753047139223.png
fruitful-global-deployment/attached_assets/Screenshot 2025-07-20 at 23.37.29_1753047451881.png,199037,198ce03f50837fe045b05290712163d9b0b04251,https://github.com/heyns1000/omnigrid/blob/main/fruitful-global-deployment/attached_assets/Screenshot 2025-07-20 at 23.37.29_1753047451881.png
fruitful-global-deployment/attached_assets/Screenshot 2025-07-20 at 23.47.38_1753048063640.png,2426934,7b58086dc01217d416e1056e3cd4eb3abfac6bce,https://github.com/heyns1000/omnigrid/blob/main/fruitful-global-deployment/attached_assets/Screenshot 2025-07-20 at 23.47.38_1753048063640.png
fruitful-global-deployment/attached_assets/Screenshot 2025-07-20 at 23.52.21_1753048343872.png,305369,2a2d0e363f20d3c27fb7f77f44514f4c96abf018,https://github.com/heyns1000/omnigrid/blob/main/fruitful-global-deployment/attached_assets/Screenshot 2025-07-20 at 23.52.21_1753048343872.png
fruitful-global-deployment/attached_assets/Screenshot 2025-07-20 at 23.52.29_1753048351948.png,452490,80e128a78de9455b153fc12da5bf179d3a64931a,https://github.com/heyns1000/omnigrid/blob/main/fruitful-global-deployment/attached_assets/Screenshot 2025-07-20 at 23.52.29_1753048351948.png
fruitful-global-deployment/attached_assets/Screenshot 2025-07-21 at 00.00.38_1753048840449.png,703819,07940395c98e799424901cc595b2a1b38d6906d8,https://github.com/heyns1000/omnigrid/blob/main/fruitful-global-deployment/attached_assets/Screenshot 2025-07-21 at 00.00.38_1753048840449.png
fruitful-global-deployment/attached_assets/Screenshot 2025-07-21 at 00.00.53_1753048855320.png,698548,3e504f54ad5d7d875dfe80fccd196ff4138255da,https://github.com/heyns1000/omnigrid/blob/main/fruitful-global-deployment/attached_assets/Screenshot 2025-07-21 at 00.00.53_1753048855320.png
fruitful-global-deployment/attached_assets/Screenshot 2025-07-21 at 00.23.28_1753050210616.png,785362,0f7dad60aeb54865f2d0ffe84241b2f1c7a66bdd,https://github.com/heyns1000/omnigrid/blob/main/fruitful-global-deployment/attached_assets/Screenshot 2025-07-21 at 00.23.28_1753050210616.png
fruitful-global-deployment/attached_assets/Screenshot 2025-07-21 at 00.23.36_1753050218714.png,15490,240da27fc2b1326adfbe4db2823b8086275d397a,https://github.com/heyns1000/omnigrid/blob/main/fruitful-global-deployment/attached_assets/Screenshot 2025-07-21 at 00.23.36_1753050218714.png
fruitful-global-deployment/attached_assets/Screenshot 2025-07-21 at 00.23.45_1753050227884.png,769429,aa75302b8b54bb05ea633af44de1edf73ed962b8,https://github.com/heyns1000/omnigrid/blob/main/fruitful-global-deployment/attached_assets/Screenshot 2025-07-21 at 00.23.45_1753050227884.png
fruitful-global-deployment/attached_assets/Screenshot 2025-07-21 at 00.25.44_1753050347160.png,1108478,7b80b37bddaca1f60ea6ad061d7e7a24c76ed5d2,https://github.com/heyns1000/omnigrid/blob/main/fruitful-global-deployment/attached_assets/Screenshot 2025-07-21 at 00.25.44_1753050347160.png
fruitful-global-deployment/attached_assets/Screenshot 2025-07-21 at 00.26.59_1753050423952.png,640289,2f7e80d545d42f7810292f00b3d800e7593285e2,https://github.com/heyns1000/omnigrid/blob/main/fruitful-global-deployment/attached_assets/Screenshot 2025-07-21 at 00.26.59_1753050423952.png
fruitful-global-deployment/attached_assets/Screenshot 2025-07-21 at 00.27.13_1753050437494.png,843931,222ebcfcdd7781c5f11808c9afa86dbf8b2bc98b,https://github.com/heyns1000/omnigrid/blob/main/fruitful-global-deployment/attached_assets/Screenshot 2025-07-21 at 00.27.13_1753050437494.png
fruitful-global-deployment/attached_assets/Screenshot 2025-07-21 at 00.27.32_1753050456953.png,489573,e51f23fbf7605a908fc5b70e81121e54c60d68e3,https://github.com/heyns1000/omnigrid/blob/main/fruitful-global-deployment/attached_assets/Screenshot 2025-07-21 at 00.27.32_1753050456953.png
fruitful-global-deployment/attached_assets/Screenshot 2025-07-21 at 00.28.25_1753050507577.png,48828,980e17e951566c39ac523e6b5689569ba47b36e9,https://github.com/heyns1000/omnigrid/blob/main/fruitful-global-deployment/attached_assets/Screenshot 2025-07-21 at 00.28.25_1753050507577.png
fruitful-global-deployment/attached_assets/Screenshot 2025-07-21 at 00.31.57_1753050719539.png,17608,3b32c5ee3398a23444fe470635494db4304ae51a,https://github.com/heyns1000/omnigrid/blob/main/fruitful-global-deployment/attached_assets/Screenshot 2025-07-21 at 00.31.57_1753050719539.png
fruitful-global-deployment/attached_assets/Screenshot 2025-07-21 at 00.32.17_1753050741515.png,510008,fc875753b2d8ff906c7307d3040ecb6be1346fa9,https://github.com/heyns1000/omnigrid/blob/main/fruitful-global-deployment/attached_assets/Screenshot 2025-07-21 at 00.32.17_1753050741515.png
fruitful-global-deployment/attached_assets/Screenshot 2025-07-21 at 00.32.37_1753050761687.png,98561,fd8432d84a8664df4a371dddd33d592fb7a05922,https://github.com/heyns1000/omnigrid/blob/main/fruitful-global-deployment/attached_assets/Screenshot 2025-07-21 at 00.32.37_1753050761687.png
fruitful-global-deployment/attached_assets/Screenshot 2025-07-21 at 00.32.47_1753050769303.png,328679,ec44da19151b761a2cf81cfbbaacb8e5bed406a6,https://github.com/heyns1000/omnigrid/blob/main/fruitful-global-deployment/attached_assets/Screenshot 2025-07-21 at 00.32.47_1753050769303.png
fruitful-global-deployment/attached_assets/Screenshot 2025-07-21 at 03.19.59_1753060802662.png,2863089,e309fbb7eeacf0f28dd325b3a99b84b08b95dc8a,https://github.com/heyns1000/omnigrid/blob/main/fruitful-global-deployment/attached_assets/Screenshot 2025-07-21 at 03.19.59_1753060802662.png
fruitful-global-deployment/attached_assets/Screenshot 2025-07-21 at 03.26.23_1753061185499.png,285869,53578b6ecbbac9745b070a9b5a6d72e7ce43e05a,https://github.com/heyns1000/omnigrid/blob/main/fruitful-global-deployment/attached_assets/Screenshot 2025-07-21 at 03.26.23_1753061185499.png
fruitful-global-deployment/attached_assets/Screenshot 2025-07-21 at 19.29.26_1753118968290.png,203635,426b765ac9c53103d4c359d0ad4558b45f587c6d,https://github.com/heyns1000/omnigrid/blob/main/fruitful-global-deployment/attached_assets/Screenshot 2025-07-21 at 19.29.26_1753118968290.png
fruitful-global-deployment/attached_assets/Screenshot 2025-07-21 at 19.29.49_1753118992208.png,172138,9a922307a6f31f87884875894c044e99e805ee14,https://github.com/heyns1000/omnigrid/blob/main/fruitful-global-deployment/attached_assets/Screenshot 2025-07-21 at 19.29.49_1753118992208.png
fruitful-global-deployment/attached_assets/Screenshot 2025-07-21 at 19.36.22_1753119384653.png,112190,bd4049b4e00ee29f531a222741c584d47bd55cf9,https://github.com/heyns1000/omnigrid/blob/main/fruitful-global-deployment/attached_assets/Screenshot 2025-07-21 at 19.36.22_1753119384653.png
fruitful-global-deployment/attached_assets/Screenshot 2025-07-21 at 19.38.46_1753119528858.png,154674,b7d73297efa348f7ebd2afaec81948f676c4dd7c,https://github.com/heyns1000/omnigrid/blob/main/fruitful-global-deployment/attached_assets/Screenshot 2025-07-21 at 19.38.46_1753119528858.png
fruitful-global-deployment/attached_assets/Screenshot 2025-07-21 at 19.39.13_1753119556333.png,215143,1f30a26ed759936a08af49068a0cb18dba6e8002,https://github.com/heyns1000/omnigrid/blob/main/fruitful-global-deployment/attached_assets/Screenshot 2025-07-21 at 19.39.13_1753119556333.png
fruitful-global-deployment/attached_assets/Screenshot 2025-07-21 at 19.47.42_1753120064798.png,89129,9b4c11e325dd3d9ca392fa4c99c0de5c6851dc4e,https://github.com/heyns1000/omnigrid/blob/main/fruitful-global-deployment/attached_assets/Screenshot 2025-07-21 at 19.47.42_1753120064798.png
fruitful-global-deployment/attached_assets/Screenshot 2025-07-21 at 19.51.28_1753120291395.png,72903,74012257f6868b70103895a64ab40079ed595d56,https://github.com/heyns1000/omnigrid/blob/main/fruitful-global-deployment/attached_assets/Screenshot 2025-07-21 at 19.51.28_1753120291395.png
fruitful-global-deployment/attached_assets/Screenshot 2025-07-21 at 19.56.32_1753120596690.png,62064,50b922506cc58f1d0f9cc7c1ef81e61d8efeb225,https://github.com/heyns1000/omnigrid/blob/main/fruitful-global-deployment/attached_assets/Screenshot 2025-07-21 at 19.56.32_1753120596690.png
fruitful-global-deployment/attached_assets/Screenshot 2025-07-21 at 19.59.31_1753120775828.png,91876,206514c5a37fd98c7067d80711f6148ad50f1e98,https://github.com/heyns1000/omnigrid/blob/main/fruitful-global-deployment/attached_assets/Screenshot 2025-07-21 at 19.59.31_1753120775828.png
fruitful-global-deployment/attached_assets/Screenshot 2025-07-21 at 20.10.04_1753121407969.png,273021,5be1fb833cb8e6d1cca163ed55bb2d9c944bb65b,https://github.com/heyns1000/omnigrid/blob/main/fruitful-global-deployment/attached_assets/Screenshot 2025-07-21 at 20.10.04_1753121407969.png
fruitful-global-deployment/attached_assets/Screenshot 2025-07-21 at 20.10.17_1753121419688.png,253721,be87b9333a03d766c66b2f89a74c3f06add22191,https://github.com/heyns1000/omnigrid/blob/main/fruitful-global-deployment/attached_assets/Screenshot 2025-07-21 at 20.10.17_1753121419688.png
fruitful-global-deployment/attached_assets/Screenshot 2025-07-21 at 20.11.03_1753121467600.png,92368,3b3dd26e663ce777ddcfbb876478bebb3bb3e5ef,https://github.com/heyns1000/omnigrid/blob/main/fruitful-global-deployment/attached_assets/Screenshot 2025-07-21 at 20.11.03_1753121467600.png
fruitful-global-deployment/attached_assets/Screenshot 2025-07-21 at 20.15.01_1753121704365.png,263003,a7185d92c380be74129f1a89619b98b16d87e890,https://github.com/heyns1000/omnigrid/blob/main/fruitful-global-deployment/attached_assets/Screenshot 2025-07-21 at 20.15.01_1753121704365.png
fruitful-global-deployment/attached_assets/Screenshot 2025-07-21 at 20.15.10_1753121713020.png,289418,3f1a98fbbb4546b5cbc54d0eb3e9268da2b6ecef,https://github.com/heyns1000/omnigrid/blob/main/fruitful-global-deployment/attached_assets/Screenshot 2025-07-21 at 20.15.10_1753121713020.png
fruitful-global-deployment/attached_assets/Screenshot 2025-07-21 at 20.18.08_1753121890804.png,104404,d8e452d3fcc5e85e00cd7c146bb657b70448f9c7,https://github.com/heyns1000/omnigrid/blob/main/fruitful-global-deployment/attached_assets/Screenshot 2025-07-21 at 20.18.08_1753121890804.png
fruitful-global-deployment/attached_assets/Screenshot 2025-07-21 at 20.19.43_1753121985673.png,264716,097e4b2f1ea3dd4bbf03c8832a25ae24ad099b27,https://github.com/heyns1000/omnigrid/blob/main/fruitful-global-deployment/attached_assets/Screenshot 2025-07-21 at 20.19.43_1753121985673.png
fruitful-global-deployment/attached_assets/Screenshot 2025-07-21 at 20.22.19_1753122142242.png,143803,e6e35318ad5737e4596ff17849a6da9460fde377,https://github.com/heyns1000/omnigrid/blob/main/fruitful-global-deployment/attached_assets/Screenshot 2025-07-21 at 20.22.19_1753122142242.png
fruitful-global-deployment/attached_assets/Screenshot 2025-07-21 at 20.35.25_1753122927691.png,43046,9a762c4cf95a83852a6e24057783b2e95e38af21,https://github.com/heyns1000/omnigrid/blob/main/fruitful-global-deployment/attached_assets/Screenshot 2025-07-21 at 20.35.25_1753122927691.png
fruitful-global-deployment/attached_assets/Screenshot 2025-07-21 at 20.36.59_1753123021730.png,67112,284b2da4524ccd6714a94d0b4e362b084620bd70,https://github.com/heyns1000/omnigrid/blob/main/fruitful-global-deployment/attached_assets/Screenshot 2025-07-21 at 20.36.59_1753123021730.png
fruitful-global-deployment/attached_assets/Screenshot 2025-07-21 at 20.38.16_1753123098195.png,283040,410925eaa7ba11bb92101ef7128808a45b20ff0d,https://github.com/heyns1000/omnigrid/blob/main/fruitful-global-deployment/attached_assets/Screenshot 2025-07-21 at 20.38.16_1753123098195.png
fruitful-global-deployment/attached_assets/Screenshot 2025-07-21 at 20.42.18_1753123341136.png,177592,93e28687de1dd882f1d36f4445109c40c80842e4,https://github.com/heyns1000/omnigrid/blob/main/fruitful-global-deployment/attached_assets/Screenshot 2025-07-21 at 20.42.18_1753123341136.png
fruitful-global-deployment/attached_assets/Screenshot 2025-07-21 at 20.50.20_1753123822950.png,135219,41a29762d14cc95b20abbb91adf3a309b6623542,https://github.com/heyns1000/omnigrid/blob/main/fruitful-global-deployment/attached_assets/Screenshot 2025-07-21 at 20.50.20_1753123822950.png
fruitful-global-deployment/attached_assets/Screenshot 2025-07-21 at 20.56.37_1753124199916.png,194393,27ac7b32b36d00398e7af98764375ea177214ef7,https://github.com/heyns1000/omnigrid/blob/main/fruitful-global-deployment/attached_assets/Screenshot 2025-07-21 at 20.56.37_1753124199916.png
fruitful-global-deployment/attached_assets/Screenshot 2025-07-21 at 20.59.20_1753124365949.png,89984,2cbbd8de99b592082cfe37044a3701412e02aa4f,https://github.com/heyns1000/omnigrid/blob/main/fruitful-global-deployment/attached_assets/Screenshot 2025-07-21 at 20.59.20_1753124365949.png
fruitful-global-deployment/attached_assets/Screenshot 2025-07-22 at 18.19.08_1753201151824.png,306387,6274629e5e6bbf360c3d0d25b70595252085ba07,https://github.com/heyns1000/omnigrid/blob/main/fruitful-global-deployment/attached_assets/Screenshot 2025-07-22 at 18.19.08_1753201151824.png
fruitful-global-deployment/attached_assets/Screenshot 2025-07-22 at 18.19.36_1753201180296.png,1075234,135a702795ef2c6dd64057a24f357df48e0eb80e,https://github.com/heyns1000/omnigrid/blob/main/fruitful-global-deployment/attached_assets/Screenshot 2025-07-22 at 18.19.36_1753201180296.png
fruitful-global-deployment/attached_assets/Screenshot 2025-07-22 at 18.45.07_1753202711617.png,2373439,fad5d1c727c5c307199ac527d2b8070bd7c78384,https://github.com/heyns1000/omnigrid/blob/main/fruitful-global-deployment/attached_assets/Screenshot 2025-07-22 at 18.45.07_1753202711617.png
fruitful-global-deployment/attached_assets/Screenshot 2025-07-22 at 18.47.56_1753202879412.png,243393,c9a8bc1030ef592ad31a7a829bf24615eaaee097,https://github.com/heyns1000/omnigrid/blob/main/fruitful-global-deployment/attached_assets/Screenshot 2025-07-22 at 18.47.56_1753202879412.png
fruitful-global-deployment/attached_assets/Screenshot 2025-07-22 at 18.51.05_1753203068334.png,494061,566ed2407a10eb32c48ca965a0004c5d4f3760ba,https://github.com/heyns1000/omnigrid/blob/main/fruitful-global-deployment/attached_assets/Screenshot 2025-07-22 at 18.51.05_1753203068334.png
fruitful-global-deployment/attached_assets/Screenshot 2025-07-22 at 18.54.49_1753203292590.png,268774,4967bd0d64648e095f5f3bf072dbb1dcfa910eb4,https://github.com/heyns1000/omnigrid/blob/main/fruitful-global-deployment/attached_assets/Screenshot 2025-07-22 at 18.54.49_1753203292590.png
fruitful-global-deployment/attached_assets/Screenshot 2025-07-22 at 18.56.20_1753203382161.png,1389712,dd4760cc6e6adb3cf4f576249ee04537a6ddb1dc,https://github.com/heyns1000/omnigrid/blob/main/fruitful-global-deployment/attached_assets/Screenshot 2025-07-22 at 18.56.20_1753203382161.png
fruitful-global-deployment/attached_assets/Screenshot 2025-07-22 at 19.02.57_1753203779739.png,2404983,dc7355f0ddffa9f5550b745b44d930a6f9069a54,https://github.com/heyns1000/omnigrid/blob/main/fruitful-global-deployment/attached_assets/Screenshot 2025-07-22 at 19.02.57_1753203779739.png
fruitful-global-deployment/attached_assets/Screenshot 2025-07-22 at 19.07.57_1753204079965.png,444178,443c5188bc8991e8034b71348404693455610eb2,https://github.com/heyns1000/omnigrid/blob/main/fruitful-global-deployment/attached_assets/Screenshot 2025-07-22 at 19.07.57_1753204079965.png
fruitful-global-deployment/attached_assets/Screenshot 2025-07-22 at 19.10.19_1753204221837.png,2112380,6c2e83452497bdc09a773f647f1d0c5b02eec1c9,https://github.com/heyns1000/omnigrid/blob/main/fruitful-global-deployment/attached_assets/Screenshot 2025-07-22 at 19.10.19_1753204221837.png
fruitful-global-deployment/attached_assets/Screenshot 2025-07-22 at 19.14.12_1753204454466.png,1681140,f402b215fbca1c88b72bccb769ac27ca9e6a4330,https://github.com/heyns1000/omnigrid/blob/main/fruitful-global-deployment/attached_assets/Screenshot 2025-07-22 at 19.14.12_1753204454466.png
fruitful-global-deployment/attached_assets/Screenshot 2025-07-22 at 19.17.06_1753204628975.png,2525551,c0e2a9a43ba695d169199386d251430aa34ea3da,https://github.com/heyns1000/omnigrid/blob/main/fruitful-global-deployment/attached_assets/Screenshot 2025-07-22 at 19.17.06_1753204628975.png
fruitful-global-deployment/attached_assets/Screenshot 2025-07-22 at 19.19.14_1753204756086.png,1122185,23bdd27630fd3af1784eb56f59c202e9fb523b54,https://github.com/heyns1000/omnigrid/blob/main/fruitful-global-deployment/attached_assets/Screenshot 2025-07-22 at 19.19.14_1753204756086.png
fruitful-global-deployment/attached_assets/Screenshot 2025-07-22 at 19.23.35_1753205018534.png,15985,eaeb81e1959863b4e9ea26bb220683fb646fa1a7,https://github.com/heyns1000/omnigrid/blob/main/fruitful-global-deployment/attached_assets/Screenshot 2025-07-22 at 19.23.35_1753205018534.png
fruitful-global-deployment/attached_assets/Screenshot 2025-07-22 at 19.25.28_1753205131207.png,490299,51d55562aba3a8442268d2e080c8d7dc1ace3197,https://github.com/heyns1000/omnigrid/blob/main/fruitful-global-deployment/attached_assets/Screenshot 2025-07-22 at 19.25.28_1753205131207.png
fruitful-global-deployment/attached_assets/Screenshot 2025-07-22 at 19.28.40_1753205322693.png,431894,7954f6df64008c1b75003f446c377574d344e39b,https://github.com/heyns1000/omnigrid/blob/main/fruitful-global-deployment/attached_assets/Screenshot 2025-07-22 at 19.28.40_1753205322693.png
fruitful-global-deployment/attached_assets/Screenshot 2025-07-22 at 19.32.20_1753205543461.png,200115,25638e194764f3748b7c1ba6422ca4360d21b070,https://github.com/heyns1000/omnigrid/blob/main/fruitful-global-deployment/attached_assets/Screenshot 2025-07-22 at 19.32.20_1753205543461.png
fruitful-global-deployment/attached_assets/Screenshot 2025-07-22 at 19.48.26_1753206508899.png,968685,7b067ae6c696b369eb367d1ff058a41fdd047f8c,https://github.com/heyns1000/omnigrid/blob/main/fruitful-global-deployment/attached_assets/Screenshot 2025-07-22 at 19.48.26_1753206508899.png
fruitful-global-deployment/attached_assets/Screenshot 2025-07-22 at 20.08.54_1753207737618.png,284251,5c221bb237dfc28002664db9d51ba465d800ff4f,https://github.com/heyns1000/omnigrid/blob/main/fruitful-global-deployment/attached_assets/Screenshot 2025-07-22 at 20.08.54_1753207737618.png
fruitful-global-deployment/attached_assets/Screenshot 2025-07-22 at 20.09.21_1753207763087.png,778641,a728fa11707bff4588c40e41fa5b631bc8123ad5,https://github.com/heyns1000/omnigrid/blob/main/fruitful-global-deployment/attached_assets/Screenshot 2025-07-22 at 20.09.21_1753207763087.png
fruitful-global-deployment/attached_assets/Screenshot 2025-07-22 at 20.15.57_1753208159476.png,879119,4566bb9c043969098c994235f88463d1154710d7,https://github.com/heyns1000/omnigrid/blob/main/fruitful-global-deployment/attached_assets/Screenshot 2025-07-22 at 20.15.57_1753208159476.png
fruitful-global-deployment/attached_assets/Screenshot 2025-07-22 at 20.16.03_1753208165171.png,40311,1f718330618c442a34250f5b8e845486a7cbe16d,https://github.com/heyns1000/omnigrid/blob/main/fruitful-global-deployment/attached_assets/Screenshot 2025-07-22 at 20.16.03_1753208165171.png
fruitful-global-deployment/attached_assets/Screenshot 2025-07-22 at 20.19.08_1753208350749.png,1426083,7a62f79eba4a3859558395481c96d511097ec354,https://github.com/heyns1000/omnigrid/blob/main/fruitful-global-deployment/attached_assets/Screenshot 2025-07-22 at 20.19.08_1753208350749.png
fruitful-global-deployment/attached_assets/Screenshot 2025-07-22 at 20.20.17_1753208419804.png,67819,a5574a92642253442308ce2198808b81c6e89474,https://github.com/heyns1000/omnigrid/blob/main/fruitful-global-deployment/attached_assets/Screenshot 2025-07-22 at 20.20.17_1753208419804.png
fruitful-global-deployment/attached_assets/Screenshot 2025-07-22 at 20.20.48_1753208450569.png,1781734,ec263416f4d13661872cc06adc3efc242c218e6e,https://github.com/heyns1000/omnigrid/blob/main/fruitful-global-deployment/attached_assets/Screenshot 2025-07-22 at 20.20.48_1753208450569.png
fruitful-global-deployment/attached_assets/Screenshot 2025-07-22 at 20.23.13_1753208595908.png,2354446,8d2a7f79d21347beec3870e995463c07caa91457,https://github.com/heyns1000/omnigrid/blob/main/fruitful-global-deployment/attached_assets/Screenshot 2025-07-22 at 20.23.13_1753208595908.png
fruitful-global-deployment/attached_assets/Screenshot 2025-07-22 at 20.32.16_1753209139010.png,1611926,728f1c3d4df7ba867f7035657ee73f37e15b7112,https://github.com/heyns1000/omnigrid/blob/main/fruitful-global-deployment/attached_assets/Screenshot 2025-07-22 at 20.32.16_1753209139010.png
fruitful-global-deployment/attached_assets/Screenshot 2025-07-22 at 20.38.21_1753209504627.png,2317581,5e7a726a0dc19f64fd7887b5fdd408cfe8df1778,https://github.com/heyns1000/omnigrid/blob/main/fruitful-global-deployment/attached_assets/Screenshot 2025-07-22 at 20.38.21_1753209504627.png
fruitful-global-deployment/attached_assets/Screenshot 2025-07-22 at 20.41.05_1753209668164.png,2340452,f92ead0c6593f86a5d84c31dd87d3243e7935874,https://github.com/heyns1000/omnigrid/blob/main/fruitful-global-deployment/attached_assets/Screenshot 2025-07-22 at 20.41.05_1753209668164.png
fruitful-global-deployment/attached_assets/Screenshot 2025-07-22 at 20.44.35_1753209877931.png,96846,314457fb64584be9771c44af8ad58d6cac40ed2d,https://github.com/heyns1000/omnigrid/blob/main/fruitful-global-deployment/attached_assets/Screenshot 2025-07-22 at 20.44.35_1753209877931.png
fruitful-global-deployment/attached_assets/Screenshot 2025-07-22 at 20.47.15_1753210037757.png,2322082,988772ca89a24e017285deaa29f76210cdf77310,https://github.com/heyns1000/omnigrid/blob/main/fruitful-global-deployment/attached_assets/Screenshot 2025-07-22 at 20.47.15_1753210037757.png
fruitful-global-deployment/attached_assets/Screenshot 2025-07-22 at 21.01.28_1753210891908.png,239531,dcdba2ec0b227ce0312a900f7c372b72897d7c6e,https://github.com/heyns1000/omnigrid/blob/main/fruitful-global-deployment/attached_assets/Screenshot 2025-07-22 at 21.01.28_1753210891908.png
fruitful-global-deployment/attached_assets/Screenshot 2025-07-22 at 21.01.43_1753210905547.png,1171418,e9ef3f2116d1960f04240ab587c9088b9ee2ead2,https://github.com/heyns1000/omnigrid/blob/main/fruitful-global-deployment/attached_assets/Screenshot 2025-07-22 at 21.01.43_1753210905547.png
fruitful-global-deployment/attached_assets/Screenshot 2025-07-22 at 21.01.50_1753210912847.png,1444310,e6f13d3e3c9f9de0fef010903620c1b07bbcf1d1,https://github.com/heyns1000/omnigrid/blob/main/fruitful-global-deployment/attached_assets/Screenshot 2025-07-22 at 21.01.50_1753210912847.png
fruitful-global-deployment/attached_assets/Screenshot 2025-07-22 at 21.17.04_1753211826962.png,164647,d6af197e3cd963425adc2df02edc79f9f1bfda41,https://github.com/heyns1000/omnigrid/blob/main/fruitful-global-deployment/attached_assets/Screenshot 2025-07-22 at 21.17.04_1753211826962.png
fruitful-global-deployment/attached_assets/Screenshot 2025-07-22 at 21.26.14_1753212377235.png,114866,99b99df8abbe49f90b687c0d6cb2ad7a78ebcc45,https://github.com/heyns1000/omnigrid/blob/main/fruitful-global-deployment/attached_assets/Screenshot 2025-07-22 at 21.26.14_1753212377235.png
fruitful-global-deployment/attached_assets/Screenshot 2025-07-22 at 21.30.42_1753212644700.png,1178779,9b7752b60e76b45f7d34bb593d9bc6e79c67a5a0,https://github.com/heyns1000/omnigrid/blob/main/fruitful-global-deployment/attached_assets/Screenshot 2025-07-22 at 21.30.42_1753212644700.png
fruitful-global-deployment/attached_assets/Screenshot 2025-07-22 at 21.39.04_1753213146390.png,1489329,28da428de1c6950e4d0106d87817e7e8f88e30da,https://github.com/heyns1000/omnigrid/blob/main/fruitful-global-deployment/attached_assets/Screenshot 2025-07-22 at 21.39.04_1753213146390.png
fruitful-global-deployment/attached_assets/Screenshot 2025-07-22 at 21.45.55_1753213560497.png,1569974,cb708da48466951cd0a6dc9c0416949e87b0d38f,https://github.com/heyns1000/omnigrid/blob/main/fruitful-global-deployment/attached_assets/Screenshot 2025-07-22 at 21.45.55_1753213560497.png
fruitful-global-deployment/attached_assets/Screenshot 2025-07-22 at 21.47.30_1753213652393.png,491720,794f30a9d2a379a2ced5a0953ac8d4a3791c1c40,https://github.com/heyns1000/omnigrid/blob/main/fruitful-global-deployment/attached_assets/Screenshot 2025-07-22 at 21.47.30_1753213652393.png
fruitful-global-deployment/attached_assets/Screenshot 2025-07-22 at 21.50.24_1753213826776.png,752943,711a700e163521a05e6ca3bc3509ea6069f3bcc8,https://github.com/heyns1000/omnigrid/blob/main/fruitful-global-deployment/attached_assets/Screenshot 2025-07-22 at 21.50.24_1753213826776.png
fruitful-global-deployment/attached_assets/Screenshot 2025-07-22 at 22.10.01_1753215003659.png,996488,1f8f9b5ba8eb3a83e7b6bc8e2fd559ed16235629,https://github.com/heyns1000/omnigrid/blob/main/fruitful-global-deployment/attached_assets/Screenshot 2025-07-22 at 22.10.01_1753215003659.png
fruitful-global-deployment/attached_assets/Screenshot 2025-07-22 at 22.14.49_1753215291580.png,832565,0af7e17991203d6ef7a3a1af5d184de01128e8b7,https://github.com/heyns1000/omnigrid/blob/main/fruitful-global-deployment/attached_assets/Screenshot 2025-07-22 at 22.14.49_1753215291580.png
fruitful-global-deployment/attached_assets/Screenshot 2025-07-22 at 22.19.57_1753215600942.png,607549,e12da4baca4748f87bcbf8850daf8110b37a9aee,https://github.com/heyns1000/omnigrid/blob/main/fruitful-global-deployment/attached_assets/Screenshot 2025-07-22 at 22.19.57_1753215600942.png
fruitful-global-deployment/attached_assets/Screenshot 2025-07-22 at 22.24.35_1753215877703.png,601542,24ed8b354dedbe00e62fc4aeba942cad0d08a8d1,https://github.com/heyns1000/omnigrid/blob/main/fruitful-global-deployment/attached_assets/Screenshot 2025-07-22 at 22.24.35_1753215877703.png
fruitful-global-deployment/attached_assets/Screenshot 2025-07-22 at 22.28.18_1753216101539.png,596828,7f51c7e8b3c457182ceed1d65cad02f2719fb737,https://github.com/heyns1000/omnigrid/blob/main/fruitful-global-deployment/attached_assets/Screenshot 2025-07-22 at 22.28.18_1753216101539.png
fruitful-global-deployment/attached_assets/Screenshot 2025-07-22 at 23.05.40_1753218342610.png,2289609,69b59f5f20fd61fcb201135d0ac7791ffe640d06,https://github.com/heyns1000/omnigrid/blob/main/fruitful-global-deployment/attached_assets/Screenshot 2025-07-22 at 23.05.40_1753218342610.png
fruitful-global-deployment/attached_assets/Screenshot 2025-07-22 at 23.09.14_1753218556793.png,1717111,9b59a17ed14a67350c88d191fafb278c3dc4d128,https://github.com/heyns1000/omnigrid/blob/main/fruitful-global-deployment/attached_assets/Screenshot 2025-07-22 at 23.09.14_1753218556793.png
fruitful-global-deployment/attached_assets/Screenshot 2025-07-22 at 23.24.47_1753219489963.png,1280087,ed362ba4883f29b0a4c732b252cfcba0d6bc8d0c,https://github.com/heyns1000/omnigrid/blob/main/fruitful-global-deployment/attached_assets/Screenshot 2025-07-22 at 23.24.47_1753219489963.png
fruitful-global-deployment/attached_assets/Screenshot 2025-07-22 at 23.30.08_1753219810241.png,948652,a7cad395d373ab69b694b0ad4f72c83d925b6848,https://github.com/heyns1000/omnigrid/blob/main/fruitful-global-deployment/attached_assets/Screenshot 2025-07-22 at 23.30.08_1753219810241.png
fruitful-global-deployment/attached_assets/Screenshot 2025-07-22 at 23.30.27_1753219829082.png,1005386,db3bb09153cdb094609da71894ab952232c93a08,https://github.com/heyns1000/omnigrid/blob/main/fruitful-global-deployment/attached_assets/Screenshot 2025-07-22 at 23.30.27_1753219829082.png
fruitful-global-deployment/attached_assets/Screenshot 2025-07-22 at 23.34.11_1753220053154.png,595678,a26a83325fcf1362f10406db2e7624b9a2fac32b,https://github.com/heyns1000/omnigrid/blob/main/fruitful-global-deployment/attached_assets/Screenshot 2025-07-22 at 23.34.11_1753220053154.png
fruitful-global-deployment/attached_assets/Screenshot 2025-07-22 at 23.35.03_1753220105934.png,25353,4e611fb801aa6426f2da979ce14dbd38c77587fe,https://github.com/heyns1000/omnigrid/blob/main/fruitful-global-deployment/attached_assets/Screenshot 2025-07-22 at 23.35.03_1753220105934.png
fruitful-global-deployment/attached_assets/Screenshot 2025-07-22 at 23.37.07_1753220230329.png,54765,a7d574f92d9460171de95112fd330e3daa1bbbd9,https://github.com/heyns1000/omnigrid/blob/main/fruitful-global-deployment/attached_assets/Screenshot 2025-07-22 at 23.37.07_1753220230329.png
fruitful-global-deployment/attached_assets/Screenshot 2025-07-22 at 23.44.38_1753220681067.png,933250,45a09be8785c08802d72f2d73bcd1ebcaf6bebaa,https://github.com/heyns1000/omnigrid/blob/main/fruitful-global-deployment/attached_assets/Screenshot 2025-07-22 at 23.44.38_1753220681067.png
fruitful-global-deployment/attached_assets/Screenshot 2025-07-22 at 23.49.27_1753220969156.png,948697,65491d389509c9f6da34b7723a1b07fe777f67c5,https://github.com/heyns1000/omnigrid/blob/main/fruitful-global-deployment/attached_assets/Screenshot 2025-07-22 at 23.49.27_1753220969156.png
fruitful-global-deployment/attached_assets/Screenshot 2025-07-23 at 09.44.13_1753256657339.png,122822,f5d2fbe9b29a31390d949036acf88e847f2e4aee,https://github.com/heyns1000/omnigrid/blob/main/fruitful-global-deployment/attached_assets/Screenshot 2025-07-23 at 09.44.13_1753256657339.png
fruitful-global-deployment/attached_assets/Screenshot 2025-07-23 at 09.44.22_1753256664564.png,41925,0bcdb37d86316f8e626d323de02973ea1ed0d454,https://github.com/heyns1000/omnigrid/blob/main/fruitful-global-deployment/attached_assets/Screenshot 2025-07-23 at 09.44.22_1753256664564.png
fruitful-global-deployment/attached_assets/Screenshot 2025-07-23 at 09.55.20_1753257326018.png,964107,31f5b9b66051cee8d3429dd01b9db7528df682c3,https://github.com/heyns1000/omnigrid/blob/main/fruitful-global-deployment/attached_assets/Screenshot 2025-07-23 at 09.55.20_1753257326018.png
fruitful-global-deployment/attached_assets/Screenshot 2025-07-23 at 11.08.42_1753261724678.png,111587,4bc3ea99fe46859f034d1960523f8420b7bb6590,https://github.com/heyns1000/omnigrid/blob/main/fruitful-global-deployment/attached_assets/Screenshot 2025-07-23 at 11.08.42_1753261724678.png
fruitful-global-deployment/attached_assets/Screenshot 2025-07-23 at 11.19.07_1753262352704.png,91913,cc1261e4be4fc03087e7f202d6bcf7fdb08296af,https://github.com/heyns1000/omnigrid/blob/main/fruitful-global-deployment/attached_assets/Screenshot 2025-07-23 at 11.19.07_1753262352704.png
fruitful-global-deployment/attached_assets/Screenshot 2025-07-23 at 11.23.48_1753262631896.png,1049441,dfbf79d26fef9407eb2074165ab41f5710dda2ff,https://github.com/heyns1000/omnigrid/blob/main/fruitful-global-deployment/attached_assets/Screenshot 2025-07-23 at 11.23.48_1753262631896.png
fruitful-global-deployment/attached_assets/Screenshot 2025-07-23 at 11.28.36_1753262918940.png,125173,ffa3066dcf71a11d08ba05e70c04d36a8bce1534,https://github.com/heyns1000/omnigrid/blob/main/fruitful-global-deployment/attached_assets/Screenshot 2025-07-23 at 11.28.36_1753262918940.png
fruitful-global-deployment/attached_assets/Screenshot 2025-07-23 at 11.42.58_1753263780852.png,632240,3908fcaf646e7bb5f7d993b23c50a238d515658e,https://github.com/heyns1000/omnigrid/blob/main/fruitful-global-deployment/attached_assets/Screenshot 2025-07-23 at 11.42.58_1753263780852.png
fruitful-global-deployment/attached_assets/Screenshot 2025-07-23 at 11.54.30_1753264472140.png,389359,3f1eee29f66074262a0efbb920f59fde34ce6dc5,https://github.com/heyns1000/omnigrid/blob/main/fruitful-global-deployment/attached_assets/Screenshot 2025-07-23 at 11.54.30_1753264472140.png
fruitful-global-deployment/attached_assets/Screenshot 2025-07-23 at 11.58.06_1753264689354.png,2146533,19464862c3be648859d854f38c79663b9633c10d,https://github.com/heyns1000/omnigrid/blob/main/fruitful-global-deployment/attached_assets/Screenshot 2025-07-23 at 11.58.06_1753264689354.png
fruitful-global-deployment/attached_assets/Screenshot 2025-07-23 at 11.58.28_1753264711259.png,31502,ec7690bdeadf6c3fe9fdd1ebdbc698c02cfb9f73,https://github.com/heyns1000/omnigrid/blob/main/fruitful-global-deployment/attached_assets/Screenshot 2025-07-23 at 11.58.28_1753264711259.png
fruitful-global-deployment/attached_assets/Screenshot 2025-07-23 at 12.03.46_1753265028586.png,62040,0e56052666f24033377188a52be6ab5946c6664b,https://github.com/heyns1000/omnigrid/blob/main/fruitful-global-deployment/attached_assets/Screenshot 2025-07-23 at 12.03.46_1753265028586.png
fruitful-global-deployment/attached_assets/Screenshot 2025-07-23 at 12.04.07_1753265049265.png,507328,4cfb99596a61daef699b234d0b66670e6ce07dac,https://github.com/heyns1000/omnigrid/blob/main/fruitful-global-deployment/attached_assets/Screenshot 2025-07-23 at 12.04.07_1753265049265.png
fruitful-global-deployment/attached_assets/Screenshot 2025-07-23 at 12.19.33_1753265976401.png,1961502,e25f579713fcf12980e6e457675cfacb1ce71a60,https://github.com/heyns1000/omnigrid/blob/main/fruitful-global-deployment/attached_assets/Screenshot 2025-07-23 at 12.19.33_1753265976401.png
fruitful-global-deployment/attached_assets/Screenshot 2025-07-23 at 12.22.30_1753266153549.png,128374,d7de5210c3457024f25b241a6caccdd51323c2fd,https://github.com/heyns1000/omnigrid/blob/main/fruitful-global-deployment/attached_assets/Screenshot 2025-07-23 at 12.22.30_1753266153549.png
fruitful-global-deployment/attached_assets/Screenshot 2025-07-23 at 12.22.44_1753266167012.png,128975,f8d7353d1c1b7c4d891ef4d3996483f7ca97a9dd,https://github.com/heyns1000/omnigrid/blob/main/fruitful-global-deployment/attached_assets/Screenshot 2025-07-23 at 12.22.44_1753266167012.png
fruitful-global-deployment/attached_assets/Screenshot 2025-07-23 at 12.45.11_1753267514587.png,607073,b1580c231f8f33f69873edf1e40725d24a591add,https://github.com/heyns1000/omnigrid/blob/main/fruitful-global-deployment/attached_assets/Screenshot 2025-07-23 at 12.45.11_1753267514587.png
fruitful-global-deployment/attached_assets/Screenshot 2025-07-23 at 12.50.16_1753267818300.png,62202,9f48b49f9537eb9bc0a7c7cd60a4eed629ea3b8c,https://github.com/heyns1000/omnigrid/blob/main/fruitful-global-deployment/attached_assets/Screenshot 2025-07-23 at 12.50.16_1753267818300.png
fruitful-global-deployment/attached_assets/Screenshot 2025-07-23 at 13.25.09_1753269911491.png,449452,6645c2a939cfa830b0dd4aa7fd86f9b7db6caada,https://github.com/heyns1000/omnigrid/blob/main/fruitful-global-deployment/attached_assets/Screenshot 2025-07-23 at 13.25.09_1753269911491.png
fruitful-global-deployment/attached_assets/Screenshot 2025-07-23 at 13.32.27_1753270350723.png,287019,df94b044825bb7f6b1ed9f79b6a87133836f02cb,https://github.com/heyns1000/omnigrid/blob/main/fruitful-global-deployment/attached_assets/Screenshot 2025-07-23 at 13.32.27_1753270350723.png
fruitful-global-deployment/attached_assets/Screenshot 2025-07-23 at 14.35.09_1753274112946.png,182359,2670d7002d804298723202c950335bcf79d5a8b6,https://github.com/heyns1000/omnigrid/blob/main/fruitful-global-deployment/attached_assets/Screenshot 2025-07-23 at 14.35.09_1753274112946.png
fruitful-global-deployment/attached_assets/Screenshot 2025-07-27 at 00.45.00_1753569912395.png,128737,9681743c8e5804ae6903cbe59ebf675f159b1c14,https://github.com/heyns1000/omnigrid/blob/main/fruitful-global-deployment/attached_assets/Screenshot 2025-07-27 at 00.45.00_1753569912395.png
fruitful-global-deployment/attached_assets/Screenshot 2025-08-23 at 04.12.35_1755915159505.png,1677779,495caa210947724e717c1f02a99f30b44b75f11c,https://github.com/heyns1000/omnigrid/blob/main/fruitful-global-deployment/attached_assets/Screenshot 2025-08-23 at 04.12.35_1755915159505.png
fruitful-global-deployment/attached_assets/Screenshot 2025-08-23 at 04.14.49_1755915293632.png,2355533,a7606674c574d349bd78e50ef9c2d62d194e6729,https://github.com/heyns1000/omnigrid/blob/main/fruitful-global-deployment/attached_assets/Screenshot 2025-08-23 at 04.14.49_1755915293632.png
fruitful-global-deployment/attached_assets/Screenshot 2025-08-24 at 13.44.05_1756035853347.png,109558,98757cdb5caf0c136cd1096836556fee9484c75a,https://github.com/heyns1000/omnigrid/blob/main/fruitful-global-deployment/attached_assets/Screenshot 2025-08-24 at 13.44.05_1756035853347.png
fruitful-global-deployment/attached_assets/Screenshot 2025-08-25 at 14.47.41_1756126064222.png,2188959,8827b706af1fd4d645db8124f5eb5402eef065e0,https://github.com/heyns1000/omnigrid/blob/main/fruitful-global-deployment/attached_assets/Screenshot 2025-08-25 at 14.47.41_1756126064222.png
fruitful-global-deployment/attached_assets/Screenshot 2025-08-25 at 15.04.47_1756127088944.png,1806691,03535130526a832c11e4100758423892af5ee035,https://github.com/heyns1000/omnigrid/blob/main/fruitful-global-deployment/attached_assets/Screenshot 2025-08-25 at 15.04.47_1756127088944.png
fruitful-global-deployment/attached_assets/Screenshot 2025-08-28 at 02.32.28_1756341151299.png,12499,a81de8cad8c6a661cc5ea39befc4b9832ff780bd,https://github.com/heyns1000/omnigrid/blob/main/fruitful-global-deployment/attached_assets/Screenshot 2025-08-28 at 02.32.28_1756341151299.png
fruitful-global-deployment/attached_assets/Screenshot 2025-08-28 at 02.32.49_1756341171667.png,43726,3fb88316f8f2110d5898b7cd2d8727afbd484ebf,https://github.com/heyns1000/omnigrid/blob/main/fruitful-global-deployment/attached_assets/Screenshot 2025-08-28 at 02.32.49_1756341171667.png
fruitful-global-deployment/attached_assets/Screenshot 2025-08-28 at 02.32.56_1756341178250.png,1349678,71e803745f951dd942aaa7dc8165bef8acfd2a1b,https://github.com/heyns1000/omnigrid/blob/main/fruitful-global-deployment/attached_assets/Screenshot 2025-08-28 at 02.32.56_1756341178250.png
fruitful-global-deployment/attached_assets/Screenshot 2025-08-28 at 02.33.03_1756341185386.png,767612,3886a29a534e8807dde8080be61bec9f935ce654,https://github.com/heyns1000/omnigrid/blob/main/fruitful-global-deployment/attached_assets/Screenshot 2025-08-28 at 02.33.03_1756341185386.png
fruitful-global-deployment/attached_assets/Screenshot 2025-08-28 at 02.33.10_1756341192555.png,1033284,2b6a7e36f307a90a38f879b34313d1974fc33778,https://github.com/heyns1000/omnigrid/blob/main/fruitful-global-deployment/attached_assets/Screenshot 2025-08-28 at 02.33.10_1756341192555.png
fruitful-global-deployment/attached_assets/Screenshot 2025-08-28 at 02.33.19_1756341201845.png,668972,16588dc18cf6206d8b67c58810a02aed0ef9a6c3,https://github.com/heyns1000/omnigrid/blob/main/fruitful-global-deployment/attached_assets/Screenshot 2025-08-28 at 02.33.19_1756341201845.png
fruitful-global-deployment/attached_assets/Screenshot 2025-08-28 at 02.35.33_1756341335959.png,1378384,fc0978b8ecd9fb7d86471ffb5df20300fbbf4cb9,https://github.com/heyns1000/omnigrid/blob/main/fruitful-global-deployment/attached_assets/Screenshot 2025-08-28 at 02.35.33_1756341335959.png
fruitful-global-deployment/attached_assets/Screenshot 2025-08-28 at 02.37.02_1756341425076.png,181959,5357182d90b074705a4c4f44ad428339e5eaf84c,https://github.com/heyns1000/omnigrid/blob/main/fruitful-global-deployment/attached_assets/Screenshot 2025-08-28 at 02.37.02_1756341425076.png
fruitful-global-deployment/attached_assets/Screenshot 2025-08-28 at 02.37.16_1756341438901.png,1044041,9fdd1450c13a106606b54748d44c8ac0c96692d6,https://github.com/heyns1000/omnigrid/blob/main/fruitful-global-deployment/attached_assets/Screenshot 2025-08-28 at 02.37.16_1756341438901.png
fruitful-global-deployment/attached_assets/Screenshot 2025-08-28 at 02.37.28_1756341450467.png,37706,5807c0d20eaa9820e520552c4176386686c9754f,https://github.com/heyns1000/omnigrid/blob/main/fruitful-global-deployment/attached_assets/Screenshot 2025-08-28 at 02.37.28_1756341450467.png
fruitful-global-deployment/attached_assets/Screenshot 2025-09-03 at 15.25.34_1756905937040.png,4537393,429fc829823a194b6452224a0f4eeb97edac0725,https://github.com/heyns1000/omnigrid/blob/main/fruitful-global-deployment/attached_assets/Screenshot 2025-09-03 at 15.25.34_1756905937040.png
fruitful-global-deployment/attached_assets/Screenshot 2025-09-03 at 15.32.33_1756906358502.png,393740,c5bf44036eeae5bf45254dc7e6409f6caa99fd91,https://github.com/heyns1000/omnigrid/blob/main/fruitful-global-deployment/attached_assets/Screenshot 2025-09-03 at 15.32.33_1756906358502.png
fruitful-global-deployment/attached_assets/Screenshot 2025-09-03 at 17.28.08_1756913290320.png,956648,6380591fcba84051589e1c311763c924e6529ee2,https://github.com/heyns1000/omnigrid/blob/main/fruitful-global-deployment/attached_assets/Screenshot 2025-09-03 at 17.28.08_1756913290320.png
fruitful-global-deployment/attached_assets/Screenshot 2025-09-03 at 17.28.13_1756913296126.png,2993481,e5bab9cf4d07b2d8f6ac2b059092fbdcfb0b1118,https://github.com/heyns1000/omnigrid/blob/main/fruitful-global-deployment/attached_assets/Screenshot 2025-09-03 at 17.28.13_1756913296126.png
fruitful-global-deployment/attached_assets/Screenshot 2025-09-03 at 17.48.21_1756914503652.png,914739,fa8f680443f31eb1162fbb47dbdf53299a7d0cc2,https://github.com/heyns1000/omnigrid/blob/main/fruitful-global-deployment/attached_assets/Screenshot 2025-09-03 at 17.48.21_1756914503652.png
fruitful-global-deployment/attached_assets/Screenshot 2025-09-03 at 17.59.35_1756915177368.png,295704,9df170affc0d971765f279428c04083cfaec96cb,https://github.com/heyns1000/omnigrid/blob/main/fruitful-global-deployment/attached_assets/Screenshot 2025-09-03 at 17.59.35_1756915177368.png
fruitful-global-deployment/attached_assets/Screenshot 2025-09-03 at 18.20.31_1756916433260.png,2366618,24937bb861ca01b823a24ee6c911f79bb63cd4ee,https://github.com/heyns1000/omnigrid/blob/main/fruitful-global-deployment/attached_assets/Screenshot 2025-09-03 at 18.20.31_1756916433260.png
fruitful-global-deployment/attached_assets/Screenshot 2025-09-03 at 20.16.13_1756923378646.png,1908963,cb87f4ee3450bd9fc32c05affe284e5ba7cbe156,https://github.com/heyns1000/omnigrid/blob/main/fruitful-global-deployment/attached_assets/Screenshot 2025-09-03 at 20.16.13_1756923378646.png
fruitful-global-deployment/attached_assets/Screenshot 2025-09-03 at 20.18.08_1756923489701.png,1296695,9d24ce35f5abc457bf1108bdbd035a295dae7c7c,https://github.com/heyns1000/omnigrid/blob/main/fruitful-global-deployment/attached_assets/Screenshot 2025-09-03 at 20.18.08_1756923489701.png
fruitful-global-deployment/attached_assets/Screenshot 2025-09-03 at 20.18.14_1756923495488.png,1194313,5a98b123e295f992ab9ca8f363ceec1ff527bf9d,https://github.com/heyns1000/omnigrid/blob/main/fruitful-global-deployment/attached_assets/Screenshot 2025-09-03 at 20.18.14_1756923495488.png
fruitful-global-deployment/attached_assets/Screenshot 2025-09-03 at 20.24.32_1756923874909.png,2419837,607a32397fe361bb5e87ea04bb7f07a2465a1509,https://github.com/heyns1000/omnigrid/blob/main/fruitful-global-deployment/attached_assets/Screenshot 2025-09-03 at 20.24.32_1756923874909.png
fruitful-global-deployment/attached_assets/Screenshot 2025-09-03 at 20.24.38_1756923880292.png,1019021,e95e24610a271eb129fe2432358e6ddd35c94a9f,https://github.com/heyns1000/omnigrid/blob/main/fruitful-global-deployment/attached_assets/Screenshot 2025-09-03 at 20.24.38_1756923880292.png
fruitful-global-deployment/attached_assets/Screenshot 2025-09-03 at 20.24.45_1756923886762.png,745166,45543b1f4d242754e5638519189d76029593501c,https://github.com/heyns1000/omnigrid/blob/main/fruitful-global-deployment/attached_assets/Screenshot 2025-09-03 at 20.24.45_1756923886762.png
fruitful-global-deployment/attached_assets/Screenshot 2025-09-03 at 20.24.50_1756923893677.png,2085345,95d1ba0fe45d73b25965796ecb60b615aad3c134,https://github.com/heyns1000/omnigrid/blob/main/fruitful-global-deployment/attached_assets/Screenshot 2025-09-03 at 20.24.50_1756923893677.png
fruitful-global-deployment/attached_assets/Screenshot 2025-09-03 at 21.38.06_1756928288362.png,241309,c6447503dfc79df6c407931b393d1ae21ecc05de,https://github.com/heyns1000/omnigrid/blob/main/fruitful-global-deployment/attached_assets/Screenshot 2025-09-03 at 21.38.06_1756928288362.png
fruitful-global-deployment/attached_assets/Screenshot 2025-09-03 at 21.38.48_1756928332978.png,911428,c1d27aed79c405fb6fa01a4fd83f6c88518bb894,https://github.com/heyns1000/omnigrid/blob/main/fruitful-global-deployment/attached_assets/Screenshot 2025-09-03 at 21.38.48_1756928332978.png
fruitful-global-deployment/attached_assets/Screenshot 2025-09-04 at 01.58.53_1756943938217.png,3439707,a22d24b0e1034c4787680847384cbd1507e0e583,https://github.com/heyns1000/omnigrid/blob/main/fruitful-global-deployment/attached_assets/Screenshot 2025-09-04 at 01.58.53_1756943938217.png
fruitful-global-deployment/attached_assets/Screenshot 2025-09-04 at 22.32.36_1757017963129.png,323203,2601a08c953227fb15e58d3e5c5baf4e3bc4e951,https://github.com/heyns1000/omnigrid/blob/main/fruitful-global-deployment/attached_assets/Screenshot 2025-09-04 at 22.32.36_1757017963129.png
fruitful-global-deployment/attached_assets/Screenshot 2025-09-04 at 22.34.11_1757018054415.png,328235,0c6e59e7740387abdbc1ff2456fedddddae551ca,https://github.com/heyns1000/omnigrid/blob/main/fruitful-global-deployment/attached_assets/Screenshot 2025-09-04 at 22.34.11_1757018054415.png
fruitful-global-deployment/attached_assets/Screenshot 2025-09-05 at 03.41.52_1757036515123.png,51621,a2a2f62d52dcd40e2ad95c4c42537f00cea4f639,https://github.com/heyns1000/omnigrid/blob/main/fruitful-global-deployment/attached_assets/Screenshot 2025-09-05 at 03.41.52_1757036515123.png
fruitful-global-deployment/attached_assets/Screenshot 2025-09-05 at 03.45.47_1757036751323.png,53958,19e9ffbc1f21ec70e631099fbcbc1a0a16c4c099,https://github.com/heyns1000/omnigrid/blob/main/fruitful-global-deployment/attached_assets/Screenshot 2025-09-05 at 03.45.47_1757036751323.png
fruitful-global-deployment/attached_assets/Screenshot 2025-09-05 at 05.43.14_1757043801318.png,79109,18be043b1f00dff273b2186cb98d30e9e73cea80,https://github.com/heyns1000/omnigrid/blob/main/fruitful-global-deployment/attached_assets/Screenshot 2025-09-05 at 05.43.14_1757043801318.png
fruitful-global-deployment/attached_assets/Screenshot 2025-09-05 at 05.43.35_1757043820413.png,60114,8ec8118bc6966373a9c6a72cc0c0dbbbe2a27f7a,https://github.com/heyns1000/omnigrid/blob/main/fruitful-global-deployment/attached_assets/Screenshot 2025-09-05 at 05.43.35_1757043820413.png
fruitful-global-deployment/attached_assets/Screenshot 2025-09-05 at 05.43.56_1757043842515.png,86443,fa868c69823a057c0bf38935e09c7699242d8fb3,https://github.com/heyns1000/omnigrid/blob/main/fruitful-global-deployment/attached_assets/Screenshot 2025-09-05 at 05.43.56_1757043842515.png
fruitful-global-deployment/attached_assets/Screenshot 2025-09-05 at 05.44.16_1757043861551.png,61565,8480bbb2310c3aa217d3eae62ff57186c926c237,https://github.com/heyns1000/omnigrid/blob/main/fruitful-global-deployment/attached_assets/Screenshot 2025-09-05 at 05.44.16_1757043861551.png
fruitful-global-deployment/attached_assets/Screenshot 2025-09-05 at 05.44.42_1757043887148.png,78066,0ce24f0f52bcb8ca5232ee6dfbffcf69bd8c635a,https://github.com/heyns1000/omnigrid/blob/main/fruitful-global-deployment/attached_assets/Screenshot 2025-09-05 at 05.44.42_1757043887148.png
fruitful-global-deployment/attached_assets/Screenshot 2025-09-05 at 07.45.49_1757051153311.png,48776,e86e6c172e0bac6895c9efd65e5f33c33d91a411,https://github.com/heyns1000/omnigrid/blob/main/fruitful-global-deployment/attached_assets/Screenshot 2025-09-05 at 07.45.49_1757051153311.png
fruitful-global-deployment/attached_assets/Screenshot 2025-09-05 at 07.48.57_1757051341930.png,104531,1f3c863554bd2b07ef26819933999a8e65e1058b,https://github.com/heyns1000/omnigrid/blob/main/fruitful-global-deployment/attached_assets/Screenshot 2025-09-05 at 07.48.57_1757051341930.png
fruitful-global-deployment/attached_assets/Screenshot 2025-09-05 at 07.49.24_1757051367907.png,42652,60cafb7d39ce08c0dd18e2f2b4a1768b284b4e7f,https://github.com/heyns1000/omnigrid/blob/main/fruitful-global-deployment/attached_assets/Screenshot 2025-09-05 at 07.49.24_1757051367907.png
fruitful-global-deployment/attached_assets/Screenshot 2025-09-05 at 07.49.59_1757051402673.png,71563,89688f3a808c512f95146817b5e6e165d6e423ca,https://github.com/heyns1000/omnigrid/blob/main/fruitful-global-deployment/attached_assets/Screenshot 2025-09-05 at 07.49.59_1757051402673.png
fruitful-global-deployment/attached_assets/Screenshot 2025-09-05 at 07.58.08_1757051891438.png,696994,781d91eada59ffeb50cb1ca88d483d863fbe9de5,https://github.com/heyns1000/omnigrid/blob/main/fruitful-global-deployment/attached_assets/Screenshot 2025-09-05 at 07.58.08_1757051891438.png
fruitful-global-deployment/attached_assets/Shirt_mocks_1753261676529.pdf,126925,f0bbf156f8d76e51d0b561a3a652d749fbfcfc57,https://github.com/heyns1000/omnigrid/blob/main/fruitful-global-deployment/attached_assets/Shirt_mocks_1753261676529.pdf
fruitful-global-deployment/attached_assets/Shirt_mocks_1753263106404.pdf,126925,f0bbf156f8d76e51d0b561a3a652d749fbfcfc57,https://github.com/heyns1000/omnigrid/blob/main/fruitful-global-deployment/attached_assets/Shirt_mocks_1753263106404.pdf
fruitful-global-deployment/attached_assets/USA KAART2_1757038943840.jpg,2810286,9f20dd6fe1f694f560591a05e00e70cae84ca50e,https://github.com/heyns1000/omnigrid/blob/main/fruitful-global-deployment/attached_assets/USA KAART2_1757038943840.jpg
fruitful-global-deployment/attached_assets/Voetsek_1753263376699.png,146053,49b8c8cbce1f97688c1adb3739c890299c286f36,https://github.com/heyns1000/omnigrid/blob/main/fruitful-global-deployment/attached_assets/Voetsek_1753263376699.png
fruitful-global-deployment/attached_assets/Wolf_01_1753263376699.png,859804,1171df924720c4247ab7b7ad57df5dd2bc682a1e,https://github.com/heyns1000/omnigrid/blob/main/fruitful-global-deployment/attached_assets/Wolf_01_1753263376699.png
fruitful-global-deployment/attached_assets/__ufunc_api_1753063035289.h,13114,d68dc346aa9dbdf0df3a3e1dbd6e7a4fd051aefc,https://github.com/heyns1000/omnigrid/blob/main/fruitful-global-deployment/attached_assets/__ufunc_api_1753063035289.h
fruitful-global-deployment/attached_assets/about_us_1753207194745.html,6206,7950021de22ab9870bd35ed1d2a05862cfa27d92,https://github.com/heyns1000/omnigrid/blob/main/fruitful-global-deployment/attached_assets/about_us_1753207194745.html
fruitful-global-deployment/attached_assets/agriculture.seedwave.faa.zone-main/README.md,12117,ecc1c19df7253d5f565565c4e436cfe8f0f90077,https://github.com/heyns1000/omnigrid/blob/main/fruitful-global-deployment/attached_assets/agriculture.seedwave.faa.zone-main/README.md
fruitful-global-deployment/attached_assets/agriculture.seedwave.faa.zone-main/about.html,20369,fe0989e24109109b562e70fb57526610e04a443f,https://github.com/heyns1000/omnigrid/blob/main/fruitful-global-deployment/attached_assets/agriculture.seedwave.faa.zone-main/about.html
fruitful-global-deployment/attached_assets/agriculture.seedwave.faa.zone-main/agridash_project_infographic.html,145333,cb9cbbd91950e82422b915eb99d2e1c25c4594f4,https://github.com/heyns1000/omnigrid/blob/main/fruitful-global-deployment/attached_assets/agriculture.seedwave.faa.zone-main/agridash_project_infographic.html
fruitful-global-deployment/attached_assets/agriculture.seedwave.faa.zone-main/home.html,53312,b88cf21de105df026ba466057b0b15c1a33d74c4,https://github.com/heyns1000/omnigrid/blob/main/fruitful-global-deployment/attached_assets/agriculture.seedwave.faa.zone-main/home.html
fruitful-global-deployment/attached_assets/agriculture.seedwave.faa.zone-main/index.html,157815,fe026d323bc10c1af6938c7fde57076360e8baed,https://github.com/heyns1000/omnigrid/blob/main/fruitful-global-deployment/attached_assets/agriculture.seedwave.faa.zone-main/index.html
fruitful-global-deployment/attached_assets/agriculture.seedwave.faa.zone-main/infographic.html,53312,b88cf21de105df026ba466057b0b15c1a33d74c4,https://github.com/heyns1000/omnigrid/blob/main/fruitful-global-deployment/attached_assets/agriculture.seedwave.faa.zone-main/infographic.html
fruitful-global-deployment/attached_assets/agriculture.seedwave.faa.zone-main/overview.html,32561,25b4f51fcd320db0a105039e0d3d45db8cb7ce6f,https://github.com/heyns1000/omnigrid/blob/main/fruitful-global-deployment/attached_assets/agriculture.seedwave.faa.zone-main/overview.html
fruitful-global-deployment/attached_assets/agriculture.seedwave.faa.zone-main_1753061780235.zip,108215,a5000bdbdd889e99b5d2cae515a0568d94f3334f,https://github.com/heyns1000/omnigrid/blob/main/fruitful-global-deployment/attached_assets/agriculture.seedwave.faa.zone-main_1753061780235.zip
fruitful-global-deployment/attached_assets/ai-logic.seedwave.faa.zone-main (1)_1753051097333.zip,127847,747da4d570144a0eb73939870d235477815d2a1b,https://github.com/heyns1000/omnigrid/blob/main/fruitful-global-deployment/attached_assets/ai-logic.seedwave.faa.zone-main (1)_1753051097333.zip
fruitful-global-deployment/attached_assets/ai-logic.seedwave.faa.zone-main/index.html,227833,1e80098867c0ced08e1683e96d07a741f77ec4b1,https://github.com/heyns1000/omnigrid/blob/main/fruitful-global-deployment/attached_assets/ai-logic.seedwave.faa.zone-main/index.html
fruitful-global-deployment/attached_assets/ai-logic.seedwave.faa.zone-main/public/dashboard.html,238691,aedf86aa4d7c0d9deaa8c215096b8a5d4338b111,https://github.com/heyns1000/omnigrid/blob/main/fruitful-global-deployment/attached_assets/ai-logic.seedwave.faa.zone-main/public/dashboard.html
fruitful-global-deployment/attached_assets/ai-logic.seedwave.faa.zone-main/public/index.html,227833,1e80098867c0ced08e1683e96d07a741f77ec4b1,https://github.com/heyns1000/omnigrid/blob/main/fruitful-global-deployment/attached_assets/ai-logic.seedwave.faa.zone-main/public/index.html
fruitful-global-deployment/attached_assets/air_quality_dashboard_1753207194745.html,15114,b57a9385fa759b4653aa661fc2a7598ccc76a851,https://github.com/heyns1000/omnigrid/blob/main/fruitful-global-deployment/attached_assets/air_quality_dashboard_1753207194745.html
fruitful-global-deployment/attached_assets/banimal-soft-toy_1753055992604.ai,1383138,d8f5b28b4462d23389045d1da591de6a86cd0c44,https://github.com/heyns1000/omnigrid/blob/main/fruitful-global-deployment/attached_assets/banimal-soft-toy_1753055992604.ai
fruitful-global-deployment/attached_assets/baobab-main/Baobab_Security_Network_Video_Ready (3).mp4,2532259,63357fc52e195c2335b70ff9cf9d9b8e4314033f,https://github.com/heyns1000/omnigrid/blob/main/fruitful-global-deployment/attached_assets/baobab-main/Baobab_Security_Network_Video_Ready (3).mp4
fruitful-global-deployment/attached_assets/baobab-main/Baobab_bosveld.mp4,2790629,05031990c098a07793c0b407429e73fd4aa32177,https://github.com/heyns1000/omnigrid/blob/main/fruitful-global-deployment/attached_assets/baobab-main/Baobab_bosveld.mp4
fruitful-global-deployment/attached_assets/baobab-main/CNAME,15,37e61c3b5a034251b85b093870dda51e57de9900,https://github.com/heyns1000/omnigrid/blob/main/fruitful-global-deployment/attached_assets/baobab-main/CNAME
fruitful-global-deployment/attached_assets/baobab-main/README.md,13010,8b502ee36a7a82d7fa4e4988f3252936a7e88f0e,https://github.com/heyns1000/omnigrid/blob/main/fruitful-global-deployment/attached_assets/baobab-main/README.md
fruitful-global-deployment/attached_assets/baobab-main/about_us.html,6206,7950021de22ab9870bd35ed1d2a05862cfa27d92,https://github.com/heyns1000/omnigrid/blob/main/fruitful-global-deployment/attached_assets/baobab-main/about_us.html
fruitful-global-deployment/attached_assets/baobab-main/air_quality_dashboard.html,15114,b57a9385fa759b4653aa661fc2a7598ccc76a851,https://github.com/heyns1000/omnigrid/blob/main/fruitful-global-deployment/attached_assets/baobab-main/air_quality_dashboard.html
fruitful-global-deployment/attached_assets/baobab-main/baobab_spa_dashboard.html,45968,cc88a2ea1ce6cf21a84db3a1aa911a84af809440,https://github.com/heyns1000/omnigrid/blob/main/fruitful-global-deployment/attached_assets/baobab-main/baobab_spa_dashboard.html
fruitful-global-deployment/attached_assets/baobab-main/community_resilience_dashboard.html,16647,9ca97ccf6eb1b51bb93ca8fd2cbeb5c32e240a44,https://github.com/heyns1000/omnigrid/blob/main/fruitful-global-deployment/attached_assets/baobab-main/community_resilience_dashboard.html
fruitful-global-deployment/attached_assets/baobab-main/contact.html,3781,214d84c3804971602320398f8b213c98a90ee078,https://github.com/heyns1000/omnigrid/blob/main/fruitful-global-deployment/attached_assets/baobab-main/contact.html
fruitful-global-deployment/attached_assets/baobab-main/deforestation_dashboard.html,17892,d3c7732118bf1e2228f409856f9c69f6b383c804,https://github.com/heyns1000/omnigrid/blob/main/fruitful-global-deployment/attached_assets/baobab-main/deforestation_dashboard.html
fruitful-global-deployment/attached_assets/baobab-main/economic_empowerment_dashboard.html,16176,f9e30a9f7cf5f3c0051844eb34844196e9dab54e,https://github.com/heyns1000/omnigrid/blob/main/fruitful-global-deployment/attached_assets/baobab-main/economic_empowerment_dashboard.html
fruitful-global-deployment/attached_assets/baobab-main/energy_optimization_dashboard.html,17230,971a42e258f11985fc0a402725e94c1dc41cc243,https://github.com/heyns1000/omnigrid/blob/main/fruitful-global-deployment/attached_assets/baobab-main/energy_optimization_dashboard.html
fruitful-global-deployment/attached_assets/baobab-main/eskom_crisis_dashboard.html,12430,836ef9a16a5e6a8372be94225d93aa09bcd2b64c,https://github.com/heyns1000/omnigrid/blob/main/fruitful-global-deployment/attached_assets/baobab-main/eskom_crisis_dashboard.html
fruitful-global-deployment/attached_assets/baobab-main/global_health_dashboard.html,16589,9c19b6474991501eceff97d155782b88cd4012e6,https://github.com/heyns1000/omnigrid/blob/main/fruitful-global-deployment/attached_assets/baobab-main/global_health_dashboard.html
fruitful-global-deployment/attached_assets/baobab-main/index.html,30098,26f433eefa29f1c70d023246e474e2e6e3ef2702,https://github.com/heyns1000/omnigrid/blob/main/fruitful-global-deployment/attached_assets/baobab-main/index.html
fruitful-global-deployment/attached_assets/baobab-main/land_degradation_dashboard.html,17767,5309aeace87139a9c4552557a002d9857487884a,https://github.com/heyns1000/omnigrid/blob/main/fruitful-global-deployment/attached_assets/baobab-main/land_degradation_dashboard.html
fruitful-global-deployment/attached_assets/baobab-main/landing_page.html,19125,206b6015bfc3a2555d35881cd2296ee0de4a0845,https://github.com/heyns1000/omnigrid/blob/main/fruitful-global-deployment/attached_assets/baobab-main/landing_page.html
fruitful-global-deployment/attached_assets/baobab-main/ocean_plastic_dashboard.html,15144,eaf007cd579ff869601a3838f61b1dab874e0ed1,https://github.com/heyns1000/omnigrid/blob/main/fruitful-global-deployment/attached_assets/baobab-main/ocean_plastic_dashboard.html
fruitful-global-deployment/attached_assets/baobab-main/pricing.html,19915,2a29cedeb269b7dbfb4d831c62b2ceca4c9aaab7,https://github.com/heyns1000/omnigrid/blob/main/fruitful-global-deployment/attached_assets/baobab-main/pricing.html
fruitful-global-deployment/attached_assets/baobab-main/resource_management_dashboard.html,16718,0c3fb341e026f2f7ded072bac05f00e20dd8bfba,https://github.com/heyns1000/omnigrid/blob/main/fruitful-global-deployment/attached_assets/baobab-main/resource_management_dashboard.html
fruitful-global-deployment/attached_assets/baobab-main/water_security_dashboard.html,17141,746006bbc4e0a32fba4ebe2e95a384cabb5bb232,https://github.com/heyns1000/omnigrid/blob/main/fruitful-global-deployment/attached_assets/baobab-main/water_security_dashboard.html
fruitful-global-deployment/attached_assets/baobab-main/wildlife_protection_dashboard.html,16276,0d225d8d36aab91d3250912bc3f78a24340386e9,https://github.com/heyns1000/omnigrid/blob/main/fruitful-global-deployment/attached_assets/baobab-main/wildlife_protection_dashboard.html
fruitful-global-deployment/attached_assets/baobab-main_1753060065758.zip,5409978,2d5ce003e486bf4bef9973998558ec993dc265b2,https://github.com/heyns1000/omnigrid/blob/main/fruitful-global-deployment/attached_assets/baobab-main_1753060065758.zip
fruitful-global-deployment/attached_assets/baobab_spa_dashboard_1753207194747.html,45968,cc88a2ea1ce6cf21a84db3a1aa911a84af809440,https://github.com/heyns1000/omnigrid/blob/main/fruitful-global-deployment/attached_assets/baobab_spa_dashboard_1753207194747.html
fruitful-global-deployment/attached_assets/claim_qr_1757051317133.png,6665,a06f57c531f88db80beb5aa406e0b5c7185b66e7,https://github.com/heyns1000/omnigrid/blob/main/fruitful-global-deployment/attached_assets/claim_qr_1757051317133.png
fruitful-global-deployment/attached_assets/claimroot_seed_scroll_1756925216117.md,1945,83ec94e463c89b8b8cb543ab2c62ed8921d569a7,https://github.com/heyns1000/omnigrid/blob/main/fruitful-global-deployment/attached_assets/claimroot_seed_scroll_1756925216117.md
fruitful-global-deployment/attached_assets/community_resilience_dashboard_1753207194747.html,16647,9ca97ccf6eb1b51bb93ca8fd2cbeb5c32e240a44,https://github.com/heyns1000/omnigrid/blob/main/fruitful-global-deployment/attached_assets/community_resilience_dashboard_1753207194747.html
fruitful-global-deployment/attached_assets/contact_1753207194748.html,3781,214d84c3804971602320398f8b213c98a90ee078,https://github.com/heyns1000/omnigrid/blob/main/fruitful-global-deployment/attached_assets/contact_1753207194748.html
fruitful-global-deployment/attached_assets/deforestation_dashboard_1753207194748.html,17892,d3c7732118bf1e2228f409856f9c69f6b383c804,https://github.com/heyns1000/omnigrid/blob/main/fruitful-global-deployment/attached_assets/deforestation_dashboard_1753207194748.html
fruitful-global-deployment/attached_assets/dream_big_01_1753263376706.png,647118,13f65f3b336f305e40c6b5864afb924b4819721b,https://github.com/heyns1000/omnigrid/blob/main/fruitful-global-deployment/attached_assets/dream_big_01_1753263376706.png
fruitful-global-deployment/attached_assets/economic_empowerment_dashboard_1753207194748.html,16176,f9e30a9f7cf5f3c0051844eb34844196e9dab54e,https://github.com/heyns1000/omnigrid/blob/main/fruitful-global-deployment/attached_assets/economic_empowerment_dashboard_1753207194748.html
fruitful-global-deployment/attached_assets/energy_optimization_dashboard_1753207194748.html,17230,971a42e258f11985fc0a402725e94c1dc41cc243,https://github.com/heyns1000/omnigrid/blob/main/fruitful-global-deployment/attached_assets/energy_optimization_dashboard_1753207194748.html
fruitful-global-deployment/attached_assets/eskom_crisis_dashboard_1753207194749.html,12430,836ef9a16a5e6a8372be94225d93aa09bcd2b64c,https://github.com/heyns1000/omnigrid/blob/main/fruitful-global-deployment/attached_assets/eskom_crisis_dashboard_1753207194749.html
fruitful-global-deployment/attached_assets/eyes_01_1753263376705.png,171982,6541181e20af6e1cfa2df60bdc271d9ee6ddf370,https://github.com/heyns1000/omnigrid/blob/main/fruitful-global-deployment/attached_assets/eyes_01_1753263376705.png
fruitful-global-deployment/attached_assets/fruitfulplanet_dns_config_1756914626594.json,682,a107e3713a3452ab750ee65018b656136688b1d0,https://github.com/heyns1000/omnigrid/blob/main/fruitful-global-deployment/attached_assets/fruitfulplanet_dns_config_1756914626594.json
fruitful-global-deployment/attached_assets/global_health_dashboard_1753207194749.html,16589,9c19b6474991501eceff97d155782b88cd4012e6,https://github.com/heyns1000/omnigrid/blob/main/fruitful-global-deployment/attached_assets/global_health_dashboard_1753207194749.html
fruitful-global-deployment/attached_assets/in_love_color_1753263376704.png,1291955,2b98cb445eedbda449617c30b3c8ccbf013888ab,https://github.com/heyns1000/omnigrid/blob/main/fruitful-global-deployment/attached_assets/in_love_color_1753263376704.png
fruitful-global-deployment/attached_assets/index_1753207194749.html,30098,26f433eefa29f1c70d023246e474e2e6e3ef2702,https://github.com/heyns1000/omnigrid/blob/main/fruitful-global-deployment/attached_assets/index_1753207194749.html
fruitful-global-deployment/attached_assets/interns.seedwave.faa.zone-main/ai-logic/sectors/codenest/hotstack/index.html,14275,d327489c97cd0c511bd62c6e7bd1e04f31fa5387,https://github.com/heyns1000/omnigrid/blob/main/fruitful-global-deployment/attached_assets/interns.seedwave.faa.zone-main/ai-logic/sectors/codenest/hotstack/index.html
fruitful-global-deployment/attached_assets/interns.seedwave.faa.zone-main/ai-logic/sectors/codenest/index.html,227833,1e80098867c0ced08e1683e96d07a741f77ec4b1,https://github.com/heyns1000/omnigrid/blob/main/fruitful-global-deployment/attached_assets/interns.seedwave.faa.zone-main/ai-logic/sectors/codenest/index.html
fruitful-global-deployment/attached_assets/interns.seedwave.faa.zone-main/public/admin-panel_full_arrays.html,212696,f6991af46d4c4cabe17318d79a742d959e49beb3,https://github.com/heyns1000/omnigrid/blob/main/fruitful-global-deployment/attached_assets/interns.seedwave.faa.zone-main/public/admin-panel_full_arrays.html
fruitful-global-deployment/attached_assets/interns.seedwave.faa.zone-main/public/admin-portal.html,206050,9d5099182271a175228fc34307a8aaa1134c804f,https://github.com/heyns1000/omnigrid/blob/main/fruitful-global-deployment/attached_assets/interns.seedwave.faa.zone-main/public/admin-portal.html
fruitful-global-deployment/attached_assets/interns.seedwave.faa.zone-main/public/css/styles.css,51435,873fc044deb0b7ac6d1c577d8501e84268ee2f13,https://github.com/heyns1000/omnigrid/blob/main/fruitful-global-deployment/attached_assets/interns.seedwave.faa.zone-main/public/css/styles.css
fruitful-global-deployment/attached_assets/interns.seedwave.faa.zone-main/public/fruitful_dashboard_work_in_progress.html,195892,6d5c28743a830ab41b4bf89408705f1510ec9bce,https://github.com/heyns1000/omnigrid/blob/main/fruitful-global-deployment/attached_assets/interns.seedwave.faa.zone-main/public/fruitful_dashboard_work_in_progress.html
fruitful-global-deployment/attached_assets/interns.seedwave.faa.zone-main/public/global_checkout.html,78724,11ded543bfe5131a379188066390ea1452acafaf,https://github.com/heyns1000/omnigrid/blob/main/fruitful-global-deployment/attached_assets/interns.seedwave.faa.zone-main/public/global_checkout.html
fruitful-global-deployment/attached_assets/interns.seedwave.faa.zone-main/public/global_payment.html,170366,9eec3a8548198fb6324423dc946aeeb0dedbcb58,https://github.com/heyns1000/omnigrid/blob/main/fruitful-global-deployment/attached_assets/interns.seedwave.faa.zone-main/public/global_payment.html
fruitful-global-deployment/attached_assets/interns.seedwave.faa.zone-main/public/index.html,54347,4002333c313eea24f43d1643955bf00da149b6ad,https://github.com/heyns1000/omnigrid/blob/main/fruitful-global-deployment/attached_assets/interns.seedwave.faa.zone-main/public/index.html
fruitful-global-deployment/attached_assets/interns.seedwave.faa.zone-main/public/js/script.js,108626,8a858c48e27469c4f5ee2575dd2ce154176427bc,https://github.com/heyns1000/omnigrid/blob/main/fruitful-global-deployment/attached_assets/interns.seedwave.faa.zone-main/public/js/script.js
fruitful-global-deployment/attached_assets/interns.seedwave.faa.zone-main/public/legal/index.html,39237,461ea1ecfe311cb0abb4e276bc38ee8e75aa2786,https://github.com/heyns1000/omnigrid/blob/main/fruitful-global-deployment/attached_assets/interns.seedwave.faa.zone-main/public/legal/index.html
fruitful-global-deployment/attached_assets/interns.seedwave.faa.zone-main/public/legal/securesign_api.html,38265,b183f641f0f27fdd370bccab71739a98b49cc5d6,https://github.com/heyns1000/omnigrid/blob/main/fruitful-global-deployment/attached_assets/interns.seedwave.faa.zone-main/public/legal/securesign_api.html
fruitful-global-deployment/attached_assets/interns.seedwave.faa.zone-main/public/master_license.html,194582,1b71fb99ad5fc761465f1cbc19c2c5709fcc148f,https://github.com/heyns1000/omnigrid/blob/main/fruitful-global-deployment/attached_assets/interns.seedwave.faa.zone-main/public/master_license.html
fruitful-global-deployment/attached_assets/interns.seedwave.faa.zone-main_1753053325695.zip,338774,93f6f7982cbbec5526e992df6e3cf80938601f0d,https://github.com/heyns1000/omnigrid/blob/main/fruitful-global-deployment/attached_assets/interns.seedwave.faa.zone-main_1753053325695.zip
fruitful-global-deployment/attached_assets/land_degradation_dashboard_1753207194749.html,17767,5309aeace87139a9c4552557a002d9857487884a,https://github.com/heyns1000/omnigrid/blob/main/fruitful-global-deployment/attached_assets/land_degradation_dashboard_1753207194749.html
fruitful-global-deployment/attached_assets/legal-main/README.md,3826,0be864daf983e74d5501148a50e715ee629c8e40,https://github.com/heyns1000/omnigrid/blob/main/fruitful-global-deployment/attached_assets/legal-main/README.md
fruitful-global-deployment/attached_assets/legal-main/index.html,41721,64cb7f1b61f5c4346a4ff56676e75b64d41a8336,https://github.com/heyns1000/omnigrid/blob/main/fruitful-global-deployment/attached_assets/legal-main/index.html
fruitful-global-deployment/attached_assets/legal-main/public/agriculture-biotech_paypal.html,58730,d18a5ae2f515bf60b9210a32f45c1d84483e6a61,https://github.com/heyns1000/omnigrid/blob/main/fruitful-global-deployment/attached_assets/legal-main/public/agriculture-biotech_paypal.html
fruitful-global-deployment/attached_assets/legal-main/public/baobab.html,11631,557c6b8124306eb4a23089e6706035714334bb80,https://github.com/heyns1000/omnigrid/blob/main/fruitful-global-deployment/attached_assets/legal-main/public/baobab.html
fruitful-global-deployment/attached_assets/legal-main/public/firebase_core_minutes.html,22088,ca5717f2e781aebfc300f0a709aa465b0797a822,https://github.com/heyns1000/omnigrid/blob/main/fruitful-global-deployment/attached_assets/legal-main/public/firebase_core_minutes.html
fruitful-global-deployment/attached_assets/legal-main/public/firebase_scale_7000_minutes.html,33948,18f6b6ee1046ed0b0584f5d922d3604de1feaead,https://github.com/heyns1000/omnigrid/blob/main/fruitful-global-deployment/attached_assets/legal-main/public/firebase_scale_7000_minutes.html
fruitful-global-deployment/attached_assets/legal-main/public/foxed_got_mobiles_setup.html,82791,6c8c0e0cdf57c023917056a415ae5a1e135c0dac,https://github.com/heyns1000/omnigrid/blob/main/fruitful-global-deployment/attached_assets/legal-main/public/foxed_got_mobiles_setup.html
fruitful-global-deployment/attached_assets/legal-main/public/fruitful_holdings_nda.pdf,1707587,711a8dd4aabc1c6f4112f15b28882118bb176ce8,https://github.com/heyns1000/omnigrid/blob/main/fruitful-global-deployment/attached_assets/legal-main/public/fruitful_holdings_nda.pdf
fruitful-global-deployment/attached_assets/legal-main/public/fruitful_music_spotify.html,74483,b67f48a5766983c916daa811faf585040377b377,https://github.com/heyns1000/omnigrid/blob/main/fruitful-global-deployment/attached_assets/legal-main/public/fruitful_music_spotify.html
fruitful-global-deployment/attached_assets/legal-main/public/fruitful_seedwave_deployment_manual.html,66646,8047d5efe6259beeb7fe680bc1685ff660b9eddd,https://github.com/heyns1000/omnigrid/blob/main/fruitful-global-deployment/attached_assets/legal-main/public/fruitful_seedwave_deployment_manual.html
fruitful-global-deployment/attached_assets/legal-main/public/global_brands_setup.html,41460,491aff560c1ceecd9411868e17ee90e263862f2c,https://github.com/heyns1000/omnigrid/blob/main/fruitful-global-deployment/attached_assets/legal-main/public/global_brands_setup.html
fruitful-global-deployment/attached_assets/legal-main/public/index.html,40532,5590d6befcf4aec62e29b73eaf40b5b1971eb201,https://github.com/heyns1000/omnigrid/blob/main/fruitful-global-deployment/attached_assets/legal-main/public/index.html
fruitful-global-deployment/attached_assets/legal-main/public/index_template.html,48889,41929dc04ac560bb3699ba0926f79d723b88afc1,https://github.com/heyns1000/omnigrid/blob/main/fruitful-global-deployment/attached_assets/legal-main/public/index_template.html
fruitful-global-deployment/attached_assets/legal-main/public/landing_page.html,8810,9f9e0c8e9e8bb6f44689d98b4c150226003dfcc5,https://github.com/heyns1000/omnigrid/blob/main/fruitful-global-deployment/attached_assets/legal-main/public/landing_page.html
fruitful-global-deployment/attached_assets/legal-main/public/manual.html,58730,d18a5ae2f515bf60b9210a32f45c1d84483e6a61,https://github.com/heyns1000/omnigrid/blob/main/fruitful-global-deployment/attached_assets/legal-main/public/manual.html
fruitful-global-deployment/attached_assets/legal-main/public/omnigrid_pulsetrade_merge_meeting.html,48820,69fbe70b39a22c592610cc17548182fe09165230,https://github.com/heyns1000/omnigrid/blob/main/fruitful-global-deployment/attached_assets/legal-main/public/omnigrid_pulsetrade_merge_meeting.html
fruitful-global-deployment/attached_assets/legal-main/public/paypal.html,39576,ee0a2b06714a4cad2d227cd0ed0ac595eaf40cb7,https://github.com/heyns1000/omnigrid/blob/main/fruitful-global-deployment/attached_assets/legal-main/public/paypal.html
fruitful-global-deployment/attached_assets/legal-main/public/paypal_setup.html,22883,4d437e9320697414935d9ef85492e154059ebdec,https://github.com/heyns1000/omnigrid/blob/main/fruitful-global-deployment/attached_assets/legal-main/public/paypal_setup.html
fruitful-global-deployment/attached_assets/legal-main/public/pricing.html,28025,e8bf44b778340d04de8b809806ddc2753d56b8a0,https://github.com/heyns1000/omnigrid/blob/main/fruitful-global-deployment/attached_assets/legal-main/public/pricing.html
fruitful-global-deployment/attached_assets/legal-main/public/respitories/codenest_settings.html,44868,c681397906114c05b1e1eeea29d9b8c1cc521a0e,https://github.com/heyns1000/omnigrid/blob/main/fruitful-global-deployment/attached_assets/legal-main/public/respitories/codenest_settings.html
fruitful-global-deployment/attached_assets/legal-main/public/respitories/faa_zone_minutes_of_meeting.html,33082,c490e47016abf913d232cf611f65a64d9abd75a5,https://github.com/heyns1000/omnigrid/blob/main/fruitful-global-deployment/attached_assets/legal-main/public/respitories/faa_zone_minutes_of_meeting.html
fruitful-global-deployment/attached_assets/legal-main/public/respitories/fruitful_sector_index.html,206244,c2e8de7edd5569346f4a9af76d4a0cbedfdd68a5,https://github.com/heyns1000/omnigrid/blob/main/fruitful-global-deployment/attached_assets/legal-main/public/respitories/fruitful_sector_index.html
fruitful-global-deployment/attached_assets/legal-main/public/respitories/index.html,126120,78425c4bb13b73a7004ceaef46daa89b9eb30571,https://github.com/heyns1000/omnigrid/blob/main/fruitful-global-deployment/attached_assets/legal-main/public/respitories/index.html
fruitful-global-deployment/attached_assets/legal-main/public/sector_ritual_ancestortag_heritage_portal_meeting.html,84807,67159bf23c4302cd0ee335d170b95dda9c0bdf35,https://github.com/heyns1000/omnigrid/blob/main/fruitful-global-deployment/attached_assets/legal-main/public/sector_ritual_ancestortag_heritage_portal_meeting.html
fruitful-global-deployment/attached_assets/legal-main/public/securesign.html,28428,34d8dfb4aacc6320b4e22e3ea996eefbdc62e393,https://github.com/heyns1000/omnigrid/blob/main/fruitful-global-deployment/attached_assets/legal-main/public/securesign.html
fruitful-global-deployment/attached_assets/legal-main/public/securesign_portal.html,101024,4dd7eab1dafd5851478e7f2e8a3065e1114fece3,https://github.com/heyns1000/omnigrid/blob/main/fruitful-global-deployment/attached_assets/legal-main/public/securesign_portal.html
fruitful-global-deployment/attached_assets/legal-main/public/seedwave.html,45891,0bd3da988b86e443374b5cb4784ae211e8d1f1ea,https://github.com/heyns1000/omnigrid/blob/main/fruitful-global-deployment/attached_assets/legal-main/public/seedwave.html
fruitful-global-deployment/attached_assets/legal-main/public/setup.html,20979,680dba3dcea3a443a7abc37d5a73f9d32b06df07,https://github.com/heyns1000/omnigrid/blob/main/fruitful-global-deployment/attached_assets/legal-main/public/setup.html
fruitful-global-deployment/attached_assets/legal-main/public/setup1.png,508287,c21a4c2bb373bf75395b334fef6831223e44ab9d,https://github.com/heyns1000/omnigrid/blob/main/fruitful-global-deployment/attached_assets/legal-main/public/setup1.png
fruitful-global-deployment/attached_assets/legal-main/public/setup2.html,99186,13147feb901e90e51f09a0973213f51b74da8a1f,https://github.com/heyns1000/omnigrid/blob/main/fruitful-global-deployment/attached_assets/legal-main/public/setup2.html
fruitful-global-deployment/attached_assets/legal-main/public/setup3.html,116624,8b1a9caf83ae8c17891f49f575a616ee91649c2b,https://github.com/heyns1000/omnigrid/blob/main/fruitful-global-deployment/attached_assets/legal-main/public/setup3.html
fruitful-global-deployment/attached_assets/legal-main/public/setup4.html,67707,6a95afb94d2a622abdb89377fa8e8be54e70fbe4,https://github.com/heyns1000/omnigrid/blob/main/fruitful-global-deployment/attached_assets/legal-main/public/setup4.html
fruitful-global-deployment/attached_assets/legal-main/public/setupusa.html,1,8b137891791fe96927ad78e64b0aad7bded08bdc,https://github.com/heyns1000/omnigrid/blob/main/fruitful-global-deployment/attached_assets/legal-main/public/setupusa.html
fruitful-global-deployment/attached_assets/legal-main/public/sheep.html,25875,25c743fb403891ef8bd912d457ecb383a5c2fa3e,https://github.com/heyns1000/omnigrid/blob/main/fruitful-global-deployment/attached_assets/legal-main/public/sheep.html
fruitful-global-deployment/attached_assets/legal-main/public/spotify_intergration.html,52354,a1acf9cc37872e25906dbde2650505dfa7bed72b,https://github.com/heyns1000/omnigrid/blob/main/fruitful-global-deployment/attached_assets/legal-main/public/spotify_intergration.html
fruitful-global-deployment/attached_assets/legal-main/public/tripot/business_rescure/portal.html,169221,2f75457228ae26277d4418e00a299f1248f6504c,https://github.com/heyns1000/omnigrid/blob/main/fruitful-global-deployment/attached_assets/legal-main/public/tripot/business_rescure/portal.html
fruitful-global-deployment/attached_assets/legal-main/public/tripot/index.html,169221,2f75457228ae26277d4418e00a299f1248f6504c,https://github.com/heyns1000/omnigrid/blob/main/fruitful-global-deployment/attached_assets/legal-main/public/tripot/index.html
fruitful-global-deployment/attached_assets/legal-main/public/usa.html,10157,d7cccf48e1dccd77ea099a837538363d852d47e5,https://github.com/heyns1000/omnigrid/blob/main/fruitful-global-deployment/attached_assets/legal-main/public/usa.html
fruitful-global-deployment/attached_assets/legal-main/public/wethinkcode.html,18177,f13e015dff73054d1bef1a236718f33102c573e8,https://github.com/heyns1000/omnigrid/blob/main/fruitful-global-deployment/attached_assets/legal-main/public/wethinkcode.html
fruitful-global-deployment/attached_assets/legal-main/public/wildlife.html,45830,561e37e5e3f282145150a64b5d905c3650d7ad0f,https://github.com/heyns1000/omnigrid/blob/main/fruitful-global-deployment/attached_assets/legal-main/public/wildlife.html
fruitful-global-deployment/attached_assets/legal-main/public/xero_integration_minutes.html,13640,f13a1f6de982fb5fe84357c3473c142af1d6ac35,https://github.com/heyns1000/omnigrid/blob/main/fruitful-global-deployment/attached_assets/legal-main/public/xero_integration_minutes.html
fruitful-global-deployment/attached_assets/legal-main_1753046377517.zip,2515629,91468b208fcfa8978c3199b7a4e04fc311850034,https://github.com/heyns1000/omnigrid/blob/main/fruitful-global-deployment/attached_assets/legal-main_1753046377517.zip
fruitful-global-deployment/attached_assets/legal-main_1753047168218.zip,2515629,91468b208fcfa8978c3199b7a4e04fc311850034,https://github.com/heyns1000/omnigrid/blob/main/fruitful-global-deployment/attached_assets/legal-main_1753047168218.zip
fruitful-global-deployment/attached_assets/legal-main_1753048425383.zip,2515629,91468b208fcfa8978c3199b7a4e04fc311850034,https://github.com/heyns1000/omnigrid/blob/main/fruitful-global-deployment/attached_assets/legal-main_1753048425383.zip
fruitful-global-deployment/attached_assets/mining.seedwave.faa.zone-main/dashboard.html,232939,2f9a03aa7257db2fc69e6bdbed42e664ea155f53,https://github.com/heyns1000/omnigrid/blob/main/fruitful-global-deployment/attached_assets/mining.seedwave.faa.zone-main/dashboard.html
fruitful-global-deployment/attached_assets/mining.seedwave.faa.zone-main/index.html,233051,37bdd52a003caad6dcbc1a19f1c207f70703f4fc,https://github.com/heyns1000/omnigrid/blob/main/fruitful-global-deployment/attached_assets/mining.seedwave.faa.zone-main/index.html
fruitful-global-deployment/attached_assets/mining.seedwave.faa.zone-main/public/dashboard.html,232940,d8037cb8f462ef325be8b214efba2c944d976f21,https://github.com/heyns1000/omnigrid/blob/main/fruitful-global-deployment/attached_assets/mining.seedwave.faa.zone-main/public/dashboard.html
fruitful-global-deployment/attached_assets/mining.seedwave.faa.zone-main/public/index.html,152649,81ff3887b70789b69299a8a5375955f7b9cce8bb,https://github.com/heyns1000/omnigrid/blob/main/fruitful-global-deployment/attached_assets/mining.seedwave.faa.zone-main/public/index.html
fruitful-global-deployment/attached_assets/mining.seedwave.faa.zone-main/public/live_dashboard.html,120031,32be3bce2635eab5257113319a80488d6f1e766e,https://github.com/heyns1000/omnigrid/blob/main/fruitful-global-deployment/attached_assets/mining.seedwave.faa.zone-main/public/live_dashboard.html
fruitful-global-deployment/attached_assets/mining.seedwave.faa.zone-main/public/proposal/siyandisa.html,85666,79df1178ff219af7926532ba450324cb6dd51d4b,https://github.com/heyns1000/omnigrid/blob/main/fruitful-global-deployment/attached_assets/mining.seedwave.faa.zone-main/public/proposal/siyandisa.html
fruitful-global-deployment/attached_assets/mining.seedwave.faa.zone-main/public/sectors/minenest/dashboard.html,232939,2f9a03aa7257db2fc69e6bdbed42e664ea155f53,https://github.com/heyns1000/omnigrid/blob/main/fruitful-global-deployment/attached_assets/mining.seedwave.faa.zone-main/public/sectors/minenest/dashboard.html
fruitful-global-deployment/attached_assets/mining.seedwave.faa.zone-main_1753061780235.zip,249287,6a5f061337ff70d758ebb418af248bc69012ac98,https://github.com/heyns1000/omnigrid/blob/main/fruitful-global-deployment/attached_assets/mining.seedwave.faa.zone-main_1753061780235.zip
fruitful-global-deployment/attached_assets/mining.seedwave.faa.zone-main_1753209944334.zip,249287,6a5f061337ff70d758ebb418af248bc69012ac98,https://github.com/heyns1000/omnigrid/blob/main/fruitful-global-deployment/attached_assets/mining.seedwave.faa.zone-main_1753209944334.zip
fruitful-global-deployment/attached_assets/ocean_plastic_dashboard_1753207194750.html,15144,eaf007cd579ff869601a3838f61b1dab874e0ed1,https://github.com/heyns1000/omnigrid/blob/main/fruitful-global-deployment/attached_assets/ocean_plastic_dashboard_1753207194750.html
fruitful-global-deployment/attached_assets/pricing_1753207194750.html,19915,2a29cedeb269b7dbfb4d831c62b2ceca4c9aaab7,https://github.com/heyns1000/omnigrid/blob/main/fruitful-global-deployment/attached_assets/pricing_1753207194750.html
fruitful-global-deployment/attached_assets/pumas_01_1753263376700.jpg,587243,d2ddd4db21fcf52d6159de6d28097a2e72b42b32,https://github.com/heyns1000/omnigrid/blob/main/fruitful-global-deployment/attached_assets/pumas_01_1753263376700.jpg
fruitful-global-deployment/attached_assets/pumas_02_1753263376700.jpg,588683,a787e88ffbb04d6e8fb39ba850696ca3b0a993a5,https://github.com/heyns1000/omnigrid/blob/main/fruitful-global-deployment/attached_assets/pumas_02_1753263376700.jpg
fruitful-global-deployment/attached_assets/resource_management_dashboard_1753207194751.html,16718,0c3fb341e026f2f7ded072bac05f00e20dd8bfba,https://github.com/heyns1000/omnigrid/blob/main/fruitful-global-deployment/attached_assets/resource_management_dashboard_1753207194751.html
fruitful-global-deployment/attached_assets/ritual.seedwave.faa.zone-main/public/dashboard.html,250680,403228596a2862ddb0dc5f22114f6f0151b31545,https://github.com/heyns1000/omnigrid/blob/main/fruitful-global-deployment/attached_assets/ritual.seedwave.faa.zone-main/public/dashboard.html
fruitful-global-deployment/attached_assets/ritual.seedwave.faa.zone-main/public/index.html,112653,639632761bd6ce31e65f714d41271999b2e02e3c,https://github.com/heyns1000/omnigrid/blob/main/fruitful-global-deployment/attached_assets/ritual.seedwave.faa.zone-main/public/index.html
fruitful-global-deployment/attached_assets/ritual.seedwave.faa.zone-main/public/ritenest-dashboard.html,228868,38327e38223aec37a1dd5dd0a8bf15abcd3703eb,https://github.com/heyns1000/omnigrid/blob/main/fruitful-global-deployment/attached_assets/ritual.seedwave.faa.zone-main/public/ritenest-dashboard.html
fruitful-global-deployment/attached_assets/ritual.seedwave.faa.zone-main/public/sectors/claimroute/index.html,169672,1ef8c332fafeef924caca359e6c20468e15c089e,https://github.com/heyns1000/omnigrid/blob/main/fruitful-global-deployment/attached_assets/ritual.seedwave.faa.zone-main/public/sectors/claimroute/index.html
fruitful-global-deployment/attached_assets/ritual.seedwave.faa.zone-main/public/sectors/culturemesh/dashboard.html,202845,c8564275170c941b66c8fcfbd433e0c18cba989f,https://github.com/heyns1000/omnigrid/blob/main/fruitful-global-deployment/attached_assets/ritual.seedwave.faa.zone-main/public/sectors/culturemesh/dashboard.html
fruitful-global-deployment/attached_assets/ritual.seedwave.faa.zone-main/public/sectors/culturemesh/index.html,115458,000adf962fb722d739a98a363ed2dc426a2ab520,https://github.com/heyns1000/omnigrid/blob/main/fruitful-global-deployment/attached_assets/ritual.seedwave.faa.zone-main/public/sectors/culturemesh/index.html
fruitful-global-deployment/attached_assets/ritual.seedwave.faa.zone-main/public/sectors/ritenest/index.html,228868,38327e38223aec37a1dd5dd0a8bf15abcd3703eb,https://github.com/heyns1000/omnigrid/blob/main/fruitful-global-deployment/attached_assets/ritual.seedwave.faa.zone-main/public/sectors/ritenest/index.html
fruitful-global-deployment/attached_assets/ritual.seedwave.faa.zone-main_1753061780236.zip,236236,9a59067f5f72bae1929720b498c701fbdb564ee5,https://github.com/heyns1000/omnigrid/blob/main/fruitful-global-deployment/attached_assets/ritual.seedwave.faa.zone-main_1753061780236.zip
fruitful-global-deployment/attached_assets/sam_fox_1753261659049.psd,1703506,7bb5a2da83c8b8d1e8b5ce947a7462d0fdb6fcee,https://github.com/heyns1000/omnigrid/blob/main/fruitful-global-deployment/attached_assets/sam_fox_1753261659049.psd
fruitful-global-deployment/attached_assets/sambreel_01_1753263376701.png,675401,57a7db5f302d43740f7c8de8e1a7db7bcf853179,https://github.com/heyns1000/omnigrid/blob/main/fruitful-global-deployment/attached_assets/sambreel_01_1753263376701.png
fruitful-global-deployment/attached_assets/samfox-main/LICENSE,11357,261eeb9e9f8b2b4b0d119366dda99c6fd7d35c64,https://github.com/heyns1000/omnigrid/blob/main/fruitful-global-deployment/attached_assets/samfox-main/LICENSE
fruitful-global-deployment/attached_assets/samfox-main/Madiba_mock.png,547226,fcc0a32397e99af14308aeb48ebaf7a99f78d26f,https://github.com/heyns1000/omnigrid/blob/main/fruitful-global-deployment/attached_assets/samfox-main/Madiba_mock.png
fruitful-global-deployment/attached_assets/samfox-main/README.md,32,e2bc11ab9705e950ca39a45ce39e9adf048fe477,https://github.com/heyns1000/omnigrid/blob/main/fruitful-global-deployment/attached_assets/samfox-main/README.md
fruitful-global-deployment/attached_assets/samfox-main/assets,1,8b137891791fe96927ad78e64b0aad7bded08bdc,https://github.com/heyns1000/omnigrid/blob/main/fruitful-global-deployment/attached_assets/samfox-main/assets
fruitful-global-deployment/attached_assets/samfox-main/foxed_got_mobiles.html,116128,2123ba4b78a6e3dd7e770eb30fb5d931b40e663b,https://github.com/heyns1000/omnigrid/blob/main/fruitful-global-deployment/attached_assets/samfox-main/foxed_got_mobiles.html
fruitful-global-deployment/attached_assets/samfox-main/project/paypal/sectors/agriculture-biotech/agrichain/paypal/pricing.html,38947,bf8057362f7986de3498454db19631a2566b1752,https://github.com/heyns1000/omnigrid/blob/main/fruitful-global-deployment/attached_assets/samfox-main/project/paypal/sectors/agriculture-biotech/agrichain/paypal/pricing.html
fruitful-global-deployment/attached_assets/samfox-main/public/Templates/Fruitful_payment.html,102925,6622152fa27a542d52746419e17d00d775aaa6f8,https://github.com/heyns1000/omnigrid/blob/main/fruitful-global-deployment/attached_assets/samfox-main/public/Templates/Fruitful_payment.html
fruitful-global-deployment/attached_assets/samfox-main/public/Templates/ancestortag_heritage_portal.html,211661,236b4343d45bc794c6bf2f7c3dab4c8c7d9a980e,https://github.com/heyns1000/omnigrid/blob/main/fruitful-global-deployment/attached_assets/samfox-main/public/Templates/ancestortag_heritage_portal.html
fruitful-global-deployment/attached_assets/samfox-main/public/Templates/dashboardv3.0.html,61600,3031aa4f507d8fe818d568914822beb877e3eec6,https://github.com/heyns1000/omnigrid/blob/main/fruitful-global-deployment/attached_assets/samfox-main/public/Templates/dashboardv3.0.html
fruitful-global-deployment/attached_assets/samfox-main/public/Templates/global_checkout_form.html,78724,11ded543bfe5131a379188066390ea1452acafaf,https://github.com/heyns1000/omnigrid/blob/main/fruitful-global-deployment/attached_assets/samfox-main/public/Templates/global_checkout_form.html
fruitful-global-deployment/attached_assets/samfox-main/public/Templates/global_footer.html,5141,c142bf9cf036b3b6294882aa506ec793d99a88fd,https://github.com/heyns1000/omnigrid/blob/main/fruitful-global-deployment/attached_assets/samfox-main/public/Templates/global_footer.html
fruitful-global-deployment/attached_assets/samfox-main/public/Templates/global_header_body_toggles_footer.html,167114,e2002f3549cefcef1d6e7ad2b169177da6a1161b,https://github.com/heyns1000/omnigrid/blob/main/fruitful-global-deployment/attached_assets/samfox-main/public/Templates/global_header_body_toggles_footer.html
fruitful-global-deployment/attached_assets/samfox-main/public/Templates/global_payment_paypal_product_page.html,104826,5b81c614ae608ce67eba36d9b10d919276b3d5d4,https://github.com/heyns1000/omnigrid/blob/main/fruitful-global-deployment/attached_assets/samfox-main/public/Templates/global_payment_paypal_product_page.html
fruitful-global-deployment/attached_assets/samfox-main/public/Templates/global_payment_paypal_product_pages.html,168525,93b97f5f25934b48e91d97e368c8dfb15df57d9e,https://github.com/heyns1000/omnigrid/blob/main/fruitful-global-deployment/attached_assets/samfox-main/public/Templates/global_payment_paypal_product_pages.html
fruitful-global-deployment/attached_assets/samfox-main/public/Templates/monster_omni_core_engines_nodes_demo.html,98014,2be0e9dbf7d1a09815766506621ddb13d7d8fb67,https://github.com/heyns1000/omnigrid/blob/main/fruitful-global-deployment/attached_assets/samfox-main/public/Templates/monster_omni_core_engines_nodes_demo.html
fruitful-global-deployment/attached_assets/samfox-main/public/Templates/omni.html,76020,e8c98a8b59655c9ccaaf88140d20e311a47db329,https://github.com/heyns1000/omnigrid/blob/main/fruitful-global-deployment/attached_assets/samfox-main/public/Templates/omni.html
fruitful-global-deployment/attached_assets/samfox-main/public/Templates/sectors/housing/index.html,134787,729fed756561704fbabd3bf39a071c7480fea1ff,https://github.com/heyns1000/omnigrid/blob/main/fruitful-global-deployment/attached_assets/samfox-main/public/Templates/sectors/housing/index.html
fruitful-global-deployment/attached_assets/samfox-main/public/Templates/sectors/ritual_culture/index.html,16605,6bcbf4f244f6e2dfca007bebad6b160e0b5f4304,https://github.com/heyns1000/omnigrid/blob/main/fruitful-global-deployment/attached_assets/samfox-main/public/Templates/sectors/ritual_culture/index.html
fruitful-global-deployment/attached_assets/samfox-main/public/Templates/sectors/template/index_master.html,216828,4eaf69dec2913fc7b4459709ccf35f743137f5b8,https://github.com/heyns1000/omnigrid/blob/main/fruitful-global-deployment/attached_assets/samfox-main/public/Templates/sectors/template/index_master.html
fruitful-global-deployment/attached_assets/samfox-main/public/foxed_got_mobiles.html,88509,d349d566d188d7158f05d854e192eab67b4f2d6f,https://github.com/heyns1000/omnigrid/blob/main/fruitful-global-deployment/attached_assets/samfox-main/public/foxed_got_mobiles.html
fruitful-global-deployment/attached_assets/samfox-main/public/global_sector_index.html,228578,c0e33d7e87269d02507cda14b76f58e68b049961,https://github.com/heyns1000/omnigrid/blob/main/fruitful-global-deployment/attached_assets/samfox-main/public/global_sector_index.html
fruitful-global-deployment/attached_assets/samfox-main/public/global_templates/Fruitful_crate_dance_pricing.html,82869,8f43c6d013d1ebaedeb5f85347df4bc1cd770d20,https://github.com/heyns1000/omnigrid/blob/main/fruitful-global-deployment/attached_assets/samfox-main/public/global_templates/Fruitful_crate_dance_pricing.html
fruitful-global-deployment/attached_assets/samfox-main/public/global_templates/Fruitful_media_motion_sonic_dashboard.html,235455,312023d3ce349612987cf1fbcbedf666a695b24f,https://github.com/heyns1000/omnigrid/blob/main/fruitful-global-deployment/attached_assets/samfox-main/public/global_templates/Fruitful_media_motion_sonic_dashboard.html
fruitful-global-deployment/attached_assets/samfox-main/public/global_templates/codenest_desktop_dashboard.html,227854,5a422b8cded20d31a8fd24f2432496bdb2989d7c,https://github.com/heyns1000/omnigrid/blob/main/fruitful-global-deployment/attached_assets/samfox-main/public/global_templates/codenest_desktop_dashboard.html
fruitful-global-deployment/attached_assets/samfox-main/public/global_templates/global_footer_banimal.html,41461,ca6b43cdc2dcc2fcb35c961194482a96c23c8669,https://github.com/heyns1000/omnigrid/blob/main/fruitful-global-deployment/attached_assets/samfox-main/public/global_templates/global_footer_banimal.html
fruitful-global-deployment/attached_assets/samfox-main/public/global_templates/hotstack.html,15442,06f36eb8fde65c540054dd5b69a9100bc73b29fa,https://github.com/heyns1000/omnigrid/blob/main/fruitful-global-deployment/attached_assets/samfox-main/public/global_templates/hotstack.html
fruitful-global-deployment/attached_assets/samfox-main/public/global_templates/loop_pay.html,27064,0bbc64518bd0f900913af411c606d5c9921669a6,https://github.com/heyns1000/omnigrid/blob/main/fruitful-global-deployment/attached_assets/samfox-main/public/global_templates/loop_pay.html
fruitful-global-deployment/attached_assets/samfox-main/public/global_templates/securesign_api.html,38265,b183f641f0f27fdd370bccab71739a98b49cc5d6,https://github.com/heyns1000/omnigrid/blob/main/fruitful-global-deployment/attached_assets/samfox-main/public/global_templates/securesign_api.html
fruitful-global-deployment/attached_assets/samfox-main/public/global_templates/south_african_brands.html,91377,072ae0514fd3efa8857d1b2615322cce3b08e601,https://github.com/heyns1000/omnigrid/blob/main/fruitful-global-deployment/attached_assets/samfox-main/public/global_templates/south_african_brands.html
fruitful-global-deployment/attached_assets/samfox-main/public/global_templates/spa_dashboard.html,60762,9cd29cd74e0208c4f97f18e3eda204db5af370ee,https://github.com/heyns1000/omnigrid/blob/main/fruitful-global-deployment/attached_assets/samfox-main/public/global_templates/spa_dashboard.html
fruitful-global-deployment/attached_assets/samfox-main/public/index.html,140263,17af928d0d9a80848a9da641f2149b0eaf89025c,https://github.com/heyns1000/omnigrid/blob/main/fruitful-global-deployment/attached_assets/samfox-main/public/index.html
fruitful-global-deployment/attached_assets/samfox-main/public/master_license_pricing.html,166636,b34d05550f379efc61899c61e74bdd6a4c6de48f,https://github.com/heyns1000/omnigrid/blob/main/fruitful-global-deployment/attached_assets/samfox-main/public/master_license_pricing.html
fruitful-global-deployment/attached_assets/samfox-main/public/merge_logic.html,170366,9eec3a8548198fb6324423dc946aeeb0dedbcb58,https://github.com/heyns1000/omnigrid/blob/main/fruitful-global-deployment/attached_assets/samfox-main/public/merge_logic.html
fruitful-global-deployment/attached_assets/samfox-main/public/sector_index.html,198896,8b365b37610de96d4c346c1603c7ddb21f1e0235,https://github.com/heyns1000/omnigrid/blob/main/fruitful-global-deployment/attached_assets/samfox-main/public/sector_index.html
fruitful-global-deployment/attached_assets/samfox-main_1753062295667.zip,1270292,dce803f53c9c1007b75d3aea40a9984b848245b4,https://github.com/heyns1000/omnigrid/blob/main/fruitful-global-deployment/attached_assets/samfox-main_1753062295667.zip
fruitful-global-deployment/attached_assets/sheep_cone_1753263376701.png,148237,2d638ee2d648acf09955f17f00131f9bbf114867,https://github.com/heyns1000/omnigrid/blob/main/fruitful-global-deployment/attached_assets/sheep_cone_1753263376701.png
fruitful-global-deployment/attached_assets/toad_color_1753263376700.png,601154,d186aa2667789db1f511870877804d91f1d4d507,https://github.com/heyns1000/omnigrid/blob/main/fruitful-global-deployment/attached_assets/toad_color_1753263376700.png
fruitful-global-deployment/attached_assets/toynest.seedwave.faa.zone-main/index.html,219974,77ef817050801651d0ac65c80cc616065cf09227,https://github.com/heyns1000/omnigrid/blob/main/fruitful-global-deployment/attached_assets/toynest.seedwave.faa.zone-main/index.html
fruitful-global-deployment/attached_assets/toynest.seedwave.faa.zone-main/public/dashboard.html,229789,b56a3d4c2812bfa0f306d7ea4efa5203539b0bf0,https://github.com/heyns1000/omnigrid/blob/main/fruitful-global-deployment/attached_assets/toynest.seedwave.faa.zone-main/public/dashboard.html
fruitful-global-deployment/attached_assets/toynest.seedwave.faa.zone-main_1753051738026.zip,85386,1090a40e0d1b9036bfb218ab88c4ca274d4344c9,https://github.com/heyns1000/omnigrid/blob/main/fruitful-global-deployment/attached_assets/toynest.seedwave.faa.zone-main_1753051738026.zip
fruitful-global-deployment/attached_assets/vaultmesh-main/.github/workflows/generator-generic-ossf-slsa3-publish.yml,2428,35c829b139b59c6483d2505dbc342434445c829f,https://github.com/heyns1000/omnigrid/blob/main/fruitful-global-deployment/attached_assets/vaultmesh-main/.github/workflows/generator-generic-ossf-slsa3-publish.yml
fruitful-global-deployment/attached_assets/vaultmesh-main/.github/workflows/jekyll-docker.yml,476,3d0eedb4ce2b81df62d1fb92131fbe92e023d4cf,https://github.com/heyns1000/omnigrid/blob/main/fruitful-global-deployment/attached_assets/vaultmesh-main/.github/workflows/jekyll-docker.yml
fruitful-global-deployment/attached_assets/vaultmesh-main/README.md,15297,430555caeed37e2924621645366c3f1a4ea75545,https://github.com/heyns1000/omnigrid/blob/main/fruitful-global-deployment/attached_assets/vaultmesh-main/README.md
fruitful-global-deployment/attached_assets/vaultmesh-main/about.html,24799,cac24d2251f52b30ec1dd5caa3aa68a5dcc35843,https://github.com/heyns1000/omnigrid/blob/main/fruitful-global-deployment/attached_assets/vaultmesh-main/about.html
fruitful-global-deployment/attached_assets/vaultmesh-main/fruitful-brand-packages.html,212526,bca7c53f0cd5d53f665ba6bae150f3165cc9ae1f,https://github.com/heyns1000/omnigrid/blob/main/fruitful-global-deployment/attached_assets/vaultmesh-main/fruitful-brand-packages.html
fruitful-global-deployment/attached_assets/vaultmesh-main/global_checkout.html,38947,bf8057362f7986de3498454db19631a2566b1752,https://github.com/heyns1000/omnigrid/blob/main/fruitful-global-deployment/attached_assets/vaultmesh-main/global_checkout.html
fruitful-global-deployment/attached_assets/vaultmesh-main/heyns.html,203271,97c449a647b431922cbbc59bb5695363f3149c84,https://github.com/heyns1000/omnigrid/blob/main/fruitful-global-deployment/attached_assets/vaultmesh-main/heyns.html
fruitful-global-deployment/attached_assets/vaultmesh-main/index.html,122989,f67412b2f340946285de9a6af3180c8ac8cb4012,https://github.com/heyns1000/omnigrid/blob/main/fruitful-global-deployment/attached_assets/vaultmesh-main/index.html
fruitful-global-deployment/attached_assets/vaultmesh-main/products.html,104053,36b81804d74da9140c3dfdb26e5721ccc0bd9b35,https://github.com/heyns1000/omnigrid/blob/main/fruitful-global-deployment/attached_assets/vaultmesh-main/products.html
fruitful-global-deployment/attached_assets/vaultmesh-main_1753045430719.zip,159835,695529186e2ca94e65d9b4c012013fddb060fbeb,https://github.com/heyns1000/omnigrid/blob/main/fruitful-global-deployment/attached_assets/vaultmesh-main_1753045430719.zip
fruitful-global-deployment/attached_assets/water_security_dashboard_1753207194751.html,17141,746006bbc4e0a32fba4ebe2e95a384cabb5bb232,https://github.com/heyns1000/omnigrid/blob/main/fruitful-global-deployment/attached_assets/water_security_dashboard_1753207194751.html
fruitful-global-deployment/attached_assets/wildlife.seedwave.faa.zone-main/index.html,119600,df68f97afcb8987341d35f98826f169f3c6020fe,https://github.com/heyns1000/omnigrid/blob/main/fruitful-global-deployment/attached_assets/wildlife.seedwave.faa.zone-main/index.html
fruitful-global-deployment/attached_assets/wildlife.seedwave.faa.zone-main_1753061780236.zip,22052,a07ad8bf769c518d96c7c0ebc1ab93b0cbe596e4,https://github.com/heyns1000/omnigrid/blob/main/fruitful-global-deployment/attached_assets/wildlife.seedwave.faa.zone-main_1753061780236.zip
fruitful-global-deployment/attached_assets/wildlife_protection_dashboard_1753207194751.html,16276,0d225d8d36aab91d3250912bc3f78a24340386e9,https://github.com/heyns1000/omnigrid/blob/main/fruitful-global-deployment/attached_assets/wildlife_protection_dashboard_1753207194751.html
fruitful-global-deployment/client/index.html,527,4b4d09e3151713b7af7e8d38dd2bac2a27d5a7ee,https://github.com/heyns1000/omnigrid/blob/main/fruitful-global-deployment/client/index.html
fruitful-global-deployment/client/public/legal-docs/Change_1753063971221.docx,51004018,30d3e10e9b601f2956e38af0fd8a07870e558e9d,https://github.com/heyns1000/omnigrid/blob/main/fruitful-global-deployment/client/public/legal-docs/Change_1753063971221.docx
fruitful-global-deployment/client/public/legal-docs/FAA Quantum Nexus_1753063073243.pdf,2061707,dda6916e776261c7a63bb0d3215649de54c12c47,https://github.com/heyns1000/omnigrid/blob/main/fruitful-global-deployment/client/public/legal-docs/FAA Quantum Nexus_1753063073243.pdf
fruitful-global-deployment/client/src/App.tsx,21834,1885e5023483513967cbbfad0b50170e45bc4a7e,https://github.com/heyns1000/omnigrid/blob/main/fruitful-global-deployment/client/src/App.tsx
fruitful-global-deployment/client/src/assets/Madiba_mock.png,547226,fcc0a32397e99af14308aeb48ebaf7a99f78d26f,https://github.com/heyns1000/omnigrid/blob/main/fruitful-global-deployment/client/src/assets/Madiba_mock.png
fruitful-global-deployment/client/src/components/Dashboard/AirshowMetrics.tsx,10666,3d02ae2f070c6e3cfecdfc5d06c9387eca07296b,https://github.com/heyns1000/omnigrid/blob/main/fruitful-global-deployment/client/src/components/Dashboard/AirshowMetrics.tsx
fruitful-global-deployment/client/src/components/Dashboard/index.ts,133,ae0f4c21d9b36a9b9c182b231c3a452f49c91407,https://github.com/heyns1000/omnigrid/blob/main/fruitful-global-deployment/client/src/components/Dashboard/index.ts
fruitful-global-deployment/client/src/components/HeritagePortal.tsx,19292,d9c0cd64164af7e07b881b503d87cb91526924ba,https://github.com/heyns1000/omnigrid/blob/main/fruitful-global-deployment/client/src/components/HeritagePortal.tsx
fruitful-global-deployment/client/src/components/LoyaltyProtocol/BeautyBanner.tsx,7402,52fb4363044751f36475fda4e1f5d55c8e99d514,https://github.com/heyns1000/omnigrid/blob/main/fruitful-global-deployment/client/src/components/LoyaltyProtocol/BeautyBanner.tsx
fruitful-global-deployment/client/src/components/LoyaltyProtocol/index.ts,150,98e1449739608414ab69e41385f2e62c904764f4,https://github.com/heyns1000/omnigrid/blob/main/fruitful-global-deployment/client/src/components/LoyaltyProtocol/index.ts
fruitful-global-deployment/client/src/components/PayPalButton.tsx,4132,b20a5e09726da25217e05e54040baec2e975613c,https://github.com/heyns1000/omnigrid/blob/main/fruitful-global-deployment/client/src/components/PayPalButton.tsx
fruitful-global-deployment/client/src/components/PayPalEcosystemManager.tsx,10587,b9ebe0c3742f0cec18bc0bd840b58c3a0d0f6209,https://github.com/heyns1000/omnigrid/blob/main/fruitful-global-deployment/client/src/components/PayPalEcosystemManager.tsx
fruitful-global-deployment/client/src/components/QuantifiedSidebarMenu.tsx,8738,5ecbdf70c89f3354acbd6d5b5df0792c2b3f2785,https://github.com/heyns1000/omnigrid/blob/main/fruitful-global-deployment/client/src/components/QuantifiedSidebarMenu.tsx
fruitful-global-deployment/client/src/components/animations/ScrollBreathGlyphs.tsx,5776,0ea3a32417c748162234cf50acbbfeaf144eaf45,https://github.com/heyns1000/omnigrid/blob/main/fruitful-global-deployment/client/src/components/animations/ScrollBreathGlyphs.tsx
fruitful-global-deployment/client/src/components/animations/SectorTransitionEffects.tsx,4773,d81bbeb083d3d075a83d3a44afedc0702b7916ee,https://github.com/heyns1000/omnigrid/blob/main/fruitful-global-deployment/client/src/components/animations/SectorTransitionEffects.tsx
fruitful-global-deployment/client/src/components/brand-detail-modal.tsx,10316,80934d2aec8f82c5faae8a6d4d2a8f9a6ed6b5c8,https://github.com/heyns1000/omnigrid/blob/main/fruitful-global-deployment/client/src/components/brand-detail-modal.tsx
fruitful-global-deployment/client/src/components/cart/cart-drawer.tsx,2686,e34ca6a31fd2353ecc2d4e8a1cd5b7515132348b,https://github.com/heyns1000/omnigrid/blob/main/fruitful-global-deployment/client/src/components/cart/cart-drawer.tsx
fruitful-global-deployment/client/src/components/cart/cart-item.tsx,3091,e8496574465afc555cb07c9b354c3bb18ce0ef7a,https://github.com/heyns1000/omnigrid/blob/main/fruitful-global-deployment/client/src/components/cart/cart-item.tsx
fruitful-global-deployment/client/src/components/cart/cart-summary.tsx,2651,ea70c9be6f13c004f885a892490387cdc130470e,https://github.com/heyns1000/omnigrid/blob/main/fruitful-global-deployment/client/src/components/cart/cart-summary.tsx
fruitful-global-deployment/client/src/components/claimroot-checkout.tsx,7754,0aa94b8edc80e1a8d641bc1bbe5c17864d27c92f,https://github.com/heyns1000/omnigrid/blob/main/fruitful-global-deployment/client/src/components/claimroot-checkout.tsx
fruitful-global-deployment/client/src/components/clickable-brand-name.tsx,3317,e529bd7334a0e8b32667baf74f85644cdfdfa3f5,https://github.com/heyns1000/omnigrid/blob/main/fruitful-global-deployment/client/src/components/clickable-brand-name.tsx
fruitful-global-deployment/client/src/components/cloudflare-sync-manager.tsx,7643,0005943dc453ceb9a41ee4953baff0c83da76abe,https://github.com/heyns1000/omnigrid/blob/main/fruitful-global-deployment/client/src/components/cloudflare-sync-manager.tsx
fruitful-global-deployment/client/src/components/database-integration-status.tsx,10241,7dbaabbd0cc0ed484ee6f140d186cb5204e46857,https://github.com/heyns1000/omnigrid/blob/main/fruitful-global-deployment/client/src/components/database-integration-status.tsx
fruitful-global-deployment/client/src/components/database-schema-sidebar.tsx,13726,33552cf97352be2656307c887e6ca8b70cc313cf,https://github.com/heyns1000/omnigrid/blob/main/fruitful-global-deployment/client/src/components/database-schema-sidebar.tsx
fruitful-global-deployment/client/src/components/enhanced-sidepanel.tsx,12120,d7405ce946c876315b8165d9a172fab52135322b,https://github.com/heyns1000/omnigrid/blob/main/fruitful-global-deployment/client/src/components/enhanced-sidepanel.tsx
fruitful-global-deployment/client/src/components/fruitful-marketplace-integration.tsx,16656,6a36cd4d71b87739feb76a7e2f2586ac6816e2e8,https://github.com/heyns1000/omnigrid/blob/main/fruitful-global-deployment/client/src/components/fruitful-marketplace-integration.tsx
fruitful-global-deployment/client/src/components/global-button-activator.tsx,7008,966c83fa48256b9434ee23cf1973826b9386840f,https://github.com/heyns1000/omnigrid/blob/main/fruitful-global-deployment/client/src/components/global-button-activator.tsx
fruitful-global-deployment/client/src/components/global-sync-indicator.tsx,1536,b691990ef5e1554a970fd896e72731fdbea8a612,https://github.com/heyns1000/omnigrid/blob/main/fruitful-global-deployment/client/src/components/global-sync-indicator.tsx
fruitful-global-deployment/client/src/components/heatmap/CrossSectorHeatmap.tsx,20421,318de6831294407bafb532579caf1ed2e0bd8f58,https://github.com/heyns1000/omnigrid/blob/main/fruitful-global-deployment/client/src/components/heatmap/CrossSectorHeatmap.tsx
fruitful-global-deployment/client/src/components/interactive-brand-card.tsx,11841,3acfae26394e8c4e3978206d811955e23d584243,https://github.com/heyns1000/omnigrid/blob/main/fruitful-global-deployment/client/src/components/interactive-brand-card.tsx
fruitful-global-deployment/client/src/components/loading/MinimalSectorLoader.tsx,1640,591d0d9733c217dfe11ddf722ec9bfbd94a8eca6,https://github.com/heyns1000/omnigrid/blob/main/fruitful-global-deployment/client/src/components/loading/MinimalSectorLoader.tsx
fruitful-global-deployment/client/src/components/loading/SectorTransitionLoader.tsx,8387,8d6532c4276a904b226a70a8e56f7ee98a9d114f,https://github.com/heyns1000/omnigrid/blob/main/fruitful-global-deployment/client/src/components/loading/SectorTransitionLoader.tsx
fruitful-global-deployment/client/src/components/loading/index.ts,150,d594df7105ffaaaf3d9830548f21d715547d6241,https://github.com/heyns1000/omnigrid/blob/main/fruitful-global-deployment/client/src/components/loading/index.ts
fruitful-global-deployment/client/src/components/marketplace/filter-sidebar.tsx,5229,9e979f66dfbba42bdef03aae556c852a739cc784,https://github.com/heyns1000/omnigrid/blob/main/fruitful-global-deployment/client/src/components/marketplace/filter-sidebar.tsx
fruitful-global-deployment/client/src/components/marketplace/product-card.tsx,4103,bc8fd9a52b2f14d807d490f078ab13c8316fdf1d,https://github.com/heyns1000/omnigrid/blob/main/fruitful-global-deployment/client/src/components/marketplace/product-card.tsx
fruitful-global-deployment/client/src/components/mining/MineNestAuthenticBrands.tsx,5335,ba53c8af0224f83fe9713a86dac134c755ac0453,https://github.com/heyns1000/omnigrid/blob/main/fruitful-global-deployment/client/src/components/mining/MineNestAuthenticBrands.tsx
fruitful-global-deployment/client/src/components/mining/comprehensive-minenest-dashboard.tsx,20608,79b8e702847850a32db68eab3d7950e8ffb63bdd,https://github.com/heyns1000/omnigrid/blob/main/fruitful-global-deployment/client/src/components/mining/comprehensive-minenest-dashboard.tsx
fruitful-global-deployment/client/src/components/mining/minecore-dashboard.tsx,6926,49d00cbed15ab3da0b0cf9512d242c75bde85741,https://github.com/heyns1000/omnigrid/blob/main/fruitful-global-deployment/client/src/components/mining/minecore-dashboard.tsx
fruitful-global-deployment/client/src/components/mining/minenest-authentic-dashboard.tsx,25177,5ed986088a0d2b1ef3095773160755c20d537711,https://github.com/heyns1000/omnigrid/blob/main/fruitful-global-deployment/client/src/components/mining/minenest-authentic-dashboard.tsx
fruitful-global-deployment/client/src/components/mining/minenest-dashboard.tsx,42646,db19d5c615db3baadfc799940feceeb9003152ed,https://github.com/heyns1000/omnigrid/blob/main/fruitful-global-deployment/client/src/components/mining/minenest-dashboard.tsx
fruitful-global-deployment/client/src/components/portal/api-key-manager.tsx,19786,ae9f0b63f2c43048353c7416f5b06803737d1099,https://github.com/heyns1000/omnigrid/blob/main/fruitful-global-deployment/client/src/components/portal/api-key-manager.tsx
fruitful-global-deployment/client/src/components/portal/authentic-marketplace.tsx,13611,189751579fd41c3b1060b25eb13a8ee4c969218a,https://github.com/heyns1000/omnigrid/blob/main/fruitful-global-deployment/client/src/components/portal/authentic-marketplace.tsx
fruitful-global-deployment/client/src/components/portal/bad-boys-noodle-display.tsx,13435,62367c8916a791d377d6358a3a102c4b6f0169f7,https://github.com/heyns1000/omnigrid/blob/main/fruitful-global-deployment/client/src/components/portal/bad-boys-noodle-display.tsx
fruitful-global-deployment/client/src/components/portal/banimal-integration.tsx,25666,e3c9543f70592c7454217fa8b6db7c076315001e,https://github.com/heyns1000/omnigrid/blob/main/fruitful-global-deployment/client/src/components/portal/banimal-integration.tsx
fruitful-global-deployment/client/src/components/portal/baobab-environmental-law-hub.tsx,29725,33f2976c047958ece52a26012d4f77b6ca3bb778,https://github.com/heyns1000/omnigrid/blob/main/fruitful-global-deployment/client/src/components/portal/baobab-environmental-law-hub.tsx
fruitful-global-deployment/client/src/components/portal/baobab-security-network.tsx,27666,ad2eb9eebb4eebd1e70a55d2de4db3a2836eb1e0,https://github.com/heyns1000/omnigrid/blob/main/fruitful-global-deployment/client/src/components/portal/baobab-security-network.tsx
fruitful-global-deployment/client/src/components/portal/brand-card.tsx,4738,a54892a4c631478c62fe0eafd4e83cb9b1e176e7,https://github.com/heyns1000/omnigrid/blob/main/fruitful-global-deployment/client/src/components/portal/brand-card.tsx
fruitful-global-deployment/client/src/components/portal/brand-identity-manager.tsx,18306,10ce7444d01cc4a1eb380a7a7532b30680f8ef11,https://github.com/heyns1000/omnigrid/blob/main/fruitful-global-deployment/client/src/components/portal/brand-identity-manager.tsx
fruitful-global-deployment/client/src/components/portal/buildnest-dashboard-fixed.tsx,22871,a14b33ab3501e1d4097d6689ff791cfe5f6c6eea,https://github.com/heyns1000/omnigrid/blob/main/fruitful-global-deployment/client/src/components/portal/buildnest-dashboard-fixed.tsx
fruitful-global-deployment/client/src/components/portal/buildnest-dashboard.tsx.disabled,34516,9d140ae0dcdb61b938c9daffef6b9ee8619d0b15,https://github.com/heyns1000/omnigrid/blob/main/fruitful-global-deployment/client/src/components/portal/buildnest-dashboard.tsx.disabled
fruitful-global-deployment/client/src/components/portal/complete-sector-listing.tsx,8938,1be7ba5d272237377350be0e3ef59128226baccd,https://github.com/heyns1000/omnigrid/blob/main/fruitful-global-deployment/client/src/components/portal/complete-sector-listing.tsx
fruitful-global-deployment/client/src/components/portal/document-viewer.tsx,8578,b0f6ab65d7a2153158cde9c207002ee5ef14a92b,https://github.com/heyns1000/omnigrid/blob/main/fruitful-global-deployment/client/src/components/portal/document-viewer.tsx
fruitful-global-deployment/client/src/components/portal/ecosystem-explorer.tsx,18392,d3fff0fa5e5d6a7450509136bba125657fb4bb19,https://github.com/heyns1000/omnigrid/blob/main/fruitful-global-deployment/client/src/components/portal/ecosystem-explorer.tsx
fruitful-global-deployment/client/src/components/portal/ecosystem-explorer2.tsx,12145,7c87d538a3e18089fc497b49666229b095403f33,https://github.com/heyns1000/omnigrid/blob/main/fruitful-global-deployment/client/src/components/portal/ecosystem-explorer2.tsx
fruitful-global-deployment/client/src/components/portal/ecosystem-explorer3.tsx,13563,e5c8e9f9cf6f975d0cc5024784b012e6b095e31b,https://github.com/heyns1000/omnigrid/blob/main/fruitful-global-deployment/client/src/components/portal/ecosystem-explorer3.tsx
fruitful-global-deployment/client/src/components/portal/fruitful-marketplace.tsx,20004,cee5b80c64b0a53c215993444fb6a6e392851bfd,https://github.com/heyns1000/omnigrid/blob/main/fruitful-global-deployment/client/src/components/portal/fruitful-marketplace.tsx
fruitful-global-deployment/client/src/components/portal/fruitful-smart-toys.tsx,36093,5c4fd1abe9c28cedd52b27b0e1684a945de10cb7,https://github.com/heyns1000/omnigrid/blob/main/fruitful-global-deployment/client/src/components/portal/fruitful-smart-toys.tsx
fruitful-global-deployment/client/src/components/portal/global-dashboard.tsx,16250,edb3c42a6d53da79d81b64fca17a48c42267b0ac,https://github.com/heyns1000/omnigrid/blob/main/fruitful-global-deployment/client/src/components/portal/global-dashboard.tsx
fruitful-global-deployment/client/src/components/portal/global-pulse.tsx,21242,dab4d455d849ff934706c392771612d80449d4fe,https://github.com/heyns1000/omnigrid/blob/main/fruitful-global-deployment/client/src/components/portal/global-pulse.tsx
fruitful-global-deployment/client/src/components/portal/hotstack-codenest.tsx,21435,5feee269252edf7fbc1589644b95d919bbb4d61a,https://github.com/heyns1000/omnigrid/blob/main/fruitful-global-deployment/client/src/components/portal/hotstack-codenest.tsx
fruitful-global-deployment/client/src/components/portal/integrations-dashboard.tsx,18438,665bb75546b190de9c0744ea96967327cd2a6b18,https://github.com/heyns1000/omnigrid/blob/main/fruitful-global-deployment/client/src/components/portal/integrations-dashboard.tsx
fruitful-global-deployment/client/src/components/portal/intern-portal.tsx,30781,e5821687658451bed9fa59a692e2e25c766c2203,https://github.com/heyns1000/omnigrid/blob/main/fruitful-global-deployment/client/src/components/portal/intern-portal.tsx
fruitful-global-deployment/client/src/components/portal/intern-portalnest.tsx,26746,5269203871b1c0e5f6886542e6e6e2b15dabba2e,https://github.com/heyns1000/omnigrid/blob/main/fruitful-global-deployment/client/src/components/portal/intern-portalnest.tsx
fruitful-global-deployment/client/src/components/portal/legal-documentation.tsx,17212,185851fbc391bb902187b5da6d54341730bd4dd2,https://github.com/heyns1000/omnigrid/blob/main/fruitful-global-deployment/client/src/components/portal/legal-documentation.tsx
fruitful-global-deployment/client/src/components/portal/legal-hub.tsx,18839,52aec3da2eda8b997cc9e57007fee6ca8da709c7,https://github.com/heyns1000/omnigrid/blob/main/fruitful-global-deployment/client/src/components/portal/legal-hub.tsx
fruitful-global-deployment/client/src/components/portal/legal-repository-hub.tsx,18816,576ed2575ece287d88039ecd8e2e84c3ace19898,https://github.com/heyns1000/omnigrid/blob/main/fruitful-global-deployment/client/src/components/portal/legal-repository-hub.tsx
fruitful-global-deployment/client/src/components/portal/omnigrid-faa-zone.tsx,42086,18fc2ca25c48a597ff5c5193b99f5c0462aca981,https://github.com/heyns1000/omnigrid/blob/main/fruitful-global-deployment/client/src/components/portal/omnigrid-faa-zone.tsx
fruitful-global-deployment/client/src/components/portal/omnilevel-selector.tsx,20097,4b084b62623ed09f3be21e5eb11cfc301e17230d,https://github.com/heyns1000/omnigrid/blob/main/fruitful-global-deployment/client/src/components/portal/omnilevel-selector.tsx
fruitful-global-deployment/client/src/components/portal/payment-hub.tsx,14958,1cd46387d083281abaf47d780a50e1c5d9740aef,https://github.com/heyns1000/omnigrid/blob/main/fruitful-global-deployment/client/src/components/portal/payment-hub.tsx
fruitful-global-deployment/client/src/components/portal/real-pricing-marketplace.tsx,9600,f200586461ef1c7621fb4a26363a43b9045c2887,https://github.com/heyns1000/omnigrid/blob/main/fruitful-global-deployment/client/src/components/portal/real-pricing-marketplace.tsx
fruitful-global-deployment/client/src/components/portal/recommendation-panel.tsx,12409,e12f15806eb6c24c0c178b1118407318b084a28a,https://github.com/heyns1000/omnigrid/blob/main/fruitful-global-deployment/client/src/components/portal/recommendation-panel.tsx
fruitful-global-deployment/client/src/components/portal/repository-hub.tsx,13243,5e70c384946d21683f3ef788fa7f96ab8e3cc8fb,https://github.com/heyns1000/omnigrid/blob/main/fruitful-global-deployment/client/src/components/portal/repository-hub.tsx
fruitful-global-deployment/client/src/components/portal/samfox-portfolio.tsx,7378,4ea29952a8bd672e5571f44c3c48bfb6a3d17199,https://github.com/heyns1000/omnigrid/blob/main/fruitful-global-deployment/client/src/components/portal/samfox-portfolio.tsx
fruitful-global-deployment/client/src/components/portal/search-filters.tsx,5746,f6b6f1937f61f8f8a62abc30df147640bd3a6979,https://github.com/heyns1000/omnigrid/blob/main/fruitful-global-deployment/client/src/components/portal/search-filters.tsx
fruitful-global-deployment/client/src/components/portal/sector-dashboard-indicator.tsx,2162,972d4d42ea9bc88d065d926e2213aef12c4f0f9e,https://github.com/heyns1000/omnigrid/blob/main/fruitful-global-deployment/client/src/components/portal/sector-dashboard-indicator.tsx
fruitful-global-deployment/client/src/components/portal/sector-dashboard-template.tsx,23192,fd94519b4c323e823b859e4801c2902331dcd131,https://github.com/heyns1000/omnigrid/blob/main/fruitful-global-deployment/client/src/components/portal/sector-dashboard-template.tsx
fruitful-global-deployment/client/src/components/portal/sector-navigation-card.tsx,4057,c6a605c281022cb506ab0206207ce1182aad04c4,https://github.com/heyns1000/omnigrid/blob/main/fruitful-global-deployment/client/src/components/portal/sector-navigation-card.tsx
fruitful-global-deployment/client/src/components/portal/sector-navigation-cards.tsx,8895,f21794fd055294425b293adb2697aa86982eba47,https://github.com/heyns1000/omnigrid/blob/main/fruitful-global-deployment/client/src/components/portal/sector-navigation-cards.tsx
fruitful-global-deployment/client/src/components/portal/sector-onboarding-flow.tsx,22081,25fb95b26c21b88375e2f25935d994a5dc2bba07,https://github.com/heyns1000/omnigrid/blob/main/fruitful-global-deployment/client/src/components/portal/sector-onboarding-flow.tsx
fruitful-global-deployment/client/src/components/portal/sector-relationship-mapping.tsx,19106,e13e23dad79b747ea83d06e06fdff190d57e3672,https://github.com/heyns1000/omnigrid/blob/main/fruitful-global-deployment/client/src/components/portal/sector-relationship-mapping.tsx
fruitful-global-deployment/client/src/components/portal/secure-sign.tsx,17888,d86e62495f1d61bbb13b2b4e4fe8608cf23ffdf9,https://github.com/heyns1000/omnigrid/blob/main/fruitful-global-deployment/client/src/components/portal/secure-sign.tsx
fruitful-global-deployment/client/src/components/portal/seedwave-admin.tsx,35663,489a4425096f6dac72f24f3f38d00063ef35ab7a,https://github.com/heyns1000/omnigrid/blob/main/fruitful-global-deployment/client/src/components/portal/seedwave-admin.tsx
fruitful-global-deployment/client/src/components/portal/sidebar.tsx,19587,58faf23e452d9415e3b39532f5dbdfec657666aa,https://github.com/heyns1000/omnigrid/blob/main/fruitful-global-deployment/client/src/components/portal/sidebar.tsx
fruitful-global-deployment/client/src/components/portal/system-status.tsx,4568,17aee34279e69edaa554761d8d96bd0e99f24b93,https://github.com/heyns1000/omnigrid/blob/main/fruitful-global-deployment/client/src/components/portal/system-status.tsx
fruitful-global-deployment/client/src/components/portal/vaultmesh-about.tsx,9395,6abdefd1db78b6607990bab34de93d47ab4f95a5,https://github.com/heyns1000/omnigrid/blob/main/fruitful-global-deployment/client/src/components/portal/vaultmesh-about.tsx
fruitful-global-deployment/client/src/components/portal/vaultmesh-brand-packages.tsx,13049,0925e30d04a72c1a94bf6a55924f5561bbf0e710,https://github.com/heyns1000/omnigrid/blob/main/fruitful-global-deployment/client/src/components/portal/vaultmesh-brand-packages.tsx
fruitful-global-deployment/client/src/components/portal/vaultmesh-checkout.tsx,16687,9bc2c6f29a2171114e47614fc598385c2d48c685,https://github.com/heyns1000/omnigrid/blob/main/fruitful-global-deployment/client/src/components/portal/vaultmesh-checkout.tsx
fruitful-global-deployment/client/src/components/portal/vaultmesh-global-checkout.tsx,12165,32b640b94883db7239fb27c58ab4b23b59b3c8da,https://github.com/heyns1000/omnigrid/blob/main/fruitful-global-deployment/client/src/components/portal/vaultmesh-global-checkout.tsx
fruitful-global-deployment/client/src/components/portal/vaultmesh-products.tsx,14739,66a4c4968c5f363eaaae5eef9db56888a7dceab2,https://github.com/heyns1000/omnigrid/blob/main/fruitful-global-deployment/client/src/components/portal/vaultmesh-products.tsx
fruitful-global-deployment/client/src/components/portal/version-selector.tsx,8103,b7aef84c5b115e9140f2407beafd62cf9c9d2597,https://github.com/heyns1000/omnigrid/blob/main/fruitful-global-deployment/client/src/components/portal/version-selector.tsx
fruitful-global-deployment/client/src/components/samfox/DashboardFrame.tsx,7845,71ca09e5623d683a3d159d2d4c7517e976fd4a81,https://github.com/heyns1000/omnigrid/blob/main/fruitful-global-deployment/client/src/components/samfox/DashboardFrame.tsx
fruitful-global-deployment/client/src/components/samfox/MarketplaceFrame.tsx,6431,1ad3b2c36a00ecd19f07740769e223efc5bb0068,https://github.com/heyns1000/omnigrid/blob/main/fruitful-global-deployment/client/src/components/samfox/MarketplaceFrame.tsx
fruitful-global-deployment/client/src/components/samfox/PaymentGateway.tsx,5003,65bd95d1b06ecdc80bcaf0c7eecf60472c551809,https://github.com/heyns1000/omnigrid/blob/main/fruitful-global-deployment/client/src/components/samfox/PaymentGateway.tsx
fruitful-global-deployment/client/src/components/samfox/TemplateLoader.tsx,3170,7abf8e7557893804ff4b6812e854642205991268,https://github.com/heyns1000/omnigrid/blob/main/fruitful-global-deployment/client/src/components/samfox/TemplateLoader.tsx
fruitful-global-deployment/client/src/components/samfox/index.ts,625,991e9dce104c5165b8017aa93747cdaa0fd0cac6,https://github.com/heyns1000/omnigrid/blob/main/fruitful-global-deployment/client/src/components/samfox/index.ts
fruitful-global-deployment/client/src/components/shopping-cart/CartDrawer.tsx,2913,8383815ef154639241a121ece3cad38f3f2dd01b,https://github.com/heyns1000/omnigrid/blob/main/fruitful-global-deployment/client/src/components/shopping-cart/CartDrawer.tsx
fruitful-global-deployment/client/src/components/shopping-cart/CartIcon.tsx,1053,a6794fc1ee875fc3a5f293be884b36ee6049d627,https://github.com/heyns1000/omnigrid/blob/main/fruitful-global-deployment/client/src/components/shopping-cart/CartIcon.tsx
fruitful-global-deployment/client/src/components/shopping-cart/CartItem.tsx,3665,845acc9f575684338a16656d821d14ba582f1cc5,https://github.com/heyns1000/omnigrid/blob/main/fruitful-global-deployment/client/src/components/shopping-cart/CartItem.tsx
fruitful-global-deployment/client/src/components/shopping-cart/CartSummary.tsx,1017,83bdfdf62f1de8b9d246bf86127968c258a8293d,https://github.com/heyns1000/omnigrid/blob/main/fruitful-global-deployment/client/src/components/shopping-cart/CartSummary.tsx
fruitful-global-deployment/client/src/components/shopping-cart/CheckoutButton.tsx,1726,3a497873f9dfa7ff8e6bedfda7a1ccd0a3f8296a,https://github.com/heyns1000/omnigrid/blob/main/fruitful-global-deployment/client/src/components/shopping-cart/CheckoutButton.tsx
fruitful-global-deployment/client/src/components/shopping-cart/useCart.tsx,5206,0bdcbdb1a1942152674cd1b7cd058b6a94765298,https://github.com/heyns1000/omnigrid/blob/main/fruitful-global-deployment/client/src/components/shopping-cart/useCart.tsx
fruitful-global-deployment/client/src/components/ui/accordion.tsx,1975,48e6bf7fb1d52159baf366c3846f34bb056ce843,https://github.com/heyns1000/omnigrid/blob/main/fruitful-global-deployment/client/src/components/ui/accordion.tsx
fruitful-global-deployment/client/src/components/ui/alert-dialog.tsx,4350,420b27221d1ea6b3bc72399eacdc15fa8c31f070,https://github.com/heyns1000/omnigrid/blob/main/fruitful-global-deployment/client/src/components/ui/alert-dialog.tsx
fruitful-global-deployment/client/src/components/ui/alert.tsx,1573,63c9ee2f7fb4a86768e23578264d5780049078d8,https://github.com/heyns1000/omnigrid/blob/main/fruitful-global-deployment/client/src/components/ui/alert.tsx
fruitful-global-deployment/client/src/components/ui/animated-card.tsx,2007,ece07db78027443d7ddb64018f2c0176160874ad,https://github.com/heyns1000/omnigrid/blob/main/fruitful-global-deployment/client/src/components/ui/animated-card.tsx
fruitful-global-deployment/client/src/components/ui/aspect-ratio.tsx,140,c4abbf37f217c715a0eaade7f45ac78600df419f,https://github.com/heyns1000/omnigrid/blob/main/fruitful-global-deployment/client/src/components/ui/aspect-ratio.tsx
fruitful-global-deployment/client/src/components/ui/avatar.tsx,1412,f80a621fef08a04f37addb741a898ec2555727cc,https://github.com/heyns1000/omnigrid/blob/main/fruitful-global-deployment/client/src/components/ui/avatar.tsx
fruitful-global-deployment/client/src/components/ui/badge.tsx,1110,cd82d8a7a509599d1bcada1a8493d4383bf0bb09,https://github.com/heyns1000/omnigrid/blob/main/fruitful-global-deployment/client/src/components/ui/badge.tsx
fruitful-global-deployment/client/src/components/ui/breadcrumb.tsx,2745,ba90337820c8caeaabe9589ef0d3b25eae1314d5,https://github.com/heyns1000/omnigrid/blob/main/fruitful-global-deployment/client/src/components/ui/breadcrumb.tsx
fruitful-global-deployment/client/src/components/ui/button.tsx,1848,9947c753378090f409d194bec34fde65d13b3854,https://github.com/heyns1000/omnigrid/blob/main/fruitful-global-deployment/client/src/components/ui/button.tsx
fruitful-global-deployment/client/src/components/ui/calendar.tsx,2676,0a296d83dc16dee92a64b06d190c1f4548a1d5eb,https://github.com/heyns1000/omnigrid/blob/main/fruitful-global-deployment/client/src/components/ui/calendar.tsx
fruitful-global-deployment/client/src/components/ui/card.tsx,1823,f8af9f133a84ec393ababe6ce898e6713aafd36c,https://github.com/heyns1000/omnigrid/blob/main/fruitful-global-deployment/client/src/components/ui/card.tsx
fruitful-global-deployment/client/src/components/ui/carousel.tsx,6190,c96119e29206c4d0edb5b755bd38a7d41c121724,https://github.com/heyns1000/omnigrid/blob/main/fruitful-global-deployment/client/src/components/ui/carousel.tsx
fruitful-global-deployment/client/src/components/ui/chart.tsx,10283,f88dfb3ee6b9f4cfee62ce1bb0ae106460e08527,https://github.com/heyns1000/omnigrid/blob/main/fruitful-global-deployment/client/src/components/ui/chart.tsx
fruitful-global-deployment/client/src/components/ui/checkbox.tsx,1052,317ca720bb2dd4ffa61efe2c7b2528cd434a55c5,https://github.com/heyns1000/omnigrid/blob/main/fruitful-global-deployment/client/src/components/ui/checkbox.tsx
fruitful-global-deployment/client/src/components/ui/collapsible.tsx,329,9fa48946afd1eb56bd932377fd888e3986304676,https://github.com/heyns1000/omnigrid/blob/main/fruitful-global-deployment/client/src/components/ui/collapsible.tsx
fruitful-global-deployment/client/src/components/ui/command.tsx,4869,662cfc228c7730cedca8acf0fd97bae7a7259ae7,https://github.com/heyns1000/omnigrid/blob/main/fruitful-global-deployment/client/src/components/ui/command.tsx
fruitful-global-deployment/client/src/components/ui/context-menu.tsx,7407,0c584115bf853c60f40d329e38b1f638cfed3340,https://github.com/heyns1000/omnigrid/blob/main/fruitful-global-deployment/client/src/components/ui/context-menu.tsx
fruitful-global-deployment/client/src/components/ui/currency-converter.tsx,3343,00410813098f5aaa303354f4a84386b75ad665b4,https://github.com/heyns1000/omnigrid/blob/main/fruitful-global-deployment/client/src/components/ui/currency-converter.tsx
fruitful-global-deployment/client/src/components/ui/dialog.tsx,3798,128021f322397c8011f86b047bf264d97ef87ce1,https://github.com/heyns1000/omnigrid/blob/main/fruitful-global-deployment/client/src/components/ui/dialog.tsx
fruitful-global-deployment/client/src/components/ui/drawer.tsx,2987,9940d0719d79aa07f6c86623d5b6e50b47759b2b,https://github.com/heyns1000/omnigrid/blob/main/fruitful-global-deployment/client/src/components/ui/drawer.tsx
fruitful-global-deployment/client/src/components/ui/dropdown-menu.tsx,7592,216e1439200b79dd8772e3f87404b2c1df57ca9e,https://github.com/heyns1000/omnigrid/blob/main/fruitful-global-deployment/client/src/components/ui/dropdown-menu.tsx
fruitful-global-deployment/client/src/components/ui/form.tsx,4137,ecbe512f7c51205cf31cfc2ff3013f6806064c52,https://github.com/heyns1000/omnigrid/blob/main/fruitful-global-deployment/client/src/components/ui/form.tsx
fruitful-global-deployment/client/src/components/ui/global-footer.tsx,5719,5cf55416cd8d7e0cb56f5df5e95be741b4a52945,https://github.com/heyns1000/omnigrid/blob/main/fruitful-global-deployment/client/src/components/ui/global-footer.tsx
fruitful-global-deployment/client/src/components/ui/hover-card.tsx,1260,7c8287f5e11241ac31ac7d294d0cd03321a71f6b,https://github.com/heyns1000/omnigrid/blob/main/fruitful-global-deployment/client/src/components/ui/hover-card.tsx
fruitful-global-deployment/client/src/components/ui/input-otp.tsx,2170,5543bfcd5c8e9ea28ca2c8feb99cdefedd72c4f2,https://github.com/heyns1000/omnigrid/blob/main/fruitful-global-deployment/client/src/components/ui/input-otp.tsx
fruitful-global-deployment/client/src/components/ui/input.tsx,797,3de1e6afff65f13a24e3137b63c4694ce9c02a45,https://github.com/heyns1000/omnigrid/blob/main/fruitful-global-deployment/client/src/components/ui/input.tsx
fruitful-global-deployment/client/src/components/ui/label.tsx,700,86b32b702e83ae65d43ed22e1a34f8bd71082f5c,https://github.com/heyns1000/omnigrid/blob/main/fruitful-global-deployment/client/src/components/ui/label.tsx
fruitful-global-deployment/client/src/components/ui/menubar.tsx,8536,4accb44bd7faf7f5ad3c7e65db6f0fd144307d62,https://github.com/heyns1000/omnigrid/blob/main/fruitful-global-deployment/client/src/components/ui/menubar.tsx
fruitful-global-deployment/client/src/components/ui/micro-interactions.tsx,12714,9f405d5c26aca1dc887214c35dab8668991d9a8e,https://github.com/heyns1000/omnigrid/blob/main/fruitful-global-deployment/client/src/components/ui/micro-interactions.tsx
fruitful-global-deployment/client/src/components/ui/navigation-menu.tsx,5109,0745a51c2b9234ccb6bc56345ed6de105d1af2fb,https://github.com/heyns1000/omnigrid/blob/main/fruitful-global-deployment/client/src/components/ui/navigation-menu.tsx
fruitful-global-deployment/client/src/components/ui/pagination.tsx,2736,e771c45090ff34821e497659ed575e3e49f459c6,https://github.com/heyns1000/omnigrid/blob/main/fruitful-global-deployment/client/src/components/ui/pagination.tsx
fruitful-global-deployment/client/src/components/ui/popover.tsx,1288,bb77e4c0ea0d71015d7eb09f4ced8abcafafa541,https://github.com/heyns1000/omnigrid/blob/main/fruitful-global-deployment/client/src/components/ui/popover.tsx
fruitful-global-deployment/client/src/components/ui/progress.tsx,764,d427c06da4404a40d9bc13b0c264ea7378981c48,https://github.com/heyns1000/omnigrid/blob/main/fruitful-global-deployment/client/src/components/ui/progress.tsx
fruitful-global-deployment/client/src/components/ui/radio-group.tsx,1446,05eb0c33de15f17d2ec5e3ddcad5c3b952ccd157,https://github.com/heyns1000/omnigrid/blob/main/fruitful-global-deployment/client/src/components/ui/radio-group.tsx
fruitful-global-deployment/client/src/components/ui/resizable.tsx,1714,60979c03a3945270f937887bba664a61b220db4b,https://github.com/heyns1000/omnigrid/blob/main/fruitful-global-deployment/client/src/components/ui/resizable.tsx
fruitful-global-deployment/client/src/components/ui/scroll-area.tsx,1634,42e7076b89fa4a077ca16fe3876d1b69157358ec,https://github.com/heyns1000/omnigrid/blob/main/fruitful-global-deployment/client/src/components/ui/scroll-area.tsx
fruitful-global-deployment/client/src/components/ui/select.tsx,5727,d00f18b416f730e9ebc37f33ed05afef8a372654,https://github.com/heyns1000/omnigrid/blob/main/fruitful-global-deployment/client/src/components/ui/select.tsx
fruitful-global-deployment/client/src/components/ui/separator.tsx,722,466b40520185d300759d4c5074a935e9191176ef,https://github.com/heyns1000/omnigrid/blob/main/fruitful-global-deployment/client/src/components/ui/separator.tsx
fruitful-global-deployment/client/src/components/ui/sheet.tsx,4232,7ecb50da5f926e2684f2f3a6be3dbda09b5f297c,https://github.com/heyns1000/omnigrid/blob/main/fruitful-global-deployment/client/src/components/ui/sheet.tsx
fruitful-global-deployment/client/src/components/ui/sidebar.tsx,23829,e170f9a0a69576c5b6ffdc566023d566f5932ecf,https://github.com/heyns1000/omnigrid/blob/main/fruitful-global-deployment/client/src/components/ui/sidebar.tsx
fruitful-global-deployment/client/src/components/ui/skeleton.tsx,261,01b8b6d4f716ff7c26065bc9e46aebd932729fc1,https://github.com/heyns1000/omnigrid/blob/main/fruitful-global-deployment/client/src/components/ui/skeleton.tsx
fruitful-global-deployment/client/src/components/ui/slider.tsx,1065,b0cd995de5652c2841c7db6f79e0ef6889eb7eea,https://github.com/heyns1000/omnigrid/blob/main/fruitful-global-deployment/client/src/components/ui/slider.tsx
fruitful-global-deployment/client/src/components/ui/switch.tsx,1145,194422f85f7f2a91eeb2820b8a2a59d843381b11,https://github.com/heyns1000/omnigrid/blob/main/fruitful-global-deployment/client/src/components/ui/switch.tsx
fruitful-global-deployment/client/src/components/ui/table.tsx,2721,ddc2083c4990380bbf874f26007daee106771c2e,https://github.com/heyns1000/omnigrid/blob/main/fruitful-global-deployment/client/src/components/ui/table.tsx
fruitful-global-deployment/client/src/components/ui/tabs.tsx,1894,4a2b37f9012f1a5561c0435e464433defd7188ea,https://github.com/heyns1000/omnigrid/blob/main/fruitful-global-deployment/client/src/components/ui/tabs.tsx
fruitful-global-deployment/client/src/components/ui/textarea.tsx,715,aa72d63f2f5437c1458e4025b97b735a865d1bc2,https://github.com/heyns1000/omnigrid/blob/main/fruitful-global-deployment/client/src/components/ui/textarea.tsx
fruitful-global-deployment/client/src/components/ui/theme-provider.tsx,61,2d37435cf687144578180cd2c577c0040153d46b,https://github.com/heyns1000/omnigrid/blob/main/fruitful-global-deployment/client/src/components/ui/theme-provider.tsx
fruitful-global-deployment/client/src/components/ui/toast.tsx,4850,43be556ba36b5a0029c607fea27269ab051c191b,https://github.com/heyns1000/omnigrid/blob/main/fruitful-global-deployment/client/src/components/ui/toast.tsx
fruitful-global-deployment/client/src/components/ui/toaster.tsx,743,20c0379c7408dbcabc27e343b83e575d51ecbcc3,https://github.com/heyns1000/omnigrid/blob/main/fruitful-global-deployment/client/src/components/ui/toaster.tsx
fruitful-global-deployment/client/src/components/ui/toggle-group.tsx,1751,62564eb37f7da7ca4bbdb83997a2bdccacdd9f45,https://github.com/heyns1000/omnigrid/blob/main/fruitful-global-deployment/client/src/components/ui/toggle-group.tsx
fruitful-global-deployment/client/src/components/ui/toggle.tsx,1521,b464194f54f1cc70bab195e6c6104c020d39823b,https://github.com/heyns1000/omnigrid/blob/main/fruitful-global-deployment/client/src/components/ui/toggle.tsx
fruitful-global-deployment/client/src/components/ui/tooltip.tsx,1219,23fc2524bc9d66371c62d61d052aa94a4303c67b,https://github.com/heyns1000/omnigrid/blob/main/fruitful-global-deployment/client/src/components/ui/tooltip.tsx
fruitful-global-deployment/client/src/components/wildlife-product-modal.tsx,16830,4e3801fed2fbe1769cfecb5125204b3f9cd29474,https://github.com/heyns1000/omnigrid/blob/main/fruitful-global-deployment/client/src/components/wildlife-product-modal.tsx
fruitful-global-deployment/client/src/hooks/use-cart.ts,6947,691f13b8c8aea785fdbf07d6beb43c3ce622adc2,https://github.com/heyns1000/omnigrid/blob/main/fruitful-global-deployment/client/src/hooks/use-cart.ts
fruitful-global-deployment/client/src/hooks/use-mobile.tsx,576,ba553c6f5587ca60443a370f3bb0982f3b5fa06a,https://github.com/heyns1000/omnigrid/blob/main/fruitful-global-deployment/client/src/hooks/use-mobile.tsx
fruitful-global-deployment/client/src/hooks/use-theme.tsx,2135,b2b551d052abd0d24384eea74463ca0c56df901c,https://github.com/heyns1000/omnigrid/blob/main/fruitful-global-deployment/client/src/hooks/use-theme.tsx
fruitful-global-deployment/client/src/hooks/use-toast.ts,3934,34eeb3772fa4591699e34f894bb032cd21588353,https://github.com/heyns1000/omnigrid/blob/main/fruitful-global-deployment/client/src/hooks/use-toast.ts
fruitful-global-deployment/client/src/hooks/useAuth.ts,257,fc0df24aa6965b983172dcab3cdefc3bed3844ca,https://github.com/heyns1000/omnigrid/blob/main/fruitful-global-deployment/client/src/hooks/useAuth.ts
fruitful-global-deployment/client/src/hooks/useGlobalSync.ts,2318,efa4772674fb0adb68bf5a428996c844de4d7d60,https://github.com/heyns1000/omnigrid/blob/main/fruitful-global-deployment/client/src/hooks/useGlobalSync.ts
fruitful-global-deployment/client/src/hooks/useHierarchyVisualization.ts,14378,4c58b829d25ff7f5be3cf1adce08464b07678d5f,https://github.com/heyns1000/omnigrid/blob/main/fruitful-global-deployment/client/src/hooks/useHierarchyVisualization.ts
fruitful-global-deployment/client/src/hooks/useMatrixVisualization.ts,12192,f2e43ffa5dbdc480ba0e6a1cd5150474bcde8689,https://github.com/heyns1000/omnigrid/blob/main/fruitful-global-deployment/client/src/hooks/useMatrixVisualization.ts
fruitful-global-deployment/client/src/hooks/useNetworkVisualization.ts,13411,472baec96c36d22994ca90809f619c0c2075e57b,https://github.com/heyns1000/omnigrid/blob/main/fruitful-global-deployment/client/src/hooks/useNetworkVisualization.ts
fruitful-global-deployment/client/src/hooks/useSectorMappingData.ts,16163,0a3759db9144a0e10b6dc331ad7b27e15ca1d753,https://github.com/heyns1000/omnigrid/blob/main/fruitful-global-deployment/client/src/hooks/useSectorMappingData.ts
fruitful-global-deployment/client/src/hooks/useSectorRelationshipStorage.ts,13858,26c2426f2d2dd8e5686a58f34a991c9192ff9fbd,https://github.com/heyns1000/omnigrid/blob/main/fruitful-global-deployment/client/src/hooks/useSectorRelationshipStorage.ts
fruitful-global-deployment/client/src/hooks/useSectorTransition.ts,1141,5ecf5e5880d5e6cf16994c6912d767b70d65f342,https://github.com/heyns1000/omnigrid/blob/main/fruitful-global-deployment/client/src/hooks/useSectorTransition.ts
fruitful-global-deployment/client/src/hooks/useSectorVisualization.ts,17927,39dcf36ff6ec8a823f825abcbb07e7fede7b3c95,https://github.com/heyns1000/omnigrid/blob/main/fruitful-global-deployment/client/src/hooks/useSectorVisualization.ts
fruitful-global-deployment/client/src/index.css,5658,e9bc12236efe9e4c93a9a6db00d80fb731a241a3,https://github.com/heyns1000/omnigrid/blob/main/fruitful-global-deployment/client/src/index.css
fruitful-global-deployment/client/src/lib/authUtils.ts,116,f8c89db4d15faa2faffffc9cbd2d11460214c0cc,https://github.com/heyns1000/omnigrid/blob/main/fruitful-global-deployment/client/src/lib/authUtils.ts
fruitful-global-deployment/client/src/lib/brand-data.ts,1773,52107a065149b96e8fa9e62307bafdae44e16e94,https://github.com/heyns1000/omnigrid/blob/main/fruitful-global-deployment/client/src/lib/brand-data.ts
fruitful-global-deployment/client/src/lib/queryClient.ts,1836,0eb2c938cdede25777edff59c9f415a40bdc08be,https://github.com/heyns1000/omnigrid/blob/main/fruitful-global-deployment/client/src/lib/queryClient.ts
fruitful-global-deployment/client/src/lib/utils.ts,166,bd0c391ddd1088e9067844c48835bf4abcd61783,https://github.com/heyns1000/omnigrid/blob/main/fruitful-global-deployment/client/src/lib/utils.ts
fruitful-global-deployment/client/src/main.tsx,157,696e0d2b94fbc09e5bf2378678cfe86625c2f15c,https://github.com/heyns1000/omnigrid/blob/main/fruitful-global-deployment/client/src/main.tsx
fruitful-global-deployment/client/src/pages/MetricsDashboard.tsx,11768,94e7794b3d8ad4562bca0f8c3e686ee2a347fea2,https://github.com/heyns1000/omnigrid/blob/main/fruitful-global-deployment/client/src/pages/MetricsDashboard.tsx
fruitful-global-deployment/client/src/pages/airshow-loyalty-protocol.tsx,10064,4916aa0bfb291bf048f56532e23eef6fab80c50a,https://github.com/heyns1000/omnigrid/blob/main/fruitful-global-deployment/client/src/pages/airshow-loyalty-protocol.tsx
fruitful-global-deployment/client/src/pages/analytics.tsx,16389,04cdc66fee60220ef3f4ad3378a9057905b98ff0,https://github.com/heyns1000/omnigrid/blob/main/fruitful-global-deployment/client/src/pages/analytics.tsx
fruitful-global-deployment/client/src/pages/bad-boys-noodle.tsx,5434,6305604fab1b1d1e28853efcc8e6c60126171298,https://github.com/heyns1000/omnigrid/blob/main/fruitful-global-deployment/client/src/pages/bad-boys-noodle.tsx
fruitful-global-deployment/client/src/pages/banimal-integration.tsx,22108,e75b20099eae54163d1dcbbc298a490efda9ed8d,https://github.com/heyns1000/omnigrid/blob/main/fruitful-global-deployment/client/src/pages/banimal-integration.tsx
fruitful-global-deployment/client/src/pages/brands.tsx,15523,bb80bddf118c42d14714b3274777aac89dd7c645,https://github.com/heyns1000/omnigrid/blob/main/fruitful-global-deployment/client/src/pages/brands.tsx
fruitful-global-deployment/client/src/pages/buildnest-dashboard.tsx,171,804215d12aaf221925cb413ecf578ee7cac04ac0,https://github.com/heyns1000/omnigrid/blob/main/fruitful-global-deployment/client/src/pages/buildnest-dashboard.tsx
fruitful-global-deployment/client/src/pages/button-repair-dashboard.tsx,17472,1bfda884dc0dcdba4d6d6c12be34d8c4d7d1967c,https://github.com/heyns1000/omnigrid/blob/main/fruitful-global-deployment/client/src/pages/button-repair-dashboard.tsx
fruitful-global-deployment/client/src/pages/chatgpt-integration.tsx,16596,ef2f13a6f4f0108b7d36501521183aa882eae4d9,https://github.com/heyns1000/omnigrid/blob/main/fruitful-global-deployment/client/src/pages/chatgpt-integration.tsx
fruitful-global-deployment/client/src/pages/checkout-flow.tsx,21074,9622bfb6ce5831a3754cd7fe80b67ab121122c53,https://github.com/heyns1000/omnigrid/blob/main/fruitful-global-deployment/client/src/pages/checkout-flow.tsx
fruitful-global-deployment/client/src/pages/claimroot-checkout.tsx,792,f72f6a5b1f90d5d970b8021ee8629253226553e4,https://github.com/heyns1000/omnigrid/blob/main/fruitful-global-deployment/client/src/pages/claimroot-checkout.tsx
fruitful-global-deployment/client/src/pages/deployment-dashboard.tsx,10807,f721874e8f91c3b02498533a9d9833f4db4cd6d1,https://github.com/heyns1000/omnigrid/blob/main/fruitful-global-deployment/client/src/pages/deployment-dashboard.tsx
fruitful-global-deployment/client/src/pages/ecosystem-coordinator.tsx,23114,2dac3e6659d2f8c20118a41d760edeea4ddcb73a,https://github.com/heyns1000/omnigrid/blob/main/fruitful-global-deployment/client/src/pages/ecosystem-coordinator.tsx
fruitful-global-deployment/client/src/pages/environmental-impact.tsx,7540,e6d7e98899a0e8ba2545f967e2f24d81607f3294,https://github.com/heyns1000/omnigrid/blob/main/fruitful-global-deployment/client/src/pages/environmental-impact.tsx
fruitful-global-deployment/client/src/pages/faa-intake-checklist.tsx,10928,30c9d35645c1220f15bf2585d1dfd35190d0a5a2,https://github.com/heyns1000/omnigrid/blob/main/fruitful-global-deployment/client/src/pages/faa-intake-checklist.tsx
fruitful-global-deployment/client/src/pages/faa-quantum-nexus.tsx,26002,7ecc6b5b0045b51c6f9429996b59a2e6f56a2d1e,https://github.com/heyns1000/omnigrid/blob/main/fruitful-global-deployment/client/src/pages/faa-quantum-nexus.tsx
fruitful-global-deployment/client/src/pages/fruitful-business-plan.tsx,26692,e9d2ba73f36c9bec50ff1e221a520dff248594dd,https://github.com/heyns1000/omnigrid/blob/main/fruitful-global-deployment/client/src/pages/fruitful-business-plan.tsx
fruitful-global-deployment/client/src/pages/fruitful-crate-dance.tsx,11105,1bbfbba37f02560d1de5bfc40f8315044977f1dd,https://github.com/heyns1000/omnigrid/blob/main/fruitful-global-deployment/client/src/pages/fruitful-crate-dance.tsx
fruitful-global-deployment/client/src/pages/fruitful-marketplace-marketing.tsx,25417,b2dd3a0d91c6f78b63a4ff045aa195c6ee925609,https://github.com/heyns1000/omnigrid/blob/main/fruitful-global-deployment/client/src/pages/fruitful-marketplace-marketing.tsx
fruitful-global-deployment/client/src/pages/global-marketplace.tsx,12963,f9132e982db70f1ca144ad4053d30f857aa4199b,https://github.com/heyns1000/omnigrid/blob/main/fruitful-global-deployment/client/src/pages/global-marketplace.tsx
fruitful-global-deployment/client/src/pages/intern-portalnest.tsx,157,272e1f420d01f00d3e875ff0fed6960900c8270b,https://github.com/heyns1000/omnigrid/blob/main/fruitful-global-deployment/client/src/pages/intern-portalnest.tsx
fruitful-global-deployment/client/src/pages/landing.tsx,4112,a584fcae7ee72c3c692baa8b189b56278e947c88,https://github.com/heyns1000/omnigrid/blob/main/fruitful-global-deployment/client/src/pages/landing.tsx
fruitful-global-deployment/client/src/pages/marketplace-home.tsx,12597,5ff9bd8af4ca3edfe72937a3fec3f2d178e9bd36,https://github.com/heyns1000/omnigrid/blob/main/fruitful-global-deployment/client/src/pages/marketplace-home.tsx
fruitful-global-deployment/client/src/pages/marketplace-products.tsx,10958,234297ef2c75cce599de5327a9d1722be7e33cc7,https://github.com/heyns1000/omnigrid/blob/main/fruitful-global-deployment/client/src/pages/marketplace-products.tsx
fruitful-global-deployment/client/src/pages/motion-media-sonic.tsx,18674,1909486344f7ee8763f187841dbb07f5e5efea4c,https://github.com/heyns1000/omnigrid/blob/main/fruitful-global-deployment/client/src/pages/motion-media-sonic.tsx
fruitful-global-deployment/client/src/pages/not-found.tsx,711,cb0259074cd795459b6a2b2b3c9f37f654866621,https://github.com/heyns1000/omnigrid/blob/main/fruitful-global-deployment/client/src/pages/not-found.tsx
fruitful-global-deployment/client/src/pages/omnigrid-faa-zone.tsx,1177,4416ad78956c729cbe826f6ecf138442b28fa2b7,https://github.com/heyns1000/omnigrid/blob/main/fruitful-global-deployment/client/src/pages/omnigrid-faa-zone.tsx
fruitful-global-deployment/client/src/pages/omnihealth.tsx,266,ff1d8f59513b3d1733fb562155712280a97dcc96,https://github.com/heyns1000/omnigrid/blob/main/fruitful-global-deployment/client/src/pages/omnihealth.tsx
fruitful-global-deployment/client/src/pages/omnilevel-interstellar.tsx,29405,04e7ac9757d93544576bb361f5d80fe0fd5f0e6d,https://github.com/heyns1000/omnigrid/blob/main/fruitful-global-deployment/client/src/pages/omnilevel-interstellar.tsx
fruitful-global-deployment/client/src/pages/omnilevel.tsx,8672,c228e9d47834a6a71161439db7e764dfc9326fcd,https://github.com/heyns1000/omnigrid/blob/main/fruitful-global-deployment/client/src/pages/omnilevel.tsx
fruitful-global-deployment/client/src/pages/omniuniversal-button-validator.tsx,16098,62c2bb398286fec8904c384d4f6639ac3cf84123,https://github.com/heyns1000/omnigrid/blob/main/fruitful-global-deployment/client/src/pages/omniuniversal-button-validator.tsx
fruitful-global-deployment/client/src/pages/payment-portal.tsx,9122,352bb9f3aeea41efb7b57b90c3b44027a670c654,https://github.com/heyns1000/omnigrid/blob/main/fruitful-global-deployment/client/src/pages/payment-portal.tsx
fruitful-global-deployment/client/src/pages/planet-change.tsx,3837,5692c68cf62ed4bf5b43262f8b2a77f4cb285ddd,https://github.com/heyns1000/omnigrid/blob/main/fruitful-global-deployment/client/src/pages/planet-change.tsx
fruitful-global-deployment/client/src/pages/portal-home.tsx,12304,ed76f77eae948ee499ae76078720a85082b22fe8,https://github.com/heyns1000/omnigrid/blob/main/fruitful-global-deployment/client/src/pages/portal-home.tsx
fruitful-global-deployment/client/src/pages/samfox-creative-studio-backup.tsx.disabled,103700,f6fd00357f0ec26a18594bd511d0ef3240f25040,https://github.com/heyns1000/omnigrid/blob/main/fruitful-global-deployment/client/src/pages/samfox-creative-studio-backup.tsx.disabled
fruitful-global-deployment/client/src/pages/samfox-creative-studio.tsx,83792,0acbb0a73514ff9c91b2539ccae4896cb018d947,https://github.com/heyns1000/omnigrid/blob/main/fruitful-global-deployment/client/src/pages/samfox-creative-studio.tsx
fruitful-global-deployment/client/src/pages/samfox-portfolio.tsx,202,595e5710524315b500e68eaf593a09c3a6ba93d1,https://github.com/heyns1000/omnigrid/blob/main/fruitful-global-deployment/client/src/pages/samfox-portfolio.tsx
fruitful-global-deployment/client/src/pages/scrollexplainer.tsx,286,5ae71102afeaa04a082fcd3c5f17c86d634d3f2d,https://github.com/heyns1000/omnigrid/blob/main/fruitful-global-deployment/client/src/pages/scrollexplainer.tsx
fruitful-global-deployment/client/src/pages/sector-dashboard.tsx,3257,2c1076d205aedb2bc5f3cb8153b28990898c4fe7,https://github.com/heyns1000/omnigrid/blob/main/fruitful-global-deployment/client/src/pages/sector-dashboard.tsx
fruitful-global-deployment/client/src/pages/sector-individual.tsx,21855,50a7d5383002d51b02cb94e87a804b922592e9dc,https://github.com/heyns1000/omnigrid/blob/main/fruitful-global-deployment/client/src/pages/sector-individual.tsx
fruitful-global-deployment/client/src/pages/sector-list.tsx,7777,57fa25a9b90da79dd993c666905cc57e2ae3bb7c,https://github.com/heyns1000/omnigrid/blob/main/fruitful-global-deployment/client/src/pages/sector-list.tsx
fruitful-global-deployment/client/src/pages/sector-mapping.tsx,251,0ade210ff8147d41cbe197c9f4dc1427643cfbc8,https://github.com/heyns1000/omnigrid/blob/main/fruitful-global-deployment/client/src/pages/sector-mapping.tsx
fruitful-global-deployment/client/src/pages/sectors.tsx,15204,81c7516969cdfae285559857b65bfd003abf742c,https://github.com/heyns1000/omnigrid/blob/main/fruitful-global-deployment/client/src/pages/sectors.tsx
fruitful-global-deployment/client/src/pages/seedling.tsx,279,b925f866af608e19c05e06189fdadcae7abef6ea,https://github.com/heyns1000/omnigrid/blob/main/fruitful-global-deployment/client/src/pages/seedling.tsx
fruitful-global-deployment/client/src/pages/seedwavedeployment.tsx,316,de074b3e7ad5fcf94fc52a7b337dcdf0de805499,https://github.com/heyns1000/omnigrid/blob/main/fruitful-global-deployment/client/src/pages/seedwavedeployment.tsx
fruitful-global-deployment/client/src/pages/settings.tsx,21687,f79cc26738522c1af37e395056feeea59975f738,https://github.com/heyns1000/omnigrid/blob/main/fruitful-global-deployment/client/src/pages/settings.tsx
fruitful-global-deployment/client/src/pages/vaultmesh-old.tsx.disabled,15987,963266647bad72c1e1a23a6777c4619c5d641e44,https://github.com/heyns1000/omnigrid/blob/main/fruitful-global-deployment/client/src/pages/vaultmesh-old.tsx.disabled
fruitful-global-deployment/client/src/pages/vaultmesh.tsx,18842,fc4f25733152fcb9138740cb25774ccb0d04232c,https://github.com/heyns1000/omnigrid/blob/main/fruitful-global-deployment/client/src/pages/vaultmesh.tsx
fruitful-global-deployment/client/src/services/openai-service.ts,521,d165aa3c318e6508d62bda5ea90f61f37e15ace8,https://github.com/heyns1000/omnigrid/blob/main/fruitful-global-deployment/client/src/services/openai-service.ts
fruitful-global-deployment/client/src/services/recommendation-engine.ts,13722,1e05722ad954419fcc52bdc7865c2125c9ffbc60,https://github.com/heyns1000/omnigrid/blob/main/fruitful-global-deployment/client/src/services/recommendation-engine.ts
fruitful-global-deployment/client/src/services/smart-toys-service.ts,10668,fab102c3541810d8e2ce4f43101f2fb5e2c66b08,https://github.com/heyns1000/omnigrid/blob/main/fruitful-global-deployment/client/src/services/smart-toys-service.ts
fruitful-global-deployment/codenest/README.md,10492,0268a61358da7ce0dfbe3ff34a1f6b152a114689,https://github.com/heyns1000/omnigrid/blob/main/fruitful-global-deployment/codenest/README.md
fruitful-global-deployment/codenest/config/collapse-protocol-1984.ts,4916,1309b68a79fe796068ce0615328cd58898c35b65,https://github.com/heyns1000/omnigrid/blob/main/fruitful-global-deployment/codenest/config/collapse-protocol-1984.ts
fruitful-global-deployment/codenest/hub/master-integration.ts,7254,356dbd5c190a9a0454a82fdf08f8d20b4a47c377,https://github.com/heyns1000/omnigrid/blob/main/fruitful-global-deployment/codenest/hub/master-integration.ts
fruitful-global-deployment/codenest/index.ts,1899,f1c523651657a1f7b025d4d47e264575116fad42,https://github.com/heyns1000/omnigrid/blob/main/fruitful-global-deployment/codenest/index.ts
fruitful-global-deployment/codenest/monitors/rhino-strike-monitor.ts,6371,48440f4acb7951fc049a6ca3d1e1a6fbcb5950e0,https://github.com/heyns1000/omnigrid/blob/main/fruitful-global-deployment/codenest/monitors/rhino-strike-monitor.ts
fruitful-global-deployment/codenest/services/repo-discovery-service.ts,5973,f8c226469cbac9e6e5e4157d9caf0b6faff07518,https://github.com/heyns1000/omnigrid/blob/main/fruitful-global-deployment/codenest/services/repo-discovery-service.ts
fruitful-global-deployment/components.json,459,4d7d89f0d7e9146e1e11cc799ce465e21f2e5c4a,https://github.com/heyns1000/omnigrid/blob/main/fruitful-global-deployment/components.json
fruitful-global-deployment/components/TreeCounter.jsx,6180,71cd1b3a621b62c858bb9fd74d58439a19d893e5,https://github.com/heyns1000/omnigrid/blob/main/fruitful-global-deployment/components/TreeCounter.jsx
fruitful-global-deployment/config/app.ts,2641,cab14ab100fcbd087f74d4627e858efc8572eaa9,https://github.com/heyns1000/omnigrid/blob/main/fruitful-global-deployment/config/app.ts
fruitful-global-deployment/config/database.ts,1002,9c36138154a2f759e34ba5dab05da786b4b32969,https://github.com/heyns1000/omnigrid/blob/main/fruitful-global-deployment/config/database.ts
fruitful-global-deployment/config/redis.ts,834,0b2e7b6da2956e1be2f917d1eb135398829c086b,https://github.com/heyns1000/omnigrid/blob/main/fruitful-global-deployment/config/redis.ts
fruitful-global-deployment/config/sentry.ts,2568,43b82f2d553953795ad38f51dd982a8289ab0ddb,https://github.com/heyns1000/omnigrid/blob/main/fruitful-global-deployment/config/sentry.ts
fruitful-global-deployment/db/db.ts,483,66779a9df5ca80d71c6ec86f250e99ee87fc6f1d,https://github.com/heyns1000/omnigrid/blob/main/fruitful-global-deployment/db/db.ts
fruitful-global-deployment/db/migrations/0005_add_integration_deployments.sql,1449,c3a3ec8ed5d79eaf3521195ac43453cc8bc58d84,https://github.com/heyns1000/omnigrid/blob/main/fruitful-global-deployment/db/migrations/0005_add_integration_deployments.sql
fruitful-global-deployment/db/migrations/0006_add_marketplace_packages.sql,2639,16d8b64b17ad52efc34ae29739e7770e4fc5aa7e,https://github.com/heyns1000/omnigrid/blob/main/fruitful-global-deployment/db/migrations/0006_add_marketplace_packages.sql
fruitful-global-deployment/db/migrations/001_initial_indexes.sql,584,c5f434ffafabe4fa2c7a71b8636486df3fd4a0fe,https://github.com/heyns1000/omnigrid/blob/main/fruitful-global-deployment/db/migrations/001_initial_indexes.sql
fruitful-global-deployment/db/migrations/README.md,2394,ebc64bc59949b8b61642890a3674aaed29ffa072,https://github.com/heyns1000/omnigrid/blob/main/fruitful-global-deployment/db/migrations/README.md
fruitful-global-deployment/docker-compose.yml,1795,5db4d659a257bbf74c49c9c0af48aeb50473cb66,https://github.com/heyns1000/omnigrid/blob/main/fruitful-global-deployment/docker-compose.yml
fruitful-global-deployment/docs/ADR-CROSS-REPO-AUTOMATION.md,17994,ab0158de4a2d76a11cc7b735b7400774341f1f39,https://github.com/heyns1000/omnigrid/blob/main/fruitful-global-deployment/docs/ADR-CROSS-REPO-AUTOMATION.md
fruitful-global-deployment/docs/AUTOMATION-README.md,10745,ff11c210fef99b339dc2e98765f9fd697f610b1a,https://github.com/heyns1000/omnigrid/blob/main/fruitful-global-deployment/docs/AUTOMATION-README.md
fruitful-global-deployment/docs/Announcement_Bar_Close_Button.docx,6214494,80bc66e390e005d585faf5c00f3b041c6765cc40,https://github.com/heyns1000/omnigrid/blob/main/fruitful-global-deployment/docs/Announcement_Bar_Close_Button.docx
fruitful-global-deployment/docs/BAD_BOYS_NOODLE_UI_DOCUMENTATION.md,7781,9c1506cf95af86f1e8902a8da9e3ce5c785fc9d5,https://github.com/heyns1000/omnigrid/blob/main/fruitful-global-deployment/docs/BAD_BOYS_NOODLE_UI_DOCUMENTATION.md
fruitful-global-deployment/docs/Baobab_Bush_Portal_Activation.docx,106413,c2b99bca544623db787479b6e0a79f929a29da80,https://github.com/heyns1000/omnigrid/blob/main/fruitful-global-deployment/docs/Baobab_Bush_Portal_Activation.docx
fruitful-global-deployment/docs/Final_Hook.docx,154276,ada9aaaa91b5fccf555edeef0cb454ce62e3af3c,https://github.com/heyns1000/omnigrid/blob/main/fruitful-global-deployment/docs/Final_Hook.docx
fruitful-global-deployment/docs/MIGRATION-RUNBOOK.md,22023,fe0d43b2653f0c817227f0f044fe5408d35768fc,https://github.com/heyns1000/omnigrid/blob/main/fruitful-global-deployment/docs/MIGRATION-RUNBOOK.md
fruitful-global-deployment/docs/SAMFOX_INTEGRATION_COMPLETE.md,22548,6c44857eea8b433f50c4a610591036b531007596,https://github.com/heyns1000/omnigrid/blob/main/fruitful-global-deployment/docs/SAMFOX_INTEGRATION_COMPLETE.md
fruitful-global-deployment/docs/Seedwave_GPT_Heritage_Matrix_Activation_Prompt.pdf,141200,7e643f1f89b084ac02e74ae6d9f6ef6f3dfb8276,https://github.com/heyns1000/omnigrid/blob/main/fruitful-global-deployment/docs/Seedwave_GPT_Heritage_Matrix_Activation_Prompt.pdf
fruitful-global-deployment/docs/TREE_WIDGET_SETUP.md,19438,0917c157675fd0009d06d8d7bd6e4afe7563f2bb,https://github.com/heyns1000/omnigrid/blob/main/fruitful-global-deployment/docs/TREE_WIDGET_SETUP.md
fruitful-global-deployment/docs/Z-WCT_MONITORING.md,10171,0e0e2299d5912c1b2d0e92f99f638bf2de2b4602,https://github.com/heyns1000/omnigrid/blob/main/fruitful-global-deployment/docs/Z-WCT_MONITORING.md
fruitful-global-deployment/docs/airshow-loyalty-protocol/BEAUTY_BANNER.md,6410,c900969ca21b5e41206f025ff11d22f839af9029,https://github.com/heyns1000/omnigrid/blob/main/fruitful-global-deployment/docs/airshow-loyalty-protocol/BEAUTY_BANNER.md
fruitful-global-deployment/docs/api/README.md,2524,7d0bb458e67407d1687eda36e925fe6d4e631aa3,https://github.com/heyns1000/omnigrid/blob/main/fruitful-global-deployment/docs/api/README.md
fruitful-global-deployment/docs/cdn-integration.md,7977,794c22f2464f9b75e83652768c32b6b827cdb193,https://github.com/heyns1000/omnigrid/blob/main/fruitful-global-deployment/docs/cdn-integration.md
fruitful-global-deployment/docs/disaster-recovery.md,7779,954cc44d6b564a0d6a0a2de9b7aff00a7748203e,https://github.com/heyns1000/omnigrid/blob/main/fruitful-global-deployment/docs/disaster-recovery.md
fruitful-global-deployment/docs/multi-region-deployment.md,8653,de8633bdabd71e60da1ba27a8101f758a82e7dea,https://github.com/heyns1000/omnigrid/blob/main/fruitful-global-deployment/docs/multi-region-deployment.md
fruitful-global-deployment/docs/nginx.conf.md,5481,ab6eeaa3c4778747a1ae604a54886732677f8132,https://github.com/heyns1000/omnigrid/blob/main/fruitful-global-deployment/docs/nginx.conf.md
fruitful-global-deployment/drizzle.config.ts,325,4cd7b4cb3770a444d70ce72acabcb58e4e3ab18a,https://github.com/heyns1000/omnigrid/blob/main/fruitful-global-deployment/drizzle.config.ts
fruitful-global-deployment/eslint.config.js,2044,e6d01e00c2e697e8fead9a84d6d2f39957150c38,https://github.com/heyns1000/omnigrid/blob/main/fruitful-global-deployment/eslint.config.js
fruitful-global-deployment/faa-zone-broken/.vercel.json,1998261,f80950255c5016e06d2635bb617800269c9d5b4e,https://github.com/heyns1000/omnigrid/blob/main/fruitful-global-deployment/faa-zone-broken/.vercel.json
fruitful-global-deployment/faa/button-map.json,7944079,956db1c3e799231e539823d5416cb1cda6186234,https://github.com/heyns1000/omnigrid/blob/main/fruitful-global-deployment/faa/button-map.json
fruitful-global-deployment/github-profile/.github/FUNDING.yml,146,2b5ab37393731b6b22d0a6ad6ecc6bdb9c86c8ae,https://github.com/heyns1000/omnigrid/blob/main/fruitful-global-deployment/github-profile/.github/FUNDING.yml
fruitful-global-deployment/github-profile/.github/workflows/auto-approve.yml,949,f16a769a5d61b522bc151b0b9ad78ffa62377ea5,https://github.com/heyns1000/omnigrid/blob/main/fruitful-global-deployment/github-profile/.github/workflows/auto-approve.yml
fruitful-global-deployment/github-profile/.github/workflows/auto-merge.yml,4889,b3be006a628424e7a7f40c95012b0c5d4af235f8,https://github.com/heyns1000/omnigrid/blob/main/fruitful-global-deployment/github-profile/.github/workflows/auto-merge.yml
fruitful-global-deployment/github-profile/.github/workflows/badge-status.yml,2226,058b9fcb1c23ef6ee19dd339c2b64fe68d598da8,https://github.com/heyns1000/omnigrid/blob/main/fruitful-global-deployment/github-profile/.github/workflows/badge-status.yml
fruitful-global-deployment/github-profile/.github/workflows/deploy.yml,4309,77af0481dcc8faa0392eb19f3598ded2950475a7,https://github.com/heyns1000/omnigrid/blob/main/fruitful-global-deployment/github-profile/.github/workflows/deploy.yml
fruitful-global-deployment/github-profile/.github/workflows/ecosystem-heartbeat.yml,2137,9b53632a38a526c26a3a87265906c4140b214930,https://github.com/heyns1000/omnigrid/blob/main/fruitful-global-deployment/github-profile/.github/workflows/ecosystem-heartbeat.yml
fruitful-global-deployment/github-profile/.github/workflows/pr-labeler.yml,2353,305b8efd51aca707c45197754b00659f908cd139,https://github.com/heyns1000/omnigrid/blob/main/fruitful-global-deployment/github-profile/.github/workflows/pr-labeler.yml
fruitful-global-deployment/github-profile/.github/workflows/profile-ci.yml,2864,57066b20e42543b23fd99186c1a20bef131ebd99,https://github.com/heyns1000/omnigrid/blob/main/fruitful-global-deployment/github-profile/.github/workflows/profile-ci.yml
fruitful-global-deployment/github-profile/.github/workflows/pulse-update.yml,4989,852bdceb63f5d4eaa78596a658562d450b00c06d,https://github.com/heyns1000/omnigrid/blob/main/fruitful-global-deployment/github-profile/.github/workflows/pulse-update.yml
fruitful-global-deployment/github-profile/.github/workflows/repo-sync.yml,2213,131fb1aca8ed464c7e6da958be0438316af26eeb,https://github.com/heyns1000/omnigrid/blob/main/fruitful-global-deployment/github-profile/.github/workflows/repo-sync.yml
fruitful-global-deployment/github-profile/.github/workflows/sovereignty-monitor.yml,3475,6cf8e468d5e7be4e8be50417a114fde7cc9175fb,https://github.com/heyns1000/omnigrid/blob/main/fruitful-global-deployment/github-profile/.github/workflows/sovereignty-monitor.yml
fruitful-global-deployment/github-profile/.github/workflows/workflow-validation.yml,1336,bf39e98d07283d23735f327942284031f31f9277,https://github.com/heyns1000/omnigrid/blob/main/fruitful-global-deployment/github-profile/.github/workflows/workflow-validation.yml
fruitful-global-deployment/github-profile/README.md,375,a446bdcb96bd99783d04769c9e3360f60c473665,https://github.com/heyns1000/omnigrid/blob/main/fruitful-global-deployment/github-profile/README.md
fruitful-global-deployment/global-sync-instructions.md,12318,8f488efd9f835338e47ff2114c122be2b52e6c15,https://github.com/heyns1000/omnigrid/blob/main/fruitful-global-deployment/global-sync-instructions.md
fruitful-global-deployment/index.html,76127,2217144d3b33f887d3b0a636c570ea5f2cab342e,https://github.com/heyns1000/omnigrid/blob/main/fruitful-global-deployment/index.html
fruitful-global-deployment/k8s/README.md,3671,cc33c67369cdfa29fc566003c8d8bacd362bebea,https://github.com/heyns1000/omnigrid/blob/main/fruitful-global-deployment/k8s/README.md
fruitful-global-deployment/k8s/configmap.yaml,371,39bf518b170ff4df83d7c2545b8c82d8b0a72385,https://github.com/heyns1000/omnigrid/blob/main/fruitful-global-deployment/k8s/configmap.yaml
fruitful-global-deployment/k8s/deployment.yaml,4389,9a43d799b3ef88e037f0b5648a561367e4310090,https://github.com/heyns1000/omnigrid/blob/main/fruitful-global-deployment/k8s/deployment.yaml
fruitful-global-deployment/k8s/hpa.yaml,874,96b46ed5048259619a488c07a19a3f4225cfc672,https://github.com/heyns1000/omnigrid/blob/main/fruitful-global-deployment/k8s/hpa.yaml
fruitful-global-deployment/k8s/ingress.yaml,1024,f60292e7dd964a87c73b69cec72a442bec80a944,https://github.com/heyns1000/omnigrid/blob/main/fruitful-global-deployment/k8s/ingress.yaml
fruitful-global-deployment/k8s/namespace.yaml,127,836a666997f5a17c1300e17043af19cf2e7a834d,https://github.com/heyns1000/omnigrid/blob/main/fruitful-global-deployment/k8s/namespace.yaml
fruitful-global-deployment/k8s/secrets.yaml,822,78fc30d79ff673897b0f343c13c1f61f60f0bdfa,https://github.com/heyns1000/omnigrid/blob/main/fruitful-global-deployment/k8s/secrets.yaml
fruitful-global-deployment/k8s/service.yaml,746,68997dc5746d747e939a18753ad02e72b050d2cd,https://github.com/heyns1000/omnigrid/blob/main/fruitful-global-deployment/k8s/service.yaml
fruitful-global-deployment/launch.json,289,a2f5ee17188386643545bee0ff3fae5305f56e35,https://github.com/heyns1000/omnigrid/blob/main/fruitful-global-deployment/launch.json
fruitful-global-deployment/live_dashboard.html,120031,32be3bce2635eab5257113319a80488d6f1e766e,https://github.com/heyns1000/omnigrid/blob/main/fruitful-global-deployment/live_dashboard.html
fruitful-global-deployment/migrations/0000_unique_kid_colt.sql,17776,cb634900b62c43aadacd7b8de22267c8c5680cfa,https://github.com/heyns1000/omnigrid/blob/main/fruitful-global-deployment/migrations/0000_unique_kid_colt.sql
fruitful-global-deployment/migrations/meta/0000_snapshot.json,76036,2f2ecead2aaf810db5b46da3c6f7a43ab98cc5dc,https://github.com/heyns1000/omnigrid/blob/main/fruitful-global-deployment/migrations/meta/0000_snapshot.json
fruitful-global-deployment/migrations/meta/_journal.json,210,2b3c5c22e6ff25706b44ccd675bd069994afa1b8,https://github.com/heyns1000/omnigrid/blob/main/fruitful-global-deployment/migrations/meta/_journal.json
fruitful-global-deployment/monster_omni_core_engines_nodes_demo.html,98014,2be0e9dbf7d1a09815766506621ddb13d7d8fb67,https://github.com/heyns1000/omnigrid/blob/main/fruitful-global-deployment/monster_omni_core_engines_nodes_demo.html
fruitful-global-deployment/netlify.toml,127,aec30501d93cbe4819cb7d9a16c658b59d9f3bd1,https://github.com/heyns1000/omnigrid/blob/main/fruitful-global-deployment/netlify.toml
fruitful-global-deployment/omnigrid_unified_portal.html,32579,4587500275146db3a7a99145cfb82f76b009d661,https://github.com/heyns1000/omnigrid/blob/main/fruitful-global-deployment/omnigrid_unified_portal.html
fruitful-global-deployment/openai-example.js,1198,8b45827b82e25178e32bcd9dbb8709899d9ed2da,https://github.com/heyns1000/omnigrid/blob/main/fruitful-global-deployment/openai-example.js
fruitful-global-deployment/package.json,5047,f441eec2fba61854e196a50e5d3cf6d393288f91,https://github.com/heyns1000/omnigrid/blob/main/fruitful-global-deployment/package.json
fruitful-global-deployment/pnpm-lock.yaml,269619,600972d55d355010042d3cbd6e866761d4e64d96,https://github.com/heyns1000/omnigrid/blob/main/fruitful-global-deployment/pnpm-lock.yaml
fruitful-global-deployment/postcss.config.js,100,ed530566553b183d41c30cee086996070ea0785f,https://github.com/heyns1000/omnigrid/blob/main/fruitful-global-deployment/postcss.config.js
fruitful-global-deployment/public/assets/banners/beauty-pink-flyer.svg,2967,4dc7c08977d58f89b94db104c8acca78886459d5,https://github.com/heyns1000/omnigrid/blob/main/fruitful-global-deployment/public/assets/banners/beauty-pink-flyer.svg
fruitful-global-deployment/public/claimroot-checkout.html,4956,06428847585654b3e1636f5d50308d47d9755cd4,https://github.com/heyns1000/omnigrid/blob/main/fruitful-global-deployment/public/claimroot-checkout.html
fruitful-global-deployment/public/dashboard.html,201762,d7479e70cf55dc30f99c1d4a53c476792264b3d6,https://github.com/heyns1000/omnigrid/blob/main/fruitful-global-deployment/public/dashboard.html
fruitful-global-deployment/public/index.html,22593,5fca4cede9bd0032ca0900cc8df153536e5e4be4,https://github.com/heyns1000/omnigrid/blob/main/fruitful-global-deployment/public/index.html
fruitful-global-deployment/public/samfox-templates/QUICK_REFERENCE.md,5341,b3eba874b7236e7715aa1b1ec779818846506a42,https://github.com/heyns1000/omnigrid/blob/main/fruitful-global-deployment/public/samfox-templates/QUICK_REFERENCE.md
fruitful-global-deployment/public/samfox-templates/README.md,12053,1f9961cfb2a5f5610fda74c5c8180f5f21b23941,https://github.com/heyns1000/omnigrid/blob/main/fruitful-global-deployment/public/samfox-templates/README.md
fruitful-global-deployment/public/samfox-templates/components/global_footer.html,5141,c142bf9cf036b3b6294882aa506ec793d99a88fd,https://github.com/heyns1000/omnigrid/blob/main/fruitful-global-deployment/public/samfox-templates/components/global_footer.html
fruitful-global-deployment/public/samfox-templates/components/global_footer_banimal.html,41461,ca6b43cdc2dcc2fcb35c961194482a96c23c8669,https://github.com/heyns1000/omnigrid/blob/main/fruitful-global-deployment/public/samfox-templates/components/global_footer_banimal.html
fruitful-global-deployment/public/samfox-templates/components/global_header_body_toggles_footer.html,167114,e2002f3549cefcef1d6e7ad2b169177da6a1161b,https://github.com/heyns1000/omnigrid/blob/main/fruitful-global-deployment/public/samfox-templates/components/global_header_body_toggles_footer.html
fruitful-global-deployment/public/samfox-templates/components/securesign_api.html,38265,b183f641f0f27fdd370bccab71739a98b49cc5d6,https://github.com/heyns1000/omnigrid/blob/main/fruitful-global-deployment/public/samfox-templates/components/securesign_api.html
fruitful-global-deployment/public/samfox-templates/dashboards/Fruitful_media_motion_sonic_dashboard.html,235455,312023d3ce349612987cf1fbcbedf666a695b24f,https://github.com/heyns1000/omnigrid/blob/main/fruitful-global-deployment/public/samfox-templates/dashboards/Fruitful_media_motion_sonic_dashboard.html
fruitful-global-deployment/public/samfox-templates/dashboards/codenest_desktop_dashboard.html,227854,5a422b8cded20d31a8fd24f2432496bdb2989d7c,https://github.com/heyns1000/omnigrid/blob/main/fruitful-global-deployment/public/samfox-templates/dashboards/codenest_desktop_dashboard.html
fruitful-global-deployment/public/samfox-templates/dashboards/dashboardv3.0.html,61600,3031aa4f507d8fe818d568914822beb877e3eec6,https://github.com/heyns1000/omnigrid/blob/main/fruitful-global-deployment/public/samfox-templates/dashboards/dashboardv3.0.html
fruitful-global-deployment/public/samfox-templates/dashboards/spa_dashboard.html,60762,9cd29cd74e0208c4f97f18e3eda204db5af370ee,https://github.com/heyns1000/omnigrid/blob/main/fruitful-global-deployment/public/samfox-templates/dashboards/spa_dashboard.html
fruitful-global-deployment/public/samfox-templates/heritage/ancestortag_heritage_portal.html,211661,236b4343d45bc794c6bf2f7c3dab4c8c7d9a980e,https://github.com/heyns1000/omnigrid/blob/main/fruitful-global-deployment/public/samfox-templates/heritage/ancestortag_heritage_portal.html
fruitful-global-deployment/public/samfox-templates/heritage/south_african_brands.html,91377,072ae0514fd3efa8857d1b2615322cce3b08e601,https://github.com/heyns1000/omnigrid/blob/main/fruitful-global-deployment/public/samfox-templates/heritage/south_african_brands.html
fruitful-global-deployment/public/samfox-templates/infrastructure/global_sector_index.html,228578,c0e33d7e87269d02507cda14b76f58e68b049961,https://github.com/heyns1000/omnigrid/blob/main/fruitful-global-deployment/public/samfox-templates/infrastructure/global_sector_index.html
fruitful-global-deployment/public/samfox-templates/infrastructure/hotstack.html,15442,06f36eb8fde65c540054dd5b69a9100bc73b29fa,https://github.com/heyns1000/omnigrid/blob/main/fruitful-global-deployment/public/samfox-templates/infrastructure/hotstack.html
fruitful-global-deployment/public/samfox-templates/infrastructure/monster_omni_core_engines_nodes_demo.html,98014,2be0e9dbf7d1a09815766506621ddb13d7d8fb67,https://github.com/heyns1000/omnigrid/blob/main/fruitful-global-deployment/public/samfox-templates/infrastructure/monster_omni_core_engines_nodes_demo.html
fruitful-global-deployment/public/samfox-templates/infrastructure/omni.html,76020,e8c98a8b59655c9ccaaf88140d20e311a47db329,https://github.com/heyns1000/omnigrid/blob/main/fruitful-global-deployment/public/samfox-templates/infrastructure/omni.html
fruitful-global-deployment/public/samfox-templates/infrastructure/sector_index.html,198896,8b365b37610de96d4c346c1603c7ddb21f1e0235,https://github.com/heyns1000/omnigrid/blob/main/fruitful-global-deployment/public/samfox-templates/infrastructure/sector_index.html
fruitful-global-deployment/public/samfox-templates/marketplace/Fruitful_crate_dance_pricing.html,82869,8f43c6d013d1ebaedeb5f85347df4bc1cd770d20,https://github.com/heyns1000/omnigrid/blob/main/fruitful-global-deployment/public/samfox-templates/marketplace/Fruitful_crate_dance_pricing.html
fruitful-global-deployment/public/samfox-templates/marketplace/fruitful_innovations.html,140263,17af928d0d9a80848a9da641f2149b0eaf89025c,https://github.com/heyns1000/omnigrid/blob/main/fruitful-global-deployment/public/samfox-templates/marketplace/fruitful_innovations.html
fruitful-global-deployment/public/samfox-templates/marketplace/master_license_pricing.html,166636,b34d05550f379efc61899c61e74bdd6a4c6de48f,https://github.com/heyns1000/omnigrid/blob/main/fruitful-global-deployment/public/samfox-templates/marketplace/master_license_pricing.html
fruitful-global-deployment/public/samfox-templates/marketplace/merge_logic.html,170366,9eec3a8548198fb6324423dc946aeeb0dedbcb58,https://github.com/heyns1000/omnigrid/blob/main/fruitful-global-deployment/public/samfox-templates/marketplace/merge_logic.html
fruitful-global-deployment/public/samfox-templates/master/Madiba_mock.png,547226,fcc0a32397e99af14308aeb48ebaf7a99f78d26f,https://github.com/heyns1000/omnigrid/blob/main/fruitful-global-deployment/public/samfox-templates/master/Madiba_mock.png
fruitful-global-deployment/public/samfox-templates/master/foxed_got_mobiles.html,116128,2123ba4b78a6e3dd7e770eb30fb5d931b40e663b,https://github.com/heyns1000/omnigrid/blob/main/fruitful-global-deployment/public/samfox-templates/master/foxed_got_mobiles.html
fruitful-global-deployment/public/samfox-templates/master/foxed_got_mobiles_production.html,88509,d349d566d188d7158f05d854e192eab67b4f2d6f,https://github.com/heyns1000/omnigrid/blob/main/fruitful-global-deployment/public/samfox-templates/master/foxed_got_mobiles_production.html
fruitful-global-deployment/public/samfox-templates/metadata/INTEGRATION.md,17478,6603f810b5300f096f0114ada9e7a9adf7ca4075,https://github.com/heyns1000/omnigrid/blob/main/fruitful-global-deployment/public/samfox-templates/metadata/INTEGRATION.md
fruitful-global-deployment/public/samfox-templates/metadata/LICENSE,11357,261eeb9e9f8b2b4b0d119366dda99c6fd7d35c64,https://github.com/heyns1000/omnigrid/blob/main/fruitful-global-deployment/public/samfox-templates/metadata/LICENSE
fruitful-global-deployment/public/samfox-templates/metadata/SECURITY.md,9998,77e64c66bedc8efe556a1ab0215bf1e74df9adf8,https://github.com/heyns1000/omnigrid/blob/main/fruitful-global-deployment/public/samfox-templates/metadata/SECURITY.md
fruitful-global-deployment/public/samfox-templates/metadata/template-index.json,8608,c157fb1bbc3aea6f41426d098981f2e6351f23f3,https://github.com/heyns1000/omnigrid/blob/main/fruitful-global-deployment/public/samfox-templates/metadata/template-index.json
fruitful-global-deployment/public/samfox-templates/payment/Fruitful_payment.html,102925,6622152fa27a542d52746419e17d00d775aaa6f8,https://github.com/heyns1000/omnigrid/blob/main/fruitful-global-deployment/public/samfox-templates/payment/Fruitful_payment.html
fruitful-global-deployment/public/samfox-templates/payment/global_checkout_form.html,78724,11ded543bfe5131a379188066390ea1452acafaf,https://github.com/heyns1000/omnigrid/blob/main/fruitful-global-deployment/public/samfox-templates/payment/global_checkout_form.html
fruitful-global-deployment/public/samfox-templates/payment/global_payment_paypal_product_page.html,104826,5b81c614ae608ce67eba36d9b10d919276b3d5d4,https://github.com/heyns1000/omnigrid/blob/main/fruitful-global-deployment/public/samfox-templates/payment/global_payment_paypal_product_page.html
fruitful-global-deployment/public/samfox-templates/payment/global_payment_paypal_product_pages.html,168525,93b97f5f25934b48e91d97e368c8dfb15df57d9e,https://github.com/heyns1000/omnigrid/blob/main/fruitful-global-deployment/public/samfox-templates/payment/global_payment_paypal_product_pages.html
fruitful-global-deployment/public/samfox-templates/payment/loop_pay.html,27064,0bbc64518bd0f900913af411c606d5c9921669a6,https://github.com/heyns1000/omnigrid/blob/main/fruitful-global-deployment/public/samfox-templates/payment/loop_pay.html
fruitful-global-deployment/public/samfox-templates/payment/paypal_sector_pricing_example.html,38947,bf8057362f7986de3498454db19631a2566b1752,https://github.com/heyns1000/omnigrid/blob/main/fruitful-global-deployment/public/samfox-templates/payment/paypal_sector_pricing_example.html
fruitful-global-deployment/public/samfox-templates/sectors/housing/index.html,134787,729fed756561704fbabd3bf39a071c7480fea1ff,https://github.com/heyns1000/omnigrid/blob/main/fruitful-global-deployment/public/samfox-templates/sectors/housing/index.html
fruitful-global-deployment/public/samfox-templates/sectors/ritual_culture/index.html,16605,6bcbf4f244f6e2dfca007bebad6b160e0b5f4304,https://github.com/heyns1000/omnigrid/blob/main/fruitful-global-deployment/public/samfox-templates/sectors/ritual_culture/index.html
fruitful-global-deployment/public/samfox-templates/sectors/template/index_master.html,216828,4eaf69dec2913fc7b4459709ccf35f743137f5b8,https://github.com/heyns1000/omnigrid/blob/main/fruitful-global-deployment/public/samfox-templates/sectors/template/index_master.html
fruitful-global-deployment/pyproject.toml,366,c3e733fb80ae02955577748cea86ea79d1acb3dc,https://github.com/heyns1000/omnigrid/blob/main/fruitful-global-deployment/pyproject.toml
fruitful-global-deployment/replit.md,4596,0497fc53f750a7d51ed1983b37bd229a7d3f0246,https://github.com/heyns1000/omnigrid/blob/main/fruitful-global-deployment/replit.md
fruitful-global-deployment/run-audit.js,429,f59a7e118632e87e8054c5e78d54e097505ce8de,https://github.com/heyns1000/omnigrid/blob/main/fruitful-global-deployment/run-audit.js
fruitful-global-deployment/run-enhanced-audit.js,1082,3c5f69104d628e7330b61a763025d79605d6d5c0,https://github.com/heyns1000/omnigrid/blob/main/fruitful-global-deployment/run-enhanced-audit.js
fruitful-global-deployment/scripts/backup-database.sh,2007,28fc23bc8639136cafc30ed522e1b590b9ea28f7,https://github.com/heyns1000/omnigrid/blob/main/fruitful-global-deployment/scripts/backup-database.sh
fruitful-global-deployment/scripts/generate-profile-pulse.ts,6788,fa579ec46a4a7050c5920546d0385cc9ba36a522,https://github.com/heyns1000/omnigrid/blob/main/fruitful-global-deployment/scripts/generate-profile-pulse.ts
fruitful-global-deployment/scripts/gorilla-protocol-example.ts,7218,2219a00081b712def01c8bb2d53658b69510aa1b,https://github.com/heyns1000/omnigrid/blob/main/fruitful-global-deployment/scripts/gorilla-protocol-example.ts
fruitful-global-deployment/scripts/health_check.ts,782,7afc371b1e70b4e40d11f7376f48aeeb47664344,https://github.com/heyns1000/omnigrid/blob/main/fruitful-global-deployment/scripts/health_check.ts
fruitful-global-deployment/scripts/reconcile-ecosystem.sh,10030,57efa81d98ba2999d63598438fab2fd4324ad473,https://github.com/heyns1000/omnigrid/blob/main/fruitful-global-deployment/scripts/reconcile-ecosystem.sh
fruitful-global-deployment/scripts/restore-database.sh,1748,41087d13fe3c23d9a802027e9333beed0c8160c4,https://github.com/heyns1000/omnigrid/blob/main/fruitful-global-deployment/scripts/restore-database.sh
fruitful-global-deployment/scripts/validate-automation.sh,8480,497bb682cef0a83c0091d70b2ef5714c5a27563b,https://github.com/heyns1000/omnigrid/blob/main/fruitful-global-deployment/scripts/validate-automation.sh
fruitful-global-deployment/sector-sync-reconciliation-report.md,2033,7a9ac44d091359ff8bc9448f5ebe7d7c58bb1651,https://github.com/heyns1000/omnigrid/blob/main/fruitful-global-deployment/sector-sync-reconciliation-report.md
fruitful-global-deployment/security-fixes/paypal-secure.ts,5253,59d83f6b6b86173fdb7ed768d2cc0284f37a8f8c,https://github.com/heyns1000/omnigrid/blob/main/fruitful-global-deployment/security-fixes/paypal-secure.ts
fruitful-global-deployment/security-fixes/security-middleware.ts,8759,c7d13771426637e6795c906e7020d33d3127f2bf,https://github.com/heyns1000/omnigrid/blob/main/fruitful-global-deployment/security-fixes/security-middleware.ts
fruitful-global-deployment/seed-mining.js,261,413f196f44294377fd16cdb14fbea6e34ca10c38,https://github.com/heyns1000/omnigrid/blob/main/fruitful-global-deployment/seed-mining.js
fruitful-global-deployment/seedwave-admin.md,17272,1b2c4a980c2f8961f07ab50f4271ea713d984763,https://github.com/heyns1000/omnigrid/blob/main/fruitful-global-deployment/seedwave-admin.md
fruitful-global-deployment/server/Screenshot 2025-08-27 at 22.09.43.png,135883,ab56f70cd9e966a18f3f58e97f5095ec5cbc2774,https://github.com/heyns1000/omnigrid/blob/main/fruitful-global-deployment/server/Screenshot 2025-08-27 at 22.09.43.png
fruitful-global-deployment/server/activate-all-sector-dashboards.ts,2875,cc341efd081941563dd82fdd2f656803e644ad0c,https://github.com/heyns1000/omnigrid/blob/main/fruitful-global-deployment/server/activate-all-sector-dashboards.ts
fruitful-global-deployment/server/button-validation-engine.ts,10679,a67b1ae904b83f26925d7482b5b05b8dca857763,https://github.com/heyns1000/omnigrid/blob/main/fruitful-global-deployment/server/button-validation-engine.ts
fruitful-global-deployment/server/cart-api.ts,14875,9115c0eb15a5c3b6cbe7752b1c5fdde952daff2a,https://github.com/heyns1000/omnigrid/blob/main/fruitful-global-deployment/server/cart-api.ts
fruitful-global-deployment/server/cart-schema.ts,12584,67486dbf298fc456fe8adaf7a92aac4790f6641d,https://github.com/heyns1000/omnigrid/blob/main/fruitful-global-deployment/server/cart-schema.ts
fruitful-global-deployment/server/cloudflare-data-sync.ts,5379,ba2d5d60545e138f44ccf9567a0fec89439438b7,https://github.com/heyns1000/omnigrid/blob/main/fruitful-global-deployment/server/cloudflare-data-sync.ts
fruitful-global-deployment/server/complete-all-remaining-integration.ts,24871,c676128a5c502e4c93abcd5acb957124e5735dbd,https://github.com/heyns1000/omnigrid/blob/main/fruitful-global-deployment/server/complete-all-remaining-integration.ts
fruitful-global-deployment/server/complete-brand-sync.ts,10883,84625103a8d9728716056ded65cc7cbb76ae431e,https://github.com/heyns1000/omnigrid/blob/main/fruitful-global-deployment/server/complete-brand-sync.ts
fruitful-global-deployment/server/comprehensive-brand-seeder.ts,14634,63ed88427ba277d489c3a353e35d476f31609756,https://github.com/heyns1000/omnigrid/blob/main/fruitful-global-deployment/server/comprehensive-brand-seeder.ts
fruitful-global-deployment/server/comprehensive-brand-sync-clean.ts,14227,d864b5c3d10aafd39ff5698cd045a93d089cfc0c,https://github.com/heyns1000/omnigrid/blob/main/fruitful-global-deployment/server/comprehensive-brand-sync-clean.ts
fruitful-global-deployment/server/comprehensive-brand-sync.ts.disabled,18103,c53d4cdf035ff86306c71e5e08ad87df329e4633,https://github.com/heyns1000/omnigrid/blob/main/fruitful-global-deployment/server/comprehensive-brand-sync.ts.disabled
fruitful-global-deployment/server/db.ts,2051,f366d87fe7fb50478192917a68121abaa7030eba,https://github.com/heyns1000/omnigrid/blob/main/fruitful-global-deployment/server/db.ts
fruitful-global-deployment/server/deep-data-inventory-audit.ts,20641,015b39caa2b09b266feecd4eb2d273bcaa107689,https://github.com/heyns1000/omnigrid/blob/main/fruitful-global-deployment/server/deep-data-inventory-audit.ts
fruitful-global-deployment/server/dns-monitor.py,1192,92663a8dee3f1bbed6827c9357ad03a61a72d9c2,https://github.com/heyns1000/omnigrid/blob/main/fruitful-global-deployment/server/dns-monitor.py
fruitful-global-deployment/server/dynamic-button-repair.ts,8385,8a4a6fd794c5ff4ae8b217707c49670e469a327d,https://github.com/heyns1000/omnigrid/blob/main/fruitful-global-deployment/server/dynamic-button-repair.ts
fruitful-global-deployment/server/enhanced-triple-source-audit.ts,15808,036d9fdfe44b76772252382fcd9cb04e5c2c1bc8,https://github.com/heyns1000/omnigrid/blob/main/fruitful-global-deployment/server/enhanced-triple-source-audit.ts
fruitful-global-deployment/server/ensure-sector-dashboard-routing.ts,3990,0c8fb29ed678d596a23f9245db4783f08fd7e2eb,https://github.com/heyns1000/omnigrid/blob/main/fruitful-global-deployment/server/ensure-sector-dashboard-routing.ts
fruitful-global-deployment/server/execute-complete-comprehensive-integration.ts,25315,77c463a84af98e9a7fab341a01e7e47748c57143,https://github.com/heyns1000/omnigrid/blob/main/fruitful-global-deployment/server/execute-complete-comprehensive-integration.ts
fruitful-global-deployment/server/execute-complete-comprehensive-sync.ts,25783,d72c0684213ceef56f946940405f6f4e292001f2,https://github.com/heyns1000/omnigrid/blob/main/fruitful-global-deployment/server/execute-complete-comprehensive-sync.ts
fruitful-global-deployment/server/execute-complete-global-integration.ts,25008,c7637c09e3912e85150395d992227fdd151a1c32,https://github.com/heyns1000/omnigrid/blob/main/fruitful-global-deployment/server/execute-complete-global-integration.ts
fruitful-global-deployment/server/extension-scanner.ts,16138,13e23982080dbc951a8aeb5427e67e0e08453426,https://github.com/heyns1000/omnigrid/blob/main/fruitful-global-deployment/server/extension-scanner.ts
fruitful-global-deployment/server/features/index.ts,4208,33aac1dae30f6c200aa0dbf307aedc23c9f2676a,https://github.com/heyns1000/omnigrid/blob/main/fruitful-global-deployment/server/features/index.ts
fruitful-global-deployment/server/final-comprehensive-integration.ts,13466,b2a596e21a8bf46ef67c0fe1e031bbfc298aa692,https://github.com/heyns1000/omnigrid/blob/main/fruitful-global-deployment/server/final-comprehensive-integration.ts
fruitful-global-deployment/server/global-comprehensive-sync.ts,23302,039fe4866e9fd58b82351281cb43136728c21dd1,https://github.com/heyns1000/omnigrid/blob/main/fruitful-global-deployment/server/global-comprehensive-sync.ts
fruitful-global-deployment/server/global-sector-pricing-integration.ts,12118,ba040235bf117a785e9eb62f7c52ae9e880e2902,https://github.com/heyns1000/omnigrid/blob/main/fruitful-global-deployment/server/global-sector-pricing-integration.ts
fruitful-global-deployment/server/index.ts,6252,d17e270b6a3a50d9ab89ee8a85e996da0b6c7212,https://github.com/heyns1000/omnigrid/blob/main/fruitful-global-deployment/server/index.ts
fruitful-global-deployment/server/interstellar-coordination-engine.ts,16230,f3dd1f0f737a5d9bbce793da09d5e13f4ac2e673,https://github.com/heyns1000/omnigrid/blob/main/fruitful-global-deployment/server/interstellar-coordination-engine.ts
fruitful-global-deployment/server/live-audit-system.ts,8951,88d743331eb2f419ff20873f04bd76e98757b173,https://github.com/heyns1000/omnigrid/blob/main/fruitful-global-deployment/server/live-audit-system.ts
fruitful-global-deployment/server/middleware/logging.ts,5504,d33efe2941ab5074c73d0bbb569feabea249be41,https://github.com/heyns1000/omnigrid/blob/main/fruitful-global-deployment/server/middleware/logging.ts
fruitful-global-deployment/server/middleware/metrics.ts,8589,b55ce8cf56efaf3a279ba8f58c3c078a8392da97,https://github.com/heyns1000/omnigrid/blob/main/fruitful-global-deployment/server/middleware/metrics.ts
fruitful-global-deployment/server/middleware/security.ts,6052,13794734e3090e5bef344dd843b40d40c19f423d,https://github.com/heyns1000/omnigrid/blob/main/fruitful-global-deployment/server/middleware/security.ts
fruitful-global-deployment/server/middleware/validation.ts,1554,a6ca9575a62bca2e5b182bac61fb2f2634362c88,https://github.com/heyns1000/omnigrid/blob/main/fruitful-global-deployment/server/middleware/validation.ts
fruitful-global-deployment/server/minenest-comprehensive-seeder.ts,6494,38110389184c02ab908f26023f27a7fb98558dee,https://github.com/heyns1000/omnigrid/blob/main/fruitful-global-deployment/server/minenest-comprehensive-seeder.ts
fruitful-global-deployment/server/mining-brands-seeder.ts,5026,c5d349653fee6e59597880e5b5e2cf4f916fa8de,https://github.com/heyns1000/omnigrid/blob/main/fruitful-global-deployment/server/mining-brands-seeder.ts
fruitful-global-deployment/server/payfast.ts,6507,48cb04401d7d3506fea52ce724e486d4d868138f,https://github.com/heyns1000/omnigrid/blob/main/fruitful-global-deployment/server/payfast.ts
fruitful-global-deployment/server/paypal-ecosystem-generator.ts,6770,8de1e165e2edb0fa3130a716ff710c157da6281d,https://github.com/heyns1000/omnigrid/blob/main/fruitful-global-deployment/server/paypal-ecosystem-generator.ts
fruitful-global-deployment/server/paypal.ts,5253,59d83f6b6b86173fdb7ed768d2cc0284f37a8f8c,https://github.com/heyns1000/omnigrid/blob/main/fruitful-global-deployment/server/paypal.ts
fruitful-global-deployment/server/paypal/api.ts,6420,65bea36258ce55ce61fcb70fb9223d7cfc6d4dbc,https://github.com/heyns1000/omnigrid/blob/main/fruitful-global-deployment/server/paypal/api.ts
fruitful-global-deployment/server/paypal/types.ts,3511,a9313bcb042a4a9243e69c5476a38a930c984298,https://github.com/heyns1000/omnigrid/blob/main/fruitful-global-deployment/server/paypal/types.ts
fruitful-global-deployment/server/protocols/fare-checkpoint.ts,1688,46db0f8afa01294d9f2ab898f123fabe7ab093b3,https://github.com/heyns1000/omnigrid/blob/main/fruitful-global-deployment/server/protocols/fare-checkpoint.ts
fruitful-global-deployment/server/replitAuth.ts,4210,2becf870cbe4931339c7b480ca044d3f49d958b0,https://github.com/heyns1000/omnigrid/blob/main/fruitful-global-deployment/server/replitAuth.ts
fruitful-global-deployment/server/routes-admin-panel.ts,6527,51d07690e19a4293f6a98459f057732732ced6fd,https://github.com/heyns1000/omnigrid/blob/main/fruitful-global-deployment/server/routes-admin-panel.ts
fruitful-global-deployment/server/routes-minenest.ts,8711,af721afdd1cd0d5467472e1d33cf903ea47b37b7,https://github.com/heyns1000/omnigrid/blob/main/fruitful-global-deployment/server/routes-minenest.ts
fruitful-global-deployment/server/routes.ts,89181,9350ed687bd3d163802238b51e5fa022402c1b43,https://github.com/heyns1000/omnigrid/blob/main/fruitful-global-deployment/server/routes.ts
fruitful-global-deployment/server/routes/admin-panel.ts,6541,922384754c7b070e5ac5a1c72466f6f505d870fd,https://github.com/heyns1000/omnigrid/blob/main/fruitful-global-deployment/server/routes/admin-panel.ts
fruitful-global-deployment/server/routes/banimal-pulse.ts,9412,851de5f9ff57378deb409be1aafe79a15dd22a02,https://github.com/heyns1000/omnigrid/blob/main/fruitful-global-deployment/server/routes/banimal-pulse.ts
fruitful-global-deployment/server/routes/chatgpt-extraction.ts,7888,0b6904be0a31313c47632ad951d39fbdbbaf37c6,https://github.com/heyns1000/omnigrid/blob/main/fruitful-global-deployment/server/routes/chatgpt-extraction.ts
fruitful-global-deployment/server/routes/database-schema.ts,10110,c4a666c39191d89459dff795325fd0e0c312c53d,https://github.com/heyns1000/omnigrid/blob/main/fruitful-global-deployment/server/routes/database-schema.ts
fruitful-global-deployment/server/routes/ecosystem-coordinator.ts,23656,2774de77873d4db98675d7f822cd4389d15cf5e9,https://github.com/heyns1000/omnigrid/blob/main/fruitful-global-deployment/server/routes/ecosystem-coordinator.ts
fruitful-global-deployment/server/routes/frontend-summary.ts,8328,d87617f7f880423bf40c954425bf9855feeb108b,https://github.com/heyns1000/omnigrid/blob/main/fruitful-global-deployment/server/routes/frontend-summary.ts
fruitful-global-deployment/server/routes/frontend-trace.ts,11668,5edff3ae67ec5216fccb1524c394015a4ec35647,https://github.com/heyns1000/omnigrid/blob/main/fruitful-global-deployment/server/routes/frontend-trace.ts
fruitful-global-deployment/server/routes/health.ts,5161,25d399255a668e73f835a00413e6dd4f5933f479,https://github.com/heyns1000/omnigrid/blob/main/fruitful-global-deployment/server/routes/health.ts
fruitful-global-deployment/server/routes/integration-webhook.ts,11106,446644bec94edd76a9529efdd5bd76c03ca39299,https://github.com/heyns1000/omnigrid/blob/main/fruitful-global-deployment/server/routes/integration-webhook.ts
fruitful-global-deployment/server/routes/marketplace-packages.ts,6751,68514a1848ec34e3457951cda21d210d926a026a,https://github.com/heyns1000/omnigrid/blob/main/fruitful-global-deployment/server/routes/marketplace-packages.ts
fruitful-global-deployment/server/routes/openai.ts,913,6964496946797ec77bf4e24fdd647bcced0c951c,https://github.com/heyns1000/omnigrid/blob/main/fruitful-global-deployment/server/routes/openai.ts
fruitful-global-deployment/server/routes/paypal-containers.ts,953,9fcc53c55bafd41d880e656ed06adebcab31aff7,https://github.com/heyns1000/omnigrid/blob/main/fruitful-global-deployment/server/routes/paypal-containers.ts
fruitful-global-deployment/server/routes/public-summary.ts,4516,dbffaa0ae9ec0b8b3b30e55f7b0ffa3c4102e62a,https://github.com/heyns1000/omnigrid/blob/main/fruitful-global-deployment/server/routes/public-summary.ts
fruitful-global-deployment/server/routes/sectors-visibility.ts,5899,b3a1124a6979d8d3efa7ea2d7c7f23b561b6d2da,https://github.com/heyns1000/omnigrid/blob/main/fruitful-global-deployment/server/routes/sectors-visibility.ts
fruitful-global-deployment/server/routes/sectors.ts,1989,5b9648d5b0ef8802d213fe7ae28aed3617de8659,https://github.com/heyns1000/omnigrid/blob/main/fruitful-global-deployment/server/routes/sectors.ts
fruitful-global-deployment/server/routes/sidebar-items.ts,8030,b5c00e1e241418ab9a789ae72bba8ae1b10dd9bb,https://github.com/heyns1000/omnigrid/blob/main/fruitful-global-deployment/server/routes/sidebar-items.ts
fruitful-global-deployment/server/routes/sync.ts,3506,e2920b31152bee085227b6aaea35f1e24a29be37,https://github.com/heyns1000/omnigrid/blob/main/fruitful-global-deployment/server/routes/sync.ts
fruitful-global-deployment/server/routes/triple-sync-middleware.ts,2381,8e71a70ba06b85a06fd845ef775231e8bd16bc0c,https://github.com/heyns1000/omnigrid/blob/main/fruitful-global-deployment/server/routes/triple-sync-middleware.ts
fruitful-global-deployment/server/run-pricing-update.js,336,709f8520647a93ddf9b04d5464d23b1bb3d152d5,https://github.com/heyns1000/omnigrid/blob/main/fruitful-global-deployment/server/run-pricing-update.js
fruitful-global-deployment/server/scripts/generate-all-packages.ts,7384,ca11c40318794dda4be99bf4384ab660091b82fc,https://github.com/heyns1000/omnigrid/blob/main/fruitful-global-deployment/server/scripts/generate-all-packages.ts
fruitful-global-deployment/server/security-middleware.ts,8759,c7d13771426637e6795c906e7020d33d3127f2bf,https://github.com/heyns1000/omnigrid/blob/main/fruitful-global-deployment/server/security-middleware.ts
fruitful-global-deployment/server/seed-admin-panel-brands.js,3428,274f7e65e54904baa5120826ca8ad87983ee0177,https://github.com/heyns1000/omnigrid/blob/main/fruitful-global-deployment/server/seed-admin-panel-brands.js
fruitful-global-deployment/server/seed-admin-panel-data.js,975,c2b040e55ed068549705d566d5a6d306e426de9f,https://github.com/heyns1000/omnigrid/blob/main/fruitful-global-deployment/server/seed-admin-panel-data.js
fruitful-global-deployment/server/seed-all-sectors-proper.js,12742,307c11c7bc295e32b9ebf544c5d42b169a461350,https://github.com/heyns1000/omnigrid/blob/main/fruitful-global-deployment/server/seed-all-sectors-proper.js
fruitful-global-deployment/server/seed-complete-admin-data.js,21045,77fb51b99a849c8b6f16d2fa71a04aa5e1b8d615,https://github.com/heyns1000/omnigrid/blob/main/fruitful-global-deployment/server/seed-complete-admin-data.js
fruitful-global-deployment/server/seed-complete-sectors.js,10194,189f7126ffa519116f549d26a24ea46204b10b81,https://github.com/heyns1000/omnigrid/blob/main/fruitful-global-deployment/server/seed-complete-sectors.js
fruitful-global-deployment/server/seed-comprehensive-admin-panel.js,18669,c2cca207d0ad9fa4b7f8491251ac444e939d438b,https://github.com/heyns1000/omnigrid/blob/main/fruitful-global-deployment/server/seed-comprehensive-admin-panel.js
fruitful-global-deployment/server/seed-data.ts,11889,b40d615fdc163065e154dba70be8500b7466183e,https://github.com/heyns1000/omnigrid/blob/main/fruitful-global-deployment/server/seed-data.ts
fruitful-global-deployment/server/seed-ecosystem-pulse.ts,7659,6244c289cc3e34c25ce46712f7a204944fb82dfb,https://github.com/heyns1000/omnigrid/blob/main/fruitful-global-deployment/server/seed-ecosystem-pulse.ts
fruitful-global-deployment/server/seed-fruitful-brands.js,5706,e09ddb92cce1360aa98dbb384fecc1f2243d2f3c,https://github.com/heyns1000/omnigrid/blob/main/fruitful-global-deployment/server/seed-fruitful-brands.js
fruitful-global-deployment/server/seed-legal.ts,3987,078162b1d65c2c9d6412771c7a3264cb8c6572c8,https://github.com/heyns1000/omnigrid/blob/main/fruitful-global-deployment/server/seed-legal.ts
fruitful-global-deployment/server/seed-minenest-proper.js,5166,cce351caecbfd7643f4d90837d084277d08ae11b,https://github.com/heyns1000/omnigrid/blob/main/fruitful-global-deployment/server/seed-minenest-proper.js
fruitful-global-deployment/server/services/application-discovery.ts,12408,b9261fb1e925eeeaf29b8a75c32eb91ccb16e7d7,https://github.com/heyns1000/omnigrid/blob/main/fruitful-global-deployment/server/services/application-discovery.ts
fruitful-global-deployment/server/services/dns-integration.ts,3713,c0ed93c73db71187b31e3814d1e6199530b1fb70,https://github.com/heyns1000/omnigrid/blob/main/fruitful-global-deployment/server/services/dns-integration.ts
fruitful-global-deployment/server/services/integration-manager.ts,4211,03ac025d12b791c922a8544b54aaf887ca6be58a,https://github.com/heyns1000/omnigrid/blob/main/fruitful-global-deployment/server/services/integration-manager.ts
fruitful-global-deployment/server/services/package-generator.ts,13721,0248885483e410c7637f62864a7b7cb39b1ad6f5,https://github.com/heyns1000/omnigrid/blob/main/fruitful-global-deployment/server/services/package-generator.ts
fruitful-global-deployment/server/storage.ts,97093,c1067d9c837ffa636e25bf5ba5b0249847de7beb,https://github.com/heyns1000/omnigrid/blob/main/fruitful-global-deployment/server/storage.ts
fruitful-global-deployment/server/sync-lock-middleware.ts,2846,c0bde1c21cf0f2c7b83a10466010834b3c78fdce,https://github.com/heyns1000/omnigrid/blob/main/fruitful-global-deployment/server/sync-lock-middleware.ts
fruitful-global-deployment/server/triple-sync-validator.ts,7498,2789725a6e06e8806a5da60056e882378557184e,https://github.com/heyns1000/omnigrid/blob/main/fruitful-global-deployment/server/triple-sync-validator.ts
fruitful-global-deployment/server/types.ts,259,feff4f8a9a722e131cf2e87fdb26cca446135012,https://github.com/heyns1000/omnigrid/blob/main/fruitful-global-deployment/server/types.ts
fruitful-global-deployment/server/update-brand-pricing.ts,2889,64868e38aae502403a844468785ccde35a68bc11,https://github.com/heyns1000/omnigrid/blob/main/fruitful-global-deployment/server/update-brand-pricing.ts
fruitful-global-deployment/server/update-pricing-structure.js,7234,1f3f33708ce406239d6704cb811c55630edcbabf,https://github.com/heyns1000/omnigrid/blob/main/fruitful-global-deployment/server/update-pricing-structure.js
fruitful-global-deployment/server/update-sector-pricing.ts,4589,cae07e33bba5dffd98aa4611d4689729506c07f6,https://github.com/heyns1000/omnigrid/blob/main/fruitful-global-deployment/server/update-sector-pricing.ts
fruitful-global-deployment/server/verify-complete-brand-integration.ts,5434,6902313fbfdb2acc7f13b230c2aa23e7bc324569,https://github.com/heyns1000/omnigrid/blob/main/fruitful-global-deployment/server/verify-complete-brand-integration.ts
fruitful-global-deployment/server/vite.ts,2196,5073ebe2f6acbdb9d07edaa5c4134862e85ce4a6,https://github.com/heyns1000/omnigrid/blob/main/fruitful-global-deployment/server/vite.ts
fruitful-global-deployment/shared/Signal_To_Chuck.json,1838,16c1c3612844ba80b982a5119ee413f66d9da09c,https://github.com/heyns1000/omnigrid/blob/main/fruitful-global-deployment/shared/Signal_To_Chuck.json
fruitful-global-deployment/shared/api-config.ts,4970,3177d95c65c1370c3d2b4032a69148867af957b4,https://github.com/heyns1000/omnigrid/blob/main/fruitful-global-deployment/shared/api-config.ts
fruitful-global-deployment/shared/bad-boys-noodle-protocol.ts,4893,425892d96dc6069eaceab18305cf2d694eae8cbc,https://github.com/heyns1000/omnigrid/blob/main/fruitful-global-deployment/shared/bad-boys-noodle-protocol.ts
fruitful-global-deployment/shared/fruitful-crate-dance-ecosystem.ts,11292,1fc12ef40c4f3763652ee55307b19efb0ee507ec,https://github.com/heyns1000/omnigrid/blob/main/fruitful-global-deployment/shared/fruitful-crate-dance-ecosystem.ts
fruitful-global-deployment/shared/integration-schema.ts,974,2c079d970d23025d66d758d96285f9776097c501,https://github.com/heyns1000/omnigrid/blob/main/fruitful-global-deployment/shared/integration-schema.ts
fruitful-global-deployment/shared/paypal-config.ts,1653,073e1346bfbde84deb67fdbcd12965206d7fddb9,https://github.com/heyns1000/omnigrid/blob/main/fruitful-global-deployment/shared/paypal-config.ts
fruitful-global-deployment/shared/schema.ts,54848,355c14e03da6a667d3482042117b6de9ebba60c2,https://github.com/heyns1000/omnigrid/blob/main/fruitful-global-deployment/shared/schema.ts
fruitful-global-deployment/shared/securesign-schema.ts,7988,f905b5bec820d5bdf51101265a613d308c4d8179,https://github.com/heyns1000/omnigrid/blob/main/fruitful-global-deployment/shared/securesign-schema.ts
fruitful-global-deployment/shared/subscription-schema.ts,3873,8a41b1533bd4a4ab836f7f41ccedbe4bf7339a45,https://github.com/heyns1000/omnigrid/blob/main/fruitful-global-deployment/shared/subscription-schema.ts
fruitful-global-deployment/shopping-cart/CartDrawer.tsx,2913,8383815ef154639241a121ece3cad38f3f2dd01b,https://github.com/heyns1000/omnigrid/blob/main/fruitful-global-deployment/shopping-cart/CartDrawer.tsx
fruitful-global-deployment/shopping-cart/CartIcon.tsx,1053,a6794fc1ee875fc3a5f293be884b36ee6049d627,https://github.com/heyns1000/omnigrid/blob/main/fruitful-global-deployment/shopping-cart/CartIcon.tsx
fruitful-global-deployment/shopping-cart/CartItem.tsx,3665,845acc9f575684338a16656d821d14ba582f1cc5,https://github.com/heyns1000/omnigrid/blob/main/fruitful-global-deployment/shopping-cart/CartItem.tsx
fruitful-global-deployment/shopping-cart/CartSummary.tsx,1017,83bdfdf62f1de8b9d246bf86127968c258a8293d,https://github.com/heyns1000/omnigrid/blob/main/fruitful-global-deployment/shopping-cart/CartSummary.tsx
fruitful-global-deployment/shopping-cart/CheckoutButton.tsx,1726,3a497873f9dfa7ff8e6bedfda7a1ccd0a3f8296a,https://github.com/heyns1000/omnigrid/blob/main/fruitful-global-deployment/shopping-cart/CheckoutButton.tsx
fruitful-global-deployment/shopping-cart/README.md,3898,9c8dee3811ad60ffc32c740b0da3612abe0d5124,https://github.com/heyns1000/omnigrid/blob/main/fruitful-global-deployment/shopping-cart/README.md
fruitful-global-deployment/shopping-cart/cart-api.ts,14903,95f596eaf92a2394a6f54d48e2adea7000fd98c0,https://github.com/heyns1000/omnigrid/blob/main/fruitful-global-deployment/shopping-cart/cart-api.ts
fruitful-global-deployment/shopping-cart/schema.ts,12584,67486dbf298fc456fe8adaf7a92aac4790f6641d,https://github.com/heyns1000/omnigrid/blob/main/fruitful-global-deployment/shopping-cart/schema.ts
fruitful-global-deployment/shopping-cart/useCart.tsx,5206,0bdcbdb1a1942152674cd1b7cd058b6a94765298,https://github.com/heyns1000/omnigrid/blob/main/fruitful-global-deployment/shopping-cart/useCart.tsx
fruitful-global-deployment/start_scroll_backend.sh,811,c79ff7d566df913b54490a869df0e0755fbb8ff1,https://github.com/heyns1000/omnigrid/blob/main/fruitful-global-deployment/start_scroll_backend.sh
fruitful-global-deployment/tailwind.config.ts,2695,32109feaf41a4a47ef952f4532cca0e21c805519,https://github.com/heyns1000/omnigrid/blob/main/fruitful-global-deployment/tailwind.config.ts
fruitful-global-deployment/test-integration-webhook-api.sh,6025,d9bc4be71dc77756f2bdfe0c3434b33ec4a375c2,https://github.com/heyns1000/omnigrid/blob/main/fruitful-global-deployment/test-integration-webhook-api.sh
fruitful-global-deployment/tests/README.md,3127,c85b7847e0fba1ee56b12237e515582f83b140da,https://github.com/heyns1000/omnigrid/blob/main/fruitful-global-deployment/tests/README.md
fruitful-global-deployment/tests/setup.ts,405,a1f67b0555e82425bccb43548930a65f86e9022d,https://github.com/heyns1000/omnigrid/blob/main/fruitful-global-deployment/tests/setup.ts
fruitful-global-deployment/tests/tsconfig.json,491,484f0c5dffc42f1076f9ba9b383ba864e3b49104,https://github.com/heyns1000/omnigrid/blob/main/fruitful-global-deployment/tests/tsconfig.json
fruitful-global-deployment/tests/unit/bad-boys-noodle-protocol.test.ts,6870,da89cc387d9965dd87d35a540a0e9c71e9954990,https://github.com/heyns1000/omnigrid/blob/main/fruitful-global-deployment/tests/unit/bad-boys-noodle-protocol.test.ts
fruitful-global-deployment/tests/unit/cache.test.ts,1791,7d74a8160b0265407084632b40bd314f6e14e383,https://github.com/heyns1000/omnigrid/blob/main/fruitful-global-deployment/tests/unit/cache.test.ts
fruitful-global-deployment/tests/unit/collapse-protocol.test.ts,5499,d1cdd614a92258b5d24936328d8d49bce46c0046,https://github.com/heyns1000/omnigrid/blob/main/fruitful-global-deployment/tests/unit/collapse-protocol.test.ts
fruitful-global-deployment/tests/unit/metrics.test.ts,1154,3a206f5a3e41ba9f53092e6c38fdb6771d7de5c6,https://github.com/heyns1000/omnigrid/blob/main/fruitful-global-deployment/tests/unit/metrics.test.ts
fruitful-global-deployment/tests/unit/repo-discovery.test.ts,5943,a5de199ea6822bfe782421550df7d557e4c87874,https://github.com/heyns1000/omnigrid/blob/main/fruitful-global-deployment/tests/unit/repo-discovery.test.ts
fruitful-global-deployment/tree-widget-dynamic.html,7285,e487c182fb1b1ec5fa844655ee2a49675e9059af,https://github.com/heyns1000/omnigrid/blob/main/fruitful-global-deployment/tree-widget-dynamic.html
fruitful-global-deployment/tree-widget.html,3759,a566bd7992c254785af07e37a2f987fbbe7fc9bf,https://github.com/heyns1000/omnigrid/blob/main/fruitful-global-deployment/tree-widget.html
fruitful-global-deployment/tsconfig.json,657,a0203eefcb88d0dcf5e5ff0e2f90150a1b46ee05,https://github.com/heyns1000/omnigrid/blob/main/fruitful-global-deployment/tsconfig.json
fruitful-global-deployment/vercel.json,161,b774970694aad9a231984cd091e18ecc2fb9f5e9,https://github.com/heyns1000/omnigrid/blob/main/fruitful-global-deployment/vercel.json
fruitful-global-deployment/verify-faa-actuary-mastery.sh,5157,3858754864daa304d7e5dc610a0f28dfd8d3802d,https://github.com/heyns1000/omnigrid/blob/main/fruitful-global-deployment/verify-faa-actuary-mastery.sh
fruitful-global-deployment/vite.config.ts,971,ce3e3d1f6b15a33e4ae097b4cfff0f42b3309380,https://github.com/heyns1000/omnigrid/blob/main/fruitful-global-deployment/vite.config.ts
fruitful-global-deployment/vitest.config.ts,507,2518019ce4e5a1ba8efe6d338ddeeb88a18b2eaa,https://github.com/heyns1000/omnigrid/blob/main/fruitful-global-deployment/vitest.config.ts
fruitful-global-deployment/wordpress/banimal-ecosystem-connector.php,14933,566aa87158e5e44b03bfc0d10671fad934f9756c,https://github.com/heyns1000/omnigrid/blob/main/fruitful-global-deployment/wordpress/banimal-ecosystem-connector.php
fruitful-global-deployment/worldfirst7000brands.html,112314,eeeb5cae5e95edd9547a9e3442e68763cb72214b,https://github.com/heyns1000/omnigrid/blob/main/fruitful-global-deployment/worldfirst7000brands.html
fullstack-app-extracted/Hello-there-What-kind-of-software-project-are-you-looking/.env,149,4080e67cd995094abda7c8691a8d9d0d711737fb,https://github.com/heyns1000/omnigrid/blob/main/fullstack-app-extracted/Hello-there-What-kind-of-software-project-are-you-looking/.env
fullstack-app-extracted/Hello-there-What-kind-of-software-project-are-you-looking/.gitignore,67,f9ba7f8b4901d059a522d76272612aa2a8321bc3,https://github.com/heyns1000/omnigrid/blob/main/fullstack-app-extracted/Hello-there-What-kind-of-software-project-are-you-looking/.gitignore
fullstack-app-extracted/Hello-there-What-kind-of-software-project-are-you-looking/.local/state/replit/agent/.agent_state_06ea04ec6755a4d96c4abf6b0a8e2cddfa065c7b.bin,102744,8de28e73488de9ca9a6e6dbb7cc50d50c35f92a6,https://github.com/heyns1000/omnigrid/blob/main/fullstack-app-extracted/Hello-there-What-kind-of-software-project-are-you-looking/.local/state/replit/agent/.agent_state_06ea04ec6755a4d96c4abf6b0a8e2cddfa065c7b.bin
fullstack-app-extracted/Hello-there-What-kind-of-software-project-are-you-looking/.local/state/replit/agent/.agent_state_0a697d912417363ca41f0b6b38dea469d86a538b.bin,1337829,b79c5274bc8329cbafa205f27967c9824543f8f6,https://github.com/heyns1000/omnigrid/blob/main/fullstack-app-extracted/Hello-there-What-kind-of-software-project-are-you-looking/.local/state/replit/agent/.agent_state_0a697d912417363ca41f0b6b38dea469d86a538b.bin
fullstack-app-extracted/Hello-there-What-kind-of-software-project-are-you-looking/.local/state/replit/agent/.agent_state_0d70548c8ec5e57b36a49c0852f9deaeebef72d2.bin,224132,34a42c3ea1e7c86121cba0c99a57798a7e38bb0e,https://github.com/heyns1000/omnigrid/blob/main/fullstack-app-extracted/Hello-there-What-kind-of-software-project-are-you-looking/.local/state/replit/agent/.agent_state_0d70548c8ec5e57b36a49c0852f9deaeebef72d2.bin
fullstack-app-extracted/Hello-there-What-kind-of-software-project-are-you-looking/.local/state/replit/agent/.agent_state_0d7b8424e4f00972452a68b4cc3afd3dd5f91150.bin,280675,a87d8b41869b37d107ad1280acae795815669eb3,https://github.com/heyns1000/omnigrid/blob/main/fullstack-app-extracted/Hello-there-What-kind-of-software-project-are-you-looking/.local/state/replit/agent/.agent_state_0d7b8424e4f00972452a68b4cc3afd3dd5f91150.bin
fullstack-app-extracted/Hello-there-What-kind-of-software-project-are-you-looking/.local/state/replit/agent/.agent_state_10e7c4c943627829fdc1c4475ed56421f65e928c.bin,82176,a557ca57f9b2c66808983400a9f954d9a5f404a6,https://github.com/heyns1000/omnigrid/blob/main/fullstack-app-extracted/Hello-there-What-kind-of-software-project-are-you-looking/.local/state/replit/agent/.agent_state_10e7c4c943627829fdc1c4475ed56421f65e928c.bin
fullstack-app-extracted/Hello-there-What-kind-of-software-project-are-you-looking/.local/state/replit/agent/.agent_state_196e77d98d56aa62c689f2347ccd3a1d74958102.bin,817481,846e9bfa1be66dd1bd7b9f44cdd2c40b9bc7cf29,https://github.com/heyns1000/omnigrid/blob/main/fullstack-app-extracted/Hello-there-What-kind-of-software-project-are-you-looking/.local/state/replit/agent/.agent_state_196e77d98d56aa62c689f2347ccd3a1d74958102.bin
fullstack-app-extracted/Hello-there-What-kind-of-software-project-are-you-looking/.local/state/replit/agent/.agent_state_1d225a046d3225170502fb99bbf6c3a616580b66.bin,220322,ca700dd3b94326aafa0cf3785a14261022c56d02,https://github.com/heyns1000/omnigrid/blob/main/fullstack-app-extracted/Hello-there-What-kind-of-software-project-are-you-looking/.local/state/replit/agent/.agent_state_1d225a046d3225170502fb99bbf6c3a616580b66.bin
fullstack-app-extracted/Hello-there-What-kind-of-software-project-are-you-looking/.local/state/replit/agent/.agent_state_22e86b718e8a0690852c464d54fa9133e25944bd.bin,1155124,39f56e3661c739d66c9322d288c36de4db5f90b9,https://github.com/heyns1000/omnigrid/blob/main/fullstack-app-extracted/Hello-there-What-kind-of-software-project-are-you-looking/.local/state/replit/agent/.agent_state_22e86b718e8a0690852c464d54fa9133e25944bd.bin
fullstack-app-extracted/Hello-there-What-kind-of-software-project-are-you-looking/.local/state/replit/agent/.agent_state_267fe76ade557507e1a6062a81272fd2f8c124fb.bin,1273148,8e3fe51495e23e24ecc77c27fd83acf207dc1fb6,https://github.com/heyns1000/omnigrid/blob/main/fullstack-app-extracted/Hello-there-What-kind-of-software-project-are-you-looking/.local/state/replit/agent/.agent_state_267fe76ade557507e1a6062a81272fd2f8c124fb.bin
fullstack-app-extracted/Hello-there-What-kind-of-software-project-are-you-looking/.local/state/replit/agent/.agent_state_271989d0834c0a22328db562a78530c70181747d.bin,192050,d952b9dc200b352601893f6c4084e6563fcb7bb8,https://github.com/heyns1000/omnigrid/blob/main/fullstack-app-extracted/Hello-there-What-kind-of-software-project-are-you-looking/.local/state/replit/agent/.agent_state_271989d0834c0a22328db562a78530c70181747d.bin
fullstack-app-extracted/Hello-there-What-kind-of-software-project-are-you-looking/.local/state/replit/agent/.agent_state_373c646b3245671ee1afa6664c34a8091198becf.bin,1439403,57a9667b84c89618d3216eaa297b49553eaee405,https://github.com/heyns1000/omnigrid/blob/main/fullstack-app-extracted/Hello-there-What-kind-of-software-project-are-you-looking/.local/state/replit/agent/.agent_state_373c646b3245671ee1afa6664c34a8091198becf.bin
fullstack-app-extracted/Hello-there-What-kind-of-software-project-are-you-looking/.local/state/replit/agent/.agent_state_39ddd0e1ddaef5bb052d4713602c3c9b0c7930a8.bin,1052884,10b4e7e015fa7f07780822fb2818c8d22cac58af,https://github.com/heyns1000/omnigrid/blob/main/fullstack-app-extracted/Hello-there-What-kind-of-software-project-are-you-looking/.local/state/replit/agent/.agent_state_39ddd0e1ddaef5bb052d4713602c3c9b0c7930a8.bin
fullstack-app-extracted/Hello-there-What-kind-of-software-project-are-you-looking/.local/state/replit/agent/.agent_state_3aa853322d52898841dcdb1720e3bfc69c5d343d.bin,821384,016b699de7b64c392bc90c01c2538256f5f90bb9,https://github.com/heyns1000/omnigrid/blob/main/fullstack-app-extracted/Hello-there-What-kind-of-software-project-are-you-looking/.local/state/replit/agent/.agent_state_3aa853322d52898841dcdb1720e3bfc69c5d343d.bin
fullstack-app-extracted/Hello-there-What-kind-of-software-project-are-you-looking/.local/state/replit/agent/.agent_state_413f476168a1cae1dad330bf175790daed5b0081.bin,1614294,801392aaa86bd1e01515e2162cc6b7fc3a95ce11,https://github.com/heyns1000/omnigrid/blob/main/fullstack-app-extracted/Hello-there-What-kind-of-software-project-are-you-looking/.local/state/replit/agent/.agent_state_413f476168a1cae1dad330bf175790daed5b0081.bin
fullstack-app-extracted/Hello-there-What-kind-of-software-project-are-you-looking/.local/state/replit/agent/.agent_state_476d2c3e114acd387d2434fa8c158d65cc04f956.bin,910363,3b4f87da0031f23fc088d9dc9c8fc1d0b7e411c9,https://github.com/heyns1000/omnigrid/blob/main/fullstack-app-extracted/Hello-there-What-kind-of-software-project-are-you-looking/.local/state/replit/agent/.agent_state_476d2c3e114acd387d2434fa8c158d65cc04f956.bin
fullstack-app-extracted/Hello-there-What-kind-of-software-project-are-you-looking/.local/state/replit/agent/.agent_state_4de05b95f58010c4a6d0af8d66aead6ec092dfe8.bin,54497,c522acc1de9a8f1dc9a8ce6ee896d36664228da3,https://github.com/heyns1000/omnigrid/blob/main/fullstack-app-extracted/Hello-there-What-kind-of-software-project-are-you-looking/.local/state/replit/agent/.agent_state_4de05b95f58010c4a6d0af8d66aead6ec092dfe8.bin
fullstack-app-extracted/Hello-there-What-kind-of-software-project-are-you-looking/.local/state/replit/agent/.agent_state_518fd44d72a0fbcc21017dcfb7edfc608c9752be.bin,1311922,280ad3929424138e9abb5d76883979235c018db9,https://github.com/heyns1000/omnigrid/blob/main/fullstack-app-extracted/Hello-there-What-kind-of-software-project-are-you-looking/.local/state/replit/agent/.agent_state_518fd44d72a0fbcc21017dcfb7edfc608c9752be.bin
fullstack-app-extracted/Hello-there-What-kind-of-software-project-are-you-looking/.local/state/replit/agent/.agent_state_5231473a70364f51e00f5d2d3f8e9faedb1aa4f1.bin,399467,916115a4e62ad9bbda66d22fee38f2b3fc6bf829,https://github.com/heyns1000/omnigrid/blob/main/fullstack-app-extracted/Hello-there-What-kind-of-software-project-are-you-looking/.local/state/replit/agent/.agent_state_5231473a70364f51e00f5d2d3f8e9faedb1aa4f1.bin
fullstack-app-extracted/Hello-there-What-kind-of-software-project-are-you-looking/.local/state/replit/agent/.agent_state_5290a9795f71a70ebac157f6491026e906caa726.bin,67118,96960195546f268749d2b4d52d9b7331cbe4c35e,https://github.com/heyns1000/omnigrid/blob/main/fullstack-app-extracted/Hello-there-What-kind-of-software-project-are-you-looking/.local/state/replit/agent/.agent_state_5290a9795f71a70ebac157f6491026e906caa726.bin
fullstack-app-extracted/Hello-there-What-kind-of-software-project-are-you-looking/.local/state/replit/agent/.agent_state_55c7f61c963fa6f67d34fef48cb34df7981a400c.bin,389133,46c309c3f38e45c1f7771df942671fcb9209c07a,https://github.com/heyns1000/omnigrid/blob/main/fullstack-app-extracted/Hello-there-What-kind-of-software-project-are-you-looking/.local/state/replit/agent/.agent_state_55c7f61c963fa6f67d34fef48cb34df7981a400c.bin
fullstack-app-extracted/Hello-there-What-kind-of-software-project-are-you-looking/.local/state/replit/agent/.agent_state_563da3714e67c3241066c585bc91c846f5111b4e.bin,452698,6d5157073ee1e9f35ea8175d133fef4e68d70165,https://github.com/heyns1000/omnigrid/blob/main/fullstack-app-extracted/Hello-there-What-kind-of-software-project-are-you-looking/.local/state/replit/agent/.agent_state_563da3714e67c3241066c585bc91c846f5111b4e.bin
fullstack-app-extracted/Hello-there-What-kind-of-software-project-are-you-looking/.local/state/replit/agent/.agent_state_62fd5f96c91f88e3f21270d400807ccadf57a9d1.bin,1118533,ad775e5653f0a524aa0c44480044e6fce637a30b,https://github.com/heyns1000/omnigrid/blob/main/fullstack-app-extracted/Hello-there-What-kind-of-software-project-are-you-looking/.local/state/replit/agent/.agent_state_62fd5f96c91f88e3f21270d400807ccadf57a9d1.bin
fullstack-app-extracted/Hello-there-What-kind-of-software-project-are-you-looking/.local/state/replit/agent/.agent_state_6b3932b4e8c091f137056b284465e38a475e4459.bin,1955494,66f643932464b7c48d8b490de2282e8c4e9af848,https://github.com/heyns1000/omnigrid/blob/main/fullstack-app-extracted/Hello-there-What-kind-of-software-project-are-you-looking/.local/state/replit/agent/.agent_state_6b3932b4e8c091f137056b284465e38a475e4459.bin
fullstack-app-extracted/Hello-there-What-kind-of-software-project-are-you-looking/.local/state/replit/agent/.agent_state_6cf621f4c0590f3b238efa02b031b5a45094a31b.bin,114073,526fab9da15433d4f3c30ebb051f28a6d8ccf4c0,https://github.com/heyns1000/omnigrid/blob/main/fullstack-app-extracted/Hello-there-What-kind-of-software-project-are-you-looking/.local/state/replit/agent/.agent_state_6cf621f4c0590f3b238efa02b031b5a45094a31b.bin
fullstack-app-extracted/Hello-there-What-kind-of-software-project-are-you-looking/.local/state/replit/agent/.agent_state_6e76f56c628f3533965f580f87c581fbe7081992.bin,121307,1f1714e8c8738b0dfb9b18c30d279e3f9a18ed1b,https://github.com/heyns1000/omnigrid/blob/main/fullstack-app-extracted/Hello-there-What-kind-of-software-project-are-you-looking/.local/state/replit/agent/.agent_state_6e76f56c628f3533965f580f87c581fbe7081992.bin
fullstack-app-extracted/Hello-there-What-kind-of-software-project-are-you-looking/.local/state/replit/agent/.agent_state_6fd968413b31287dfde7ff45433a2eb1d2e5a7b1.bin,86418,3e86df82a6d7f6a1f5a6cf3ad60e3bba16780f11,https://github.com/heyns1000/omnigrid/blob/main/fullstack-app-extracted/Hello-there-What-kind-of-software-project-are-you-looking/.local/state/replit/agent/.agent_state_6fd968413b31287dfde7ff45433a2eb1d2e5a7b1.bin
fullstack-app-extracted/Hello-there-What-kind-of-software-project-are-you-looking/.local/state/replit/agent/.agent_state_8058297d954cd474145b6f808e5dd76ead8775f5.bin,927559,16cd8af1a813c8575bc1aa8aa2b2fc209911739d,https://github.com/heyns1000/omnigrid/blob/main/fullstack-app-extracted/Hello-there-What-kind-of-software-project-are-you-looking/.local/state/replit/agent/.agent_state_8058297d954cd474145b6f808e5dd76ead8775f5.bin
fullstack-app-extracted/Hello-there-What-kind-of-software-project-are-you-looking/.local/state/replit/agent/.agent_state_826d9e78b04599e16b386748efdae363fe3f3cb1.bin,866804,8ae10dc4d4532135e367a2521d4bd93043bddf03,https://github.com/heyns1000/omnigrid/blob/main/fullstack-app-extracted/Hello-there-What-kind-of-software-project-are-you-looking/.local/state/replit/agent/.agent_state_826d9e78b04599e16b386748efdae363fe3f3cb1.bin
fullstack-app-extracted/Hello-there-What-kind-of-software-project-are-you-looking/.local/state/replit/agent/.agent_state_8377550fb1d642ae3fe4ac15e89a44ae90e49b87.bin,58738,cbda1ee831372d7b63d84e636eb0742e02d32b61,https://github.com/heyns1000/omnigrid/blob/main/fullstack-app-extracted/Hello-there-What-kind-of-software-project-are-you-looking/.local/state/replit/agent/.agent_state_8377550fb1d642ae3fe4ac15e89a44ae90e49b87.bin
fullstack-app-extracted/Hello-there-What-kind-of-software-project-are-you-looking/.local/state/replit/agent/.agent_state_847b5a07fc603422297cec3b5d61bcc0c08986e3.bin,499754,b621a20f7c0cd10c30a78922d8bce754e94315fa,https://github.com/heyns1000/omnigrid/blob/main/fullstack-app-extracted/Hello-there-What-kind-of-software-project-are-you-looking/.local/state/replit/agent/.agent_state_847b5a07fc603422297cec3b5d61bcc0c08986e3.bin
fullstack-app-extracted/Hello-there-What-kind-of-software-project-are-you-looking/.local/state/replit/agent/.agent_state_86ac63590012268e612cffaa62117b04b16297ad.bin,580782,aab57f5cca8386dd72361d89fc6d6950cfa4653b,https://github.com/heyns1000/omnigrid/blob/main/fullstack-app-extracted/Hello-there-What-kind-of-software-project-are-you-looking/.local/state/replit/agent/.agent_state_86ac63590012268e612cffaa62117b04b16297ad.bin
fullstack-app-extracted/Hello-there-What-kind-of-software-project-are-you-looking/.local/state/replit/agent/.agent_state_871d2f3c481f2df0167c5ee27268554a89b82697.bin,2285038,87d4fa51d852e09e6784c06f35e1c54ce108351b,https://github.com/heyns1000/omnigrid/blob/main/fullstack-app-extracted/Hello-there-What-kind-of-software-project-are-you-looking/.local/state/replit/agent/.agent_state_871d2f3c481f2df0167c5ee27268554a89b82697.bin
fullstack-app-extracted/Hello-there-What-kind-of-software-project-are-you-looking/.local/state/replit/agent/.agent_state_899abddb0f2e45955ee317ba12b62feae0da1d74.bin,106295,ac71413918161dfeb10a3c818080c910e899d0c7,https://github.com/heyns1000/omnigrid/blob/main/fullstack-app-extracted/Hello-there-What-kind-of-software-project-are-you-looking/.local/state/replit/agent/.agent_state_899abddb0f2e45955ee317ba12b62feae0da1d74.bin
fullstack-app-extracted/Hello-there-What-kind-of-software-project-are-you-looking/.local/state/replit/agent/.agent_state_8adbe5c3730f72aef201dbbb6abdfc2add158abb.bin,216150,63c58f4dced21cb6f4ac0827bc524fe5b00f378f,https://github.com/heyns1000/omnigrid/blob/main/fullstack-app-extracted/Hello-there-What-kind-of-software-project-are-you-looking/.local/state/replit/agent/.agent_state_8adbe5c3730f72aef201dbbb6abdfc2add158abb.bin
fullstack-app-extracted/Hello-there-What-kind-of-software-project-are-you-looking/.local/state/replit/agent/.agent_state_8d1558f6fca100d2e274c5c44bff51c78f9e7239.bin,187929,bde9c338bc0e0c0917f1adb45cefceb71268d292,https://github.com/heyns1000/omnigrid/blob/main/fullstack-app-extracted/Hello-there-What-kind-of-software-project-are-you-looking/.local/state/replit/agent/.agent_state_8d1558f6fca100d2e274c5c44bff51c78f9e7239.bin
fullstack-app-extracted/Hello-there-What-kind-of-software-project-are-you-looking/.local/state/replit/agent/.agent_state_947fb5c319747368e9f53610598f3b42a8df13cb.bin,361687,1fc381afa5909b988bdaf2b033e67a67f9bbad38,https://github.com/heyns1000/omnigrid/blob/main/fullstack-app-extracted/Hello-there-What-kind-of-software-project-are-you-looking/.local/state/replit/agent/.agent_state_947fb5c319747368e9f53610598f3b42a8df13cb.bin
fullstack-app-extracted/Hello-there-What-kind-of-software-project-are-you-looking/.local/state/replit/agent/.agent_state_961ebfb3da7adab53ee15a224408bd29a2c7a233.bin,8724,33bb3dda9dd025a47bdde8d8d26f6e95460264db,https://github.com/heyns1000/omnigrid/blob/main/fullstack-app-extracted/Hello-there-What-kind-of-software-project-are-you-looking/.local/state/replit/agent/.agent_state_961ebfb3da7adab53ee15a224408bd29a2c7a233.bin
fullstack-app-extracted/Hello-there-What-kind-of-software-project-are-you-looking/.local/state/replit/agent/.agent_state_a081d0ed17ba7020f320c53e0a387881d73771be.bin,193187,6930a7d3a702c0191269f897a9764fc8f1c16f70,https://github.com/heyns1000/omnigrid/blob/main/fullstack-app-extracted/Hello-there-What-kind-of-software-project-are-you-looking/.local/state/replit/agent/.agent_state_a081d0ed17ba7020f320c53e0a387881d73771be.bin
fullstack-app-extracted/Hello-there-What-kind-of-software-project-are-you-looking/.local/state/replit/agent/.agent_state_a4b49730cbca0f7dcf5695728e2b96998f70181d.bin,2262561,8857ff975e6fdbb861f7339fb140133ca70b3014,https://github.com/heyns1000/omnigrid/blob/main/fullstack-app-extracted/Hello-there-What-kind-of-software-project-are-you-looking/.local/state/replit/agent/.agent_state_a4b49730cbca0f7dcf5695728e2b96998f70181d.bin
fullstack-app-extracted/Hello-there-What-kind-of-software-project-are-you-looking/.local/state/replit/agent/.agent_state_ae7079f96d008d7e861ed504b901d8e81f7fa3ae.bin,932478,bc86d4196885a379da28192587459fc79be4b504,https://github.com/heyns1000/omnigrid/blob/main/fullstack-app-extracted/Hello-there-What-kind-of-software-project-are-you-looking/.local/state/replit/agent/.agent_state_ae7079f96d008d7e861ed504b901d8e81f7fa3ae.bin
fullstack-app-extracted/Hello-there-What-kind-of-software-project-are-you-looking/.local/state/replit/agent/.agent_state_b1e0e8eb5bcb2b45e5d84908cf5994078ea77efb.bin,1190119,6577376e49541264a8e58f206d3a8361388b02c2,https://github.com/heyns1000/omnigrid/blob/main/fullstack-app-extracted/Hello-there-What-kind-of-software-project-are-you-looking/.local/state/replit/agent/.agent_state_b1e0e8eb5bcb2b45e5d84908cf5994078ea77efb.bin
fullstack-app-extracted/Hello-there-What-kind-of-software-project-are-you-looking/.local/state/replit/agent/.agent_state_b31f9c4d37b26bd811141eccd11a8f27c52bb50c.bin,110050,bd34017e732e37a5db76bc0b892378513899f7d2,https://github.com/heyns1000/omnigrid/blob/main/fullstack-app-extracted/Hello-there-What-kind-of-software-project-are-you-looking/.local/state/replit/agent/.agent_state_b31f9c4d37b26bd811141eccd11a8f27c52bb50c.bin
fullstack-app-extracted/Hello-there-What-kind-of-software-project-are-you-looking/.local/state/replit/agent/.agent_state_b608f6506ac1e6f2f2636e59305c3a8774c780e4.bin,1882550,d32663a3e3383a897343c4f8d3565032e74ca043,https://github.com/heyns1000/omnigrid/blob/main/fullstack-app-extracted/Hello-there-What-kind-of-software-project-are-you-looking/.local/state/replit/agent/.agent_state_b608f6506ac1e6f2f2636e59305c3a8774c780e4.bin
fullstack-app-extracted/Hello-there-What-kind-of-software-project-are-you-looking/.local/state/replit/agent/.agent_state_c8e471d7d44f1f0613ddc3354e7c9484767b9494.bin,841514,67dee892903881bfa3a509764443bc7c7158d40e,https://github.com/heyns1000/omnigrid/blob/main/fullstack-app-extracted/Hello-there-What-kind-of-software-project-are-you-looking/.local/state/replit/agent/.agent_state_c8e471d7d44f1f0613ddc3354e7c9484767b9494.bin
fullstack-app-extracted/Hello-there-What-kind-of-software-project-are-you-looking/.local/state/replit/agent/.agent_state_cce688eb0d4dbe321d79ff76607960e527df7a3b.bin,1328468,a91bf2921d047de659c6639f6849cfd1dc8dcdbd,https://github.com/heyns1000/omnigrid/blob/main/fullstack-app-extracted/Hello-there-What-kind-of-software-project-are-you-looking/.local/state/replit/agent/.agent_state_cce688eb0d4dbe321d79ff76607960e527df7a3b.bin
fullstack-app-extracted/Hello-there-What-kind-of-software-project-are-you-looking/.local/state/replit/agent/.agent_state_d5a0ba83c6cf45b4c93e46608ee0f75c28c8ea75.bin,7581,c083a6cfffc3bdc0593aae3f1e863d41391f9687,https://github.com/heyns1000/omnigrid/blob/main/fullstack-app-extracted/Hello-there-What-kind-of-software-project-are-you-looking/.local/state/replit/agent/.agent_state_d5a0ba83c6cf45b4c93e46608ee0f75c28c8ea75.bin
fullstack-app-extracted/Hello-there-What-kind-of-software-project-are-you-looking/.local/state/replit/agent/.agent_state_d678e69f8bd138366a58f77a4beb8e3b80d84645.bin,1306249,e4e97abbed6eff9be2cc5e429dd46aad0bba92c4,https://github.com/heyns1000/omnigrid/blob/main/fullstack-app-extracted/Hello-there-What-kind-of-software-project-are-you-looking/.local/state/replit/agent/.agent_state_d678e69f8bd138366a58f77a4beb8e3b80d84645.bin
fullstack-app-extracted/Hello-there-What-kind-of-software-project-are-you-looking/.local/state/replit/agent/.agent_state_d79724966e9c63318752ac52088240c44af01dc5.bin,240906,65bb5a4413934d9d4768d54e0185172ffacadb86,https://github.com/heyns1000/omnigrid/blob/main/fullstack-app-extracted/Hello-there-What-kind-of-software-project-are-you-looking/.local/state/replit/agent/.agent_state_d79724966e9c63318752ac52088240c44af01dc5.bin
fullstack-app-extracted/Hello-there-What-kind-of-software-project-are-you-looking/.local/state/replit/agent/.agent_state_e04c39c476afa2bd652eb5d2f569a6f4ca6905d5.bin,114122,631629226e490c09c8811f78a2bc776b618b5a03,https://github.com/heyns1000/omnigrid/blob/main/fullstack-app-extracted/Hello-there-What-kind-of-software-project-are-you-looking/.local/state/replit/agent/.agent_state_e04c39c476afa2bd652eb5d2f569a6f4ca6905d5.bin
fullstack-app-extracted/Hello-there-What-kind-of-software-project-are-you-looking/.local/state/replit/agent/.agent_state_e3a9fb93c9f2763ae28fca1c40009a4f5753d1d5.bin,1275490,e400a5b17deb6e62bc674d85c7b3010839b5faf0,https://github.com/heyns1000/omnigrid/blob/main/fullstack-app-extracted/Hello-there-What-kind-of-software-project-are-you-looking/.local/state/replit/agent/.agent_state_e3a9fb93c9f2763ae28fca1c40009a4f5753d1d5.bin
fullstack-app-extracted/Hello-there-What-kind-of-software-project-are-you-looking/.local/state/replit/agent/.agent_state_fc6933294688670c0a6c11365ea9e38111acd9a2.bin,1305596,fd91d5e3a7860b2cc976daae7e85715ef96239bf,https://github.com/heyns1000/omnigrid/blob/main/fullstack-app-extracted/Hello-there-What-kind-of-software-project-are-you-looking/.local/state/replit/agent/.agent_state_fc6933294688670c0a6c11365ea9e38111acd9a2.bin
fullstack-app-extracted/Hello-there-What-kind-of-software-project-are-you-looking/.local/state/replit/agent/.agent_state_main.bin,225716,18889ebf91e6dbdd5b3a6c244c491c2ed3527f3b,https://github.com/heyns1000/omnigrid/blob/main/fullstack-app-extracted/Hello-there-What-kind-of-software-project-are-you-looking/.local/state/replit/agent/.agent_state_main.bin
fullstack-app-extracted/Hello-there-What-kind-of-software-project-are-you-looking/.local/state/replit/agent/.latest.json,18,6a46732ddef38810f2cfd2456d2ad610d3162883,https://github.com/heyns1000/omnigrid/blob/main/fullstack-app-extracted/Hello-there-What-kind-of-software-project-are-you-looking/.local/state/replit/agent/.latest.json
fullstack-app-extracted/Hello-there-What-kind-of-software-project-are-you-looking/.local/state/replit/agent/design_reference/9f6b1114-87ca-4f7b-9c82-6ef83a193b56/386e81bd-98bb-4680-a7e9-be83bbffa353.html,76105,8c41bde9cea81065441ef2ac69907a47a55bc818,https://github.com/heyns1000/omnigrid/blob/main/fullstack-app-extracted/Hello-there-What-kind-of-software-project-are-you-looking/.local/state/replit/agent/design_reference/9f6b1114-87ca-4f7b-9c82-6ef83a193b56/386e81bd-98bb-4680-a7e9-be83bbffa353.html
fullstack-app-extracted/Hello-there-What-kind-of-software-project-are-you-looking/.local/state/replit/agent/design_reference/9f6b1114-87ca-4f7b-9c82-6ef83a193b56/433fe58c-9634-4f40-a3ed-1a10f0192192.html,39382,057aecff635482c9a12affb77be5cf710e5eed50,https://github.com/heyns1000/omnigrid/blob/main/fullstack-app-extracted/Hello-there-What-kind-of-software-project-are-you-looking/.local/state/replit/agent/design_reference/9f6b1114-87ca-4f7b-9c82-6ef83a193b56/433fe58c-9634-4f40-a3ed-1a10f0192192.html
fullstack-app-extracted/Hello-there-What-kind-of-software-project-are-you-looking/.local/state/replit/agent/design_reference/9f6b1114-87ca-4f7b-9c82-6ef83a193b56/5635b237-3469-4750-9c32-ade5ab5161df.html,45037,196643a40ef2fa2dc18cdc8f6e0dba35ba3e418d,https://github.com/heyns1000/omnigrid/blob/main/fullstack-app-extracted/Hello-there-What-kind-of-software-project-are-you-looking/.local/state/replit/agent/design_reference/9f6b1114-87ca-4f7b-9c82-6ef83a193b56/5635b237-3469-4750-9c32-ade5ab5161df.html
fullstack-app-extracted/Hello-there-What-kind-of-software-project-are-you-looking/.local/state/replit/agent/design_reference/9f6b1114-87ca-4f7b-9c82-6ef83a193b56/9126ddac-a12a-455d-b5a6-5de81f2c1479.html,59908,c197b8b155ef617f366d04c76ae24f9892685656,https://github.com/heyns1000/omnigrid/blob/main/fullstack-app-extracted/Hello-there-What-kind-of-software-project-are-you-looking/.local/state/replit/agent/design_reference/9f6b1114-87ca-4f7b-9c82-6ef83a193b56/9126ddac-a12a-455d-b5a6-5de81f2c1479.html
fullstack-app-extracted/Hello-there-What-kind-of-software-project-are-you-looking/.local/state/replit/agent/design_reference/9f6b1114-87ca-4f7b-9c82-6ef83a193b56/93f62659-a101-43fb-829d-c9978ee99012.html,49771,b72af2134f98e51070092f2e836179402674d4f5,https://github.com/heyns1000/omnigrid/blob/main/fullstack-app-extracted/Hello-there-What-kind-of-software-project-are-you-looking/.local/state/replit/agent/design_reference/9f6b1114-87ca-4f7b-9c82-6ef83a193b56/93f62659-a101-43fb-829d-c9978ee99012.html
fullstack-app-extracted/Hello-there-What-kind-of-software-project-are-you-looking/.local/state/replit/agent/filesystem/filesystem_state.json,1826675,7e3be2392a4d2207e3921e9d7c1c178a47ad8755,https://github.com/heyns1000/omnigrid/blob/main/fullstack-app-extracted/Hello-there-What-kind-of-software-project-are-you-looking/.local/state/replit/agent/filesystem/filesystem_state.json
fullstack-app-extracted/Hello-there-What-kind-of-software-project-are-you-looking/.local/state/replit/agent/rapid_build_started,0,e69de29bb2d1d6434b8b29ae775ad8c2e48c5391,https://github.com/heyns1000/omnigrid/blob/main/fullstack-app-extracted/Hello-there-What-kind-of-software-project-are-you-looking/.local/state/replit/agent/rapid_build_started
fullstack-app-extracted/Hello-there-What-kind-of-software-project-are-you-looking/.local/state/replit/agent/rapid_build_success,0,e69de29bb2d1d6434b8b29ae775ad8c2e48c5391,https://github.com/heyns1000/omnigrid/blob/main/fullstack-app-extracted/Hello-there-What-kind-of-software-project-are-you-looking/.local/state/replit/agent/rapid_build_success
fullstack-app-extracted/Hello-there-What-kind-of-software-project-are-you-looking/.local/state/replit/agent/repl_state.bin,5510,7737b40fee4f7d8c41b8497de4ab2eaeccd8bba1,https://github.com/heyns1000/omnigrid/blob/main/fullstack-app-extracted/Hello-there-What-kind-of-software-project-are-you-looking/.local/state/replit/agent/repl_state.bin
fullstack-app-extracted/Hello-there-What-kind-of-software-project-are-you-looking/.replit,712,99188485fd870b60b3d9cdd43187461ab82c258d,https://github.com/heyns1000/omnigrid/blob/main/fullstack-app-extracted/Hello-there-What-kind-of-software-project-are-you-looking/.replit
fullstack-app-extracted/Hello-there-What-kind-of-software-project-are-you-looking/attached_assets/Fruiful_1757075797113.png,22012,fe149f7953271ff0249cd12851458e8286156553,https://github.com/heyns1000/omnigrid/blob/main/fullstack-app-extracted/Hello-there-What-kind-of-software-project-are-you-looking/attached_assets/Fruiful_1757075797113.png
fullstack-app-extracted/Hello-there-What-kind-of-software-project-are-you-looking/attached_assets/Pasted--DOCTYPE-html-html-lang-en-head-meta-charset-UTF-8-meta-name-viewport-conten-1753727761894_1753727761897.txt,212695,c68d2ba03fbb9ce7a41e56fd0fe05bbb2ab11fd0,https://github.com/heyns1000/omnigrid/blob/main/fullstack-app-extracted/Hello-there-What-kind-of-software-project-are-you-looking/attached_assets/Pasted--DOCTYPE-html-html-lang-en-head-meta-charset-UTF-8-meta-name-viewport-conten-1753727761894_1753727761897.txt
fullstack-app-extracted/Hello-there-What-kind-of-software-project-are-you-looking/attached_assets/Pasted--DOCTYPE-html-html-lang-en-head-meta-charset-UTF-8-meta-name-viewport-content-1753728127918_1753728127921.txt,41459,8a57974eac19efb58fd2b140825f2b9a009de17e,https://github.com/heyns1000/omnigrid/blob/main/fullstack-app-extracted/Hello-there-What-kind-of-software-project-are-you-looking/attached_assets/Pasted--DOCTYPE-html-html-lang-en-head-meta-charset-UTF-8-meta-name-viewport-content-1753728127918_1753728127921.txt
fullstack-app-extracted/Hello-there-What-kind-of-software-project-are-you-looking/attached_assets/Pasted--DOCTYPE-html-html-lang-en-head-meta-charset-UTF-8-meta-name-viewport-content-1753728339876_1753728339878.txt,78723,4bfd83a01b0556b2f526f2e13310063466a86686,https://github.com/heyns1000/omnigrid/blob/main/fullstack-app-extracted/Hello-there-What-kind-of-software-project-are-you-looking/attached_assets/Pasted--DOCTYPE-html-html-lang-en-head-meta-charset-UTF-8-meta-name-viewport-content-1753728339876_1753728339878.txt
fullstack-app-extracted/Hello-there-What-kind-of-software-project-are-you-looking/attached_assets/Pasted--DOCTYPE-html-html-lang-en-head-meta-charset-UTF-8-meta-name-viewport-content-1753728424796_1753728424800.txt,170365,6f4d641d6e6e3963161bd93946d6805c2fc61535,https://github.com/heyns1000/omnigrid/blob/main/fullstack-app-extracted/Hello-there-What-kind-of-software-project-are-you-looking/attached_assets/Pasted--DOCTYPE-html-html-lang-en-head-meta-charset-UTF-8-meta-name-viewport-content-1753728424796_1753728424800.txt
fullstack-app-extracted/Hello-there-What-kind-of-software-project-are-you-looking/attached_assets/Pasted--DOCTYPE-html-html-lang-en-head-meta-charset-UTF-8-meta-name-viewport-content-1753728500303_1753728500306.txt,41460,e77a25c1690482ff4f8c7d1c7994e22bb5cd38de,https://github.com/heyns1000/omnigrid/blob/main/fullstack-app-extracted/Hello-there-What-kind-of-software-project-are-you-looking/attached_assets/Pasted--DOCTYPE-html-html-lang-en-head-meta-charset-UTF-8-meta-name-viewport-content-1753728500303_1753728500306.txt
fullstack-app-extracted/Hello-there-What-kind-of-software-project-are-you-looking/attached_assets/Pasted--DOCTYPE-html-html-lang-en-head-meta-charset-UTF-8-meta-name-viewport-content-1753728650185_1753728650188.txt,216827,4a79e256f1e46343d484e3a2b8fd4a783ec39d3f,https://github.com/heyns1000/omnigrid/blob/main/fullstack-app-extracted/Hello-there-What-kind-of-software-project-are-you-looking/attached_assets/Pasted--DOCTYPE-html-html-lang-en-head-meta-charset-UTF-8-meta-name-viewport-content-1753728650185_1753728650188.txt
fullstack-app-extracted/Hello-there-What-kind-of-software-project-are-you-looking/attached_assets/Pasted--DOCTYPE-html-html-lang-en-head-meta-charset-UTF-8-meta-name-viewport-content-1753730563716_1753730563719.txt,216827,4a79e256f1e46343d484e3a2b8fd4a783ec39d3f,https://github.com/heyns1000/omnigrid/blob/main/fullstack-app-extracted/Hello-there-What-kind-of-software-project-are-you-looking/attached_assets/Pasted--DOCTYPE-html-html-lang-en-head-meta-charset-UTF-8-meta-name-viewport-content-1753730563716_1753730563719.txt
fullstack-app-extracted/Hello-there-What-kind-of-software-project-are-you-looking/attached_assets/Pasted--DOCTYPE-html-html-lang-en-head-meta-charset-UTF-8-meta-name-viewport-content-1753730607571_1753730607572.txt,78723,4bfd83a01b0556b2f526f2e13310063466a86686,https://github.com/heyns1000/omnigrid/blob/main/fullstack-app-extracted/Hello-there-What-kind-of-software-project-are-you-looking/attached_assets/Pasted--DOCTYPE-html-html-lang-en-head-meta-charset-UTF-8-meta-name-viewport-content-1753730607571_1753730607572.txt
fullstack-app-extracted/Hello-there-What-kind-of-software-project-are-you-looking/attached_assets/Pasted--DOCTYPE-html-html-lang-en-head-meta-charset-UTF-8-meta-name-viewport-content-1753730751456_1753730751458.txt,5140,c5dba0d0bb62f2e63762be9cc1b07299603e1dbd,https://github.com/heyns1000/omnigrid/blob/main/fullstack-app-extracted/Hello-there-What-kind-of-software-project-are-you-looking/attached_assets/Pasted--DOCTYPE-html-html-lang-en-head-meta-charset-UTF-8-meta-name-viewport-content-1753730751456_1753730751458.txt
fullstack-app-extracted/Hello-there-What-kind-of-software-project-are-you-looking/attached_assets/Pasted--DOCTYPE-html-html-lang-en-head-meta-charset-UTF-8-meta-name-viewport-content-1753730797853_1753730797855.txt,170365,6f4d641d6e6e3963161bd93946d6805c2fc61535,https://github.com/heyns1000/omnigrid/blob/main/fullstack-app-extracted/Hello-there-What-kind-of-software-project-are-you-looking/attached_assets/Pasted--DOCTYPE-html-html-lang-en-head-meta-charset-UTF-8-meta-name-viewport-content-1753730797853_1753730797855.txt
fullstack-app-extracted/Hello-there-What-kind-of-software-project-are-you-looking/attached_assets/Pasted--DOCTYPE-html-html-lang-en-head-meta-charset-UTF-8-meta-name-viewport-content-1753731844821_1753731844826.txt,216827,4a79e256f1e46343d484e3a2b8fd4a783ec39d3f,https://github.com/heyns1000/omnigrid/blob/main/fullstack-app-extracted/Hello-there-What-kind-of-software-project-are-you-looking/attached_assets/Pasted--DOCTYPE-html-html-lang-en-head-meta-charset-UTF-8-meta-name-viewport-content-1753731844821_1753731844826.txt
fullstack-app-extracted/Hello-there-What-kind-of-software-project-are-you-looking/attached_assets/Pasted--DOCTYPE-html-html-lang-en-head-meta-charset-UTF-8-meta-name-viewport-content-1753733259848_1753733259851.txt,216827,4a79e256f1e46343d484e3a2b8fd4a783ec39d3f,https://github.com/heyns1000/omnigrid/blob/main/fullstack-app-extracted/Hello-there-What-kind-of-software-project-are-you-looking/attached_assets/Pasted--DOCTYPE-html-html-lang-en-head-meta-charset-UTF-8-meta-name-viewport-content-1753733259848_1753733259851.txt
fullstack-app-extracted/Hello-there-What-kind-of-software-project-are-you-looking/attached_assets/Pasted--DOCTYPE-html-html-lang-en-head-meta-charset-UTF-8-meta-name-viewport-content-1753733430583_1753733430584.txt,78723,4bfd83a01b0556b2f526f2e13310063466a86686,https://github.com/heyns1000/omnigrid/blob/main/fullstack-app-extracted/Hello-there-What-kind-of-software-project-are-you-looking/attached_assets/Pasted--DOCTYPE-html-html-lang-en-head-meta-charset-UTF-8-meta-name-viewport-content-1753733430583_1753733430584.txt
fullstack-app-extracted/Hello-there-What-kind-of-software-project-are-you-looking/attached_assets/Pasted--DOCTYPE-html-html-lang-en-head-meta-charset-UTF-8-meta-name-viewport-content-1753734635359_1753734635360.txt,78723,4bfd83a01b0556b2f526f2e13310063466a86686,https://github.com/heyns1000/omnigrid/blob/main/fullstack-app-extracted/Hello-there-What-kind-of-software-project-are-you-looking/attached_assets/Pasted--DOCTYPE-html-html-lang-en-head-meta-charset-UTF-8-meta-name-viewport-content-1753734635359_1753734635360.txt
fullstack-app-extracted/Hello-there-What-kind-of-software-project-are-you-looking/attached_assets/Pasted--DOCTYPE-html-html-lang-en-head-meta-charset-UTF-8-meta-name-viewport-content-wi-1753729442788_1753729442789.txt,38264,6f556acef4f3d6969c736749d0e035ca1a5674fb,https://github.com/heyns1000/omnigrid/blob/main/fullstack-app-extracted/Hello-there-What-kind-of-software-project-are-you-looking/attached_assets/Pasted--DOCTYPE-html-html-lang-en-head-meta-charset-UTF-8-meta-name-viewport-content-wi-1753729442788_1753729442789.txt
fullstack-app-extracted/Hello-there-What-kind-of-software-project-are-you-looking/attached_assets/Pasted--coding-utf-8-import-os-import-json-import-shutil-Added-for-shutil-rmtree-import-textwra-1753727416723_1753727416725.txt,127715,dd26abd8e67be74aee938ecb26a6179a771ea388,https://github.com/heyns1000/omnigrid/blob/main/fullstack-app-extracted/Hello-there-What-kind-of-software-project-are-you-looking/attached_assets/Pasted--coding-utf-8-import-os-import-json-import-shutil-Added-for-shutil-rmtree-import-textwra-1753727416723_1753727416725.txt
fullstack-app-extracted/Hello-there-What-kind-of-software-project-are-you-looking/attached_assets/Pasted--coding-utf-8-import-os-import-json-import-shutil-Added-for-shutil-rmtree-import-textwra-1753805665993_1753805665995.txt,85135,363f3e24916903f1aae0b2caa330efaf1d09fbc9,https://github.com/heyns1000/omnigrid/blob/main/fullstack-app-extracted/Hello-there-What-kind-of-software-project-are-you-looking/attached_assets/Pasted--coding-utf-8-import-os-import-json-import-shutil-Added-for-shutil-rmtree-import-textwra-1753805665993_1753805665995.txt
fullstack-app-extracted/Hello-there-What-kind-of-software-project-are-you-looking/attached_assets/Screenshot 2025-07-28 at 21.13.01_1753729983610.png,70622,1108a83b98141a7921114b8217e67cd0fe9031c5,https://github.com/heyns1000/omnigrid/blob/main/fullstack-app-extracted/Hello-there-What-kind-of-software-project-are-you-looking/attached_assets/Screenshot 2025-07-28 at 21.13.01_1753729983610.png
fullstack-app-extracted/Hello-there-What-kind-of-software-project-are-you-looking/attached_assets/Screenshot 2025-07-28 at 21.27.39_1753730862682.png,49553,1ec8af4a45afeec4ca71f632b12b38614a422d62,https://github.com/heyns1000/omnigrid/blob/main/fullstack-app-extracted/Hello-there-What-kind-of-software-project-are-you-looking/attached_assets/Screenshot 2025-07-28 at 21.27.39_1753730862682.png
fullstack-app-extracted/Hello-there-What-kind-of-software-project-are-you-looking/attached_assets/Screenshot 2025-07-28 at 21.39.52_1753731594534.png,97784,60b9a61892af981df0956e9c8122e74f37b31a51,https://github.com/heyns1000/omnigrid/blob/main/fullstack-app-extracted/Hello-there-What-kind-of-software-project-are-you-looking/attached_assets/Screenshot 2025-07-28 at 21.39.52_1753731594534.png
fullstack-app-extracted/Hello-there-What-kind-of-software-project-are-you-looking/attached_assets/Screenshot 2025-07-28 at 21.49.42_1753732186268.png,166282,1e90beebb016525c68894cf283ed7aff12069614,https://github.com/heyns1000/omnigrid/blob/main/fullstack-app-extracted/Hello-there-What-kind-of-software-project-are-you-looking/attached_assets/Screenshot 2025-07-28 at 21.49.42_1753732186268.png
fullstack-app-extracted/Hello-there-What-kind-of-software-project-are-you-looking/attached_assets/Screenshot 2025-07-28 at 21.50.02_1753732206772.png,197938,75da1655794a037a1b911207a09ab6b20cd11b3e,https://github.com/heyns1000/omnigrid/blob/main/fullstack-app-extracted/Hello-there-What-kind-of-software-project-are-you-looking/attached_assets/Screenshot 2025-07-28 at 21.50.02_1753732206772.png
fullstack-app-extracted/Hello-there-What-kind-of-software-project-are-you-looking/attached_assets/Screenshot 2025-07-28 at 21.50.19_1753732225176.png,481566,77c4f1b2fd0727a57ee247b3e20d8943d1950e52,https://github.com/heyns1000/omnigrid/blob/main/fullstack-app-extracted/Hello-there-What-kind-of-software-project-are-you-looking/attached_assets/Screenshot 2025-07-28 at 21.50.19_1753732225176.png
fullstack-app-extracted/Hello-there-What-kind-of-software-project-are-you-looking/attached_assets/Screenshot 2025-07-28 at 21.51.01_1753732276540.png,713247,e7ac4a935477ade8db13aae18de9e8e652807703,https://github.com/heyns1000/omnigrid/blob/main/fullstack-app-extracted/Hello-there-What-kind-of-software-project-are-you-looking/attached_assets/Screenshot 2025-07-28 at 21.51.01_1753732276540.png
fullstack-app-extracted/Hello-there-What-kind-of-software-project-are-you-looking/attached_assets/Screenshot 2025-07-28 at 21.51.21_1753732290595.png,420640,603de4ebae02a6cef1e6ec4ae433558d9de95b8b,https://github.com/heyns1000/omnigrid/blob/main/fullstack-app-extracted/Hello-there-What-kind-of-software-project-are-you-looking/attached_assets/Screenshot 2025-07-28 at 21.51.21_1753732290595.png
fullstack-app-extracted/Hello-there-What-kind-of-software-project-are-you-looking/attached_assets/Screenshot 2025-07-28 at 21.51.40_1753732306940.png,98334,c8f56f36ce078ab64bcab3ee078f665ea4f33673,https://github.com/heyns1000/omnigrid/blob/main/fullstack-app-extracted/Hello-there-What-kind-of-software-project-are-you-looking/attached_assets/Screenshot 2025-07-28 at 21.51.40_1753732306940.png
fullstack-app-extracted/Hello-there-What-kind-of-software-project-are-you-looking/attached_assets/Screenshot 2025-07-28 at 21.52.05_1753732329235.png,184298,d6f88baa7a88e157f8d20ec2eafb8b72407e6ad9,https://github.com/heyns1000/omnigrid/blob/main/fullstack-app-extracted/Hello-there-What-kind-of-software-project-are-you-looking/attached_assets/Screenshot 2025-07-28 at 21.52.05_1753732329235.png
fullstack-app-extracted/Hello-there-What-kind-of-software-project-are-you-looking/attached_assets/Screenshot 2025-07-28 at 22.04.39_1753733081835.png,182277,8edb4ade110eb2911264fa1fe50bd0e213f9c5ff,https://github.com/heyns1000/omnigrid/blob/main/fullstack-app-extracted/Hello-there-What-kind-of-software-project-are-you-looking/attached_assets/Screenshot 2025-07-28 at 22.04.39_1753733081835.png
fullstack-app-extracted/Hello-there-What-kind-of-software-project-are-you-looking/attached_assets/Screenshot 2025-07-28 at 22.04.56_1753733098462.png,55941,41d6fa77869a74650c78b88d20dbe15fe3dfa177,https://github.com/heyns1000/omnigrid/blob/main/fullstack-app-extracted/Hello-there-What-kind-of-software-project-are-you-looking/attached_assets/Screenshot 2025-07-28 at 22.04.56_1753733098462.png
fullstack-app-extracted/Hello-there-What-kind-of-software-project-are-you-looking/attached_assets/Screenshot 2025-07-28 at 22.08.26_1753733308574.png,126216,c3aa2394db0d0e17f115aad8dfa76c3dd4fe361b,https://github.com/heyns1000/omnigrid/blob/main/fullstack-app-extracted/Hello-there-What-kind-of-software-project-are-you-looking/attached_assets/Screenshot 2025-07-28 at 22.08.26_1753733308574.png
fullstack-app-extracted/Hello-there-What-kind-of-software-project-are-you-looking/attached_assets/Screenshot 2025-07-28 at 22.10.01_1753733402841.png,543856,4439766cf5790afce9cc7e72cc4e0bcd6ee5e8bf,https://github.com/heyns1000/omnigrid/blob/main/fullstack-app-extracted/Hello-there-What-kind-of-software-project-are-you-looking/attached_assets/Screenshot 2025-07-28 at 22.10.01_1753733402841.png
fullstack-app-extracted/Hello-there-What-kind-of-software-project-are-you-looking/attached_assets/Screenshot 2025-07-28 at 22.11.01_1753733462974.png,54681,868837a04472f34d6c031763181759919ace0965,https://github.com/heyns1000/omnigrid/blob/main/fullstack-app-extracted/Hello-there-What-kind-of-software-project-are-you-looking/attached_assets/Screenshot 2025-07-28 at 22.11.01_1753733462974.png
fullstack-app-extracted/Hello-there-What-kind-of-software-project-are-you-looking/attached_assets/Screenshot 2025-07-28 at 22.12.04_1753733526821.png,119452,9be71dcea286359eb8040c22c1163f90c1dba063,https://github.com/heyns1000/omnigrid/blob/main/fullstack-app-extracted/Hello-there-What-kind-of-software-project-are-you-looking/attached_assets/Screenshot 2025-07-28 at 22.12.04_1753733526821.png
fullstack-app-extracted/Hello-there-What-kind-of-software-project-are-you-looking/attached_assets/Screenshot 2025-07-28 at 22.13.17_1753733609049.png,114377,94b2ada4740bec4f5023ee1084543099831bda58,https://github.com/heyns1000/omnigrid/blob/main/fullstack-app-extracted/Hello-there-What-kind-of-software-project-are-you-looking/attached_assets/Screenshot 2025-07-28 at 22.13.17_1753733609049.png
fullstack-app-extracted/Hello-there-What-kind-of-software-project-are-you-looking/attached_assets/Screenshot 2025-07-28 at 22.15.32_1753733734115.png,118276,e799418a8db7f59b3e27f3cdb101339ec484995e,https://github.com/heyns1000/omnigrid/blob/main/fullstack-app-extracted/Hello-there-What-kind-of-software-project-are-you-looking/attached_assets/Screenshot 2025-07-28 at 22.15.32_1753733734115.png
fullstack-app-extracted/Hello-there-What-kind-of-software-project-are-you-looking/attached_assets/Screenshot 2025-07-28 at 22.16.36_1753733798991.png,116140,1a97e91eaf3d072ee79a15517ee1de60b8feb903,https://github.com/heyns1000/omnigrid/blob/main/fullstack-app-extracted/Hello-there-What-kind-of-software-project-are-you-looking/attached_assets/Screenshot 2025-07-28 at 22.16.36_1753733798991.png
fullstack-app-extracted/Hello-there-What-kind-of-software-project-are-you-looking/attached_assets/Screenshot 2025-07-28 at 22.18.22_1753733906544.png,141241,8e1ccce4a90bc7bb1e0f8c00544e6c436d60dc26,https://github.com/heyns1000/omnigrid/blob/main/fullstack-app-extracted/Hello-there-What-kind-of-software-project-are-you-looking/attached_assets/Screenshot 2025-07-28 at 22.18.22_1753733906544.png
fullstack-app-extracted/Hello-there-What-kind-of-software-project-are-you-looking/attached_assets/Screenshot 2025-07-28 at 22.19.38_1753733981081.png,567418,b2d5b9afa1125d76273c2da364abc25daf551abd,https://github.com/heyns1000/omnigrid/blob/main/fullstack-app-extracted/Hello-there-What-kind-of-software-project-are-you-looking/attached_assets/Screenshot 2025-07-28 at 22.19.38_1753733981081.png
fullstack-app-extracted/Hello-there-What-kind-of-software-project-are-you-looking/attached_assets/Screenshot 2025-07-28 at 22.21.14_1753734078248.png,469690,9e5a39fac0a30abf987a014bfd123556a063d763,https://github.com/heyns1000/omnigrid/blob/main/fullstack-app-extracted/Hello-there-What-kind-of-software-project-are-you-looking/attached_assets/Screenshot 2025-07-28 at 22.21.14_1753734078248.png
fullstack-app-extracted/Hello-there-What-kind-of-software-project-are-you-looking/attached_assets/Screenshot 2025-07-28 at 22.22.40_1753734178618.png,475874,68470c6b35b7c2d7c28fb35757b44641afdd9b63,https://github.com/heyns1000/omnigrid/blob/main/fullstack-app-extracted/Hello-there-What-kind-of-software-project-are-you-looking/attached_assets/Screenshot 2025-07-28 at 22.22.40_1753734178618.png
fullstack-app-extracted/Hello-there-What-kind-of-software-project-are-you-looking/attached_assets/Screenshot 2025-07-28 at 22.25.49_1753734371137.png,484802,28835d1692b93e7b94f575be28caf1ea76edb154,https://github.com/heyns1000/omnigrid/blob/main/fullstack-app-extracted/Hello-there-What-kind-of-software-project-are-you-looking/attached_assets/Screenshot 2025-07-28 at 22.25.49_1753734371137.png
fullstack-app-extracted/Hello-there-What-kind-of-software-project-are-you-looking/attached_assets/Screenshot 2025-07-28 at 22.28.57_1753734540939.png,568579,956af2e843b57fdf5798f8f5f79f5a4fc48f6486,https://github.com/heyns1000/omnigrid/blob/main/fullstack-app-extracted/Hello-there-What-kind-of-software-project-are-you-looking/attached_assets/Screenshot 2025-07-28 at 22.28.57_1753734540939.png
fullstack-app-extracted/Hello-there-What-kind-of-software-project-are-you-looking/attached_assets/Screenshot 2025-07-28 at 22.29.45_1753734596895.png,569191,7079fc51fe8443ac0acc1ed8a364cf20dae5db53,https://github.com/heyns1000/omnigrid/blob/main/fullstack-app-extracted/Hello-there-What-kind-of-software-project-are-you-looking/attached_assets/Screenshot 2025-07-28 at 22.29.45_1753734596895.png
fullstack-app-extracted/Hello-there-What-kind-of-software-project-are-you-looking/attached_assets/Screenshot 2025-07-28 at 22.31.01_1753734663604.png,567260,fac4d9a21a3788ed7fea6afbb4be5d644def7d27,https://github.com/heyns1000/omnigrid/blob/main/fullstack-app-extracted/Hello-there-What-kind-of-software-project-are-you-looking/attached_assets/Screenshot 2025-07-28 at 22.31.01_1753734663604.png
fullstack-app-extracted/Hello-there-What-kind-of-software-project-are-you-looking/attached_assets/Screenshot 2025-07-28 at 22.31.41_1753734703513.png,570708,b49ef4639e0d90ad21ba6a6c0f5a01106d488ff7,https://github.com/heyns1000/omnigrid/blob/main/fullstack-app-extracted/Hello-there-What-kind-of-software-project-are-you-looking/attached_assets/Screenshot 2025-07-28 at 22.31.41_1753734703513.png
fullstack-app-extracted/Hello-there-What-kind-of-software-project-are-you-looking/attached_assets/Screenshot 2025-07-28 at 22.34.03_1753734847112.png,52481,a390dd0a13b938b9f8612ad9b16498a5b3441de3,https://github.com/heyns1000/omnigrid/blob/main/fullstack-app-extracted/Hello-there-What-kind-of-software-project-are-you-looking/attached_assets/Screenshot 2025-07-28 at 22.34.03_1753734847112.png
fullstack-app-extracted/Hello-there-What-kind-of-software-project-are-you-looking/attached_assets/Screenshot 2025-07-28 at 22.38.44_1753735125992.png,47516,ca587ed6a9d9fd66c115b47c14bb5201bd30c54b,https://github.com/heyns1000/omnigrid/blob/main/fullstack-app-extracted/Hello-there-What-kind-of-software-project-are-you-looking/attached_assets/Screenshot 2025-07-28 at 22.38.44_1753735125992.png
fullstack-app-extracted/Hello-there-What-kind-of-software-project-are-you-looking/attached_assets/Screenshot 2025-07-28 at 22.38.56_1753735138207.png,70135,bd857cfeea84bf6c9c7cb4768a11957f0a252bcb,https://github.com/heyns1000/omnigrid/blob/main/fullstack-app-extracted/Hello-there-What-kind-of-software-project-are-you-looking/attached_assets/Screenshot 2025-07-28 at 22.38.56_1753735138207.png
fullstack-app-extracted/Hello-there-What-kind-of-software-project-are-you-looking/attached_assets/Screenshot 2025-07-28 at 22.40.26_1753735229232.png,42093,ed1edb269ffda5d6361f931743461e21290f9db3,https://github.com/heyns1000/omnigrid/blob/main/fullstack-app-extracted/Hello-there-What-kind-of-software-project-are-you-looking/attached_assets/Screenshot 2025-07-28 at 22.40.26_1753735229232.png
fullstack-app-extracted/Hello-there-What-kind-of-software-project-are-you-looking/attached_assets/Screenshot 2025-07-28 at 22.51.39_1753735902131.png,46057,4cc5a10d554559bbbb275fafd54b5fc773629b8e,https://github.com/heyns1000/omnigrid/blob/main/fullstack-app-extracted/Hello-there-What-kind-of-software-project-are-you-looking/attached_assets/Screenshot 2025-07-28 at 22.51.39_1753735902131.png
fullstack-app-extracted/Hello-there-What-kind-of-software-project-are-you-looking/attached_assets/Screenshot 2025-07-28 at 22.57.33_1753736268755.png,44292,9afcbacc5160e92b222654ae6103341d4fdf34c5,https://github.com/heyns1000/omnigrid/blob/main/fullstack-app-extracted/Hello-there-What-kind-of-software-project-are-you-looking/attached_assets/Screenshot 2025-07-28 at 22.57.33_1753736268755.png
fullstack-app-extracted/Hello-there-What-kind-of-software-project-are-you-looking/attached_assets/Screenshot 2025-07-29 at 18.15.08_1753805711500.png,54885,4a44eaae5d81bcc29debe3cc6380a901ee2f9fd3,https://github.com/heyns1000/omnigrid/blob/main/fullstack-app-extracted/Hello-there-What-kind-of-software-project-are-you-looking/attached_assets/Screenshot 2025-07-29 at 18.15.08_1753805711500.png
fullstack-app-extracted/Hello-there-What-kind-of-software-project-are-you-looking/attached_assets/Screenshot 2025-09-07 at 08.27.11_1757226437155.png,684580,929fd41d6812cf390986e159957dcf184fdfc8ae,https://github.com/heyns1000/omnigrid/blob/main/fullstack-app-extracted/Hello-there-What-kind-of-software-project-are-you-looking/attached_assets/Screenshot 2025-09-07 at 08.27.11_1757226437155.png
fullstack-app-extracted/Hello-there-What-kind-of-software-project-are-you-looking/attached_assets/targeted_element_1755915321394.png,45605,a959d35a5d98540dbb4b36a9a6cf459309befa77,https://github.com/heyns1000/omnigrid/blob/main/fullstack-app-extracted/Hello-there-What-kind-of-software-project-are-you-looking/attached_assets/targeted_element_1755915321394.png
fullstack-app-extracted/Hello-there-What-kind-of-software-project-are-you-looking/backup/attached_assets/Pasted--DOCTYPE-html-html-lang-en-head-meta-charset-UTF-8-meta-name-viewport-conten-1753727761894_1753727761897.txt,212695,c68d2ba03fbb9ce7a41e56fd0fe05bbb2ab11fd0,https://github.com/heyns1000/omnigrid/blob/main/fullstack-app-extracted/Hello-there-What-kind-of-software-project-are-you-looking/backup/attached_assets/Pasted--DOCTYPE-html-html-lang-en-head-meta-charset-UTF-8-meta-name-viewport-conten-1753727761894_1753727761897.txt
fullstack-app-extracted/Hello-there-What-kind-of-software-project-are-you-looking/backup/attached_assets/Pasted--DOCTYPE-html-html-lang-en-head-meta-charset-UTF-8-meta-name-viewport-content-1753728127918_1753728127921.txt,41459,8a57974eac19efb58fd2b140825f2b9a009de17e,https://github.com/heyns1000/omnigrid/blob/main/fullstack-app-extracted/Hello-there-What-kind-of-software-project-are-you-looking/backup/attached_assets/Pasted--DOCTYPE-html-html-lang-en-head-meta-charset-UTF-8-meta-name-viewport-content-1753728127918_1753728127921.txt
fullstack-app-extracted/Hello-there-What-kind-of-software-project-are-you-looking/backup/attached_assets/Pasted--DOCTYPE-html-html-lang-en-head-meta-charset-UTF-8-meta-name-viewport-content-1753728339876_1753728339878.txt,78723,4bfd83a01b0556b2f526f2e13310063466a86686,https://github.com/heyns1000/omnigrid/blob/main/fullstack-app-extracted/Hello-there-What-kind-of-software-project-are-you-looking/backup/attached_assets/Pasted--DOCTYPE-html-html-lang-en-head-meta-charset-UTF-8-meta-name-viewport-content-1753728339876_1753728339878.txt
fullstack-app-extracted/Hello-there-What-kind-of-software-project-are-you-looking/backup/attached_assets/Pasted--DOCTYPE-html-html-lang-en-head-meta-charset-UTF-8-meta-name-viewport-content-1753728424796_1753728424800.txt,170365,6f4d641d6e6e3963161bd93946d6805c2fc61535,https://github.com/heyns1000/omnigrid/blob/main/fullstack-app-extracted/Hello-there-What-kind-of-software-project-are-you-looking/backup/attached_assets/Pasted--DOCTYPE-html-html-lang-en-head-meta-charset-UTF-8-meta-name-viewport-content-1753728424796_1753728424800.txt
fullstack-app-extracted/Hello-there-What-kind-of-software-project-are-you-looking/backup/attached_assets/Pasted--DOCTYPE-html-html-lang-en-head-meta-charset-UTF-8-meta-name-viewport-content-1753728500303_1753728500306.txt,41460,e77a25c1690482ff4f8c7d1c7994e22bb5cd38de,https://github.com/heyns1000/omnigrid/blob/main/fullstack-app-extracted/Hello-there-What-kind-of-software-project-are-you-looking/backup/attached_assets/Pasted--DOCTYPE-html-html-lang-en-head-meta-charset-UTF-8-meta-name-viewport-content-1753728500303_1753728500306.txt
fullstack-app-extracted/Hello-there-What-kind-of-software-project-are-you-looking/backup/attached_assets/Pasted--DOCTYPE-html-html-lang-en-head-meta-charset-UTF-8-meta-name-viewport-content-1753728650185_1753728650188.txt,216827,4a79e256f1e46343d484e3a2b8fd4a783ec39d3f,https://github.com/heyns1000/omnigrid/blob/main/fullstack-app-extracted/Hello-there-What-kind-of-software-project-are-you-looking/backup/attached_assets/Pasted--DOCTYPE-html-html-lang-en-head-meta-charset-UTF-8-meta-name-viewport-content-1753728650185_1753728650188.txt
fullstack-app-extracted/Hello-there-What-kind-of-software-project-are-you-looking/backup/attached_assets/Pasted--DOCTYPE-html-html-lang-en-head-meta-charset-UTF-8-meta-name-viewport-content-1753730563716_1753730563719.txt,216827,4a79e256f1e46343d484e3a2b8fd4a783ec39d3f,https://github.com/heyns1000/omnigrid/blob/main/fullstack-app-extracted/Hello-there-What-kind-of-software-project-are-you-looking/backup/attached_assets/Pasted--DOCTYPE-html-html-lang-en-head-meta-charset-UTF-8-meta-name-viewport-content-1753730563716_1753730563719.txt
fullstack-app-extracted/Hello-there-What-kind-of-software-project-are-you-looking/backup/attached_assets/Pasted--DOCTYPE-html-html-lang-en-head-meta-charset-UTF-8-meta-name-viewport-content-1753730607571_1753730607572.txt,78723,4bfd83a01b0556b2f526f2e13310063466a86686,https://github.com/heyns1000/omnigrid/blob/main/fullstack-app-extracted/Hello-there-What-kind-of-software-project-are-you-looking/backup/attached_assets/Pasted--DOCTYPE-html-html-lang-en-head-meta-charset-UTF-8-meta-name-viewport-content-1753730607571_1753730607572.txt
fullstack-app-extracted/Hello-there-What-kind-of-software-project-are-you-looking/backup/attached_assets/Pasted--DOCTYPE-html-html-lang-en-head-meta-charset-UTF-8-meta-name-viewport-content-1753730751456_1753730751458.txt,5140,c5dba0d0bb62f2e63762be9cc1b07299603e1dbd,https://github.com/heyns1000/omnigrid/blob/main/fullstack-app-extracted/Hello-there-What-kind-of-software-project-are-you-looking/backup/attached_assets/Pasted--DOCTYPE-html-html-lang-en-head-meta-charset-UTF-8-meta-name-viewport-content-1753730751456_1753730751458.txt
fullstack-app-extracted/Hello-there-What-kind-of-software-project-are-you-looking/backup/attached_assets/Pasted--DOCTYPE-html-html-lang-en-head-meta-charset-UTF-8-meta-name-viewport-content-1753730797853_1753730797855.txt,170365,6f4d641d6e6e3963161bd93946d6805c2fc61535,https://github.com/heyns1000/omnigrid/blob/main/fullstack-app-extracted/Hello-there-What-kind-of-software-project-are-you-looking/backup/attached_assets/Pasted--DOCTYPE-html-html-lang-en-head-meta-charset-UTF-8-meta-name-viewport-content-1753730797853_1753730797855.txt
fullstack-app-extracted/Hello-there-What-kind-of-software-project-are-you-looking/backup/attached_assets/Pasted--DOCTYPE-html-html-lang-en-head-meta-charset-UTF-8-meta-name-viewport-content-1753731844821_1753731844826.txt,216827,4a79e256f1e46343d484e3a2b8fd4a783ec39d3f,https://github.com/heyns1000/omnigrid/blob/main/fullstack-app-extracted/Hello-there-What-kind-of-software-project-are-you-looking/backup/attached_assets/Pasted--DOCTYPE-html-html-lang-en-head-meta-charset-UTF-8-meta-name-viewport-content-1753731844821_1753731844826.txt
fullstack-app-extracted/Hello-there-What-kind-of-software-project-are-you-looking/backup/attached_assets/Pasted--DOCTYPE-html-html-lang-en-head-meta-charset-UTF-8-meta-name-viewport-content-1753733259848_1753733259851.txt,216827,4a79e256f1e46343d484e3a2b8fd4a783ec39d3f,https://github.com/heyns1000/omnigrid/blob/main/fullstack-app-extracted/Hello-there-What-kind-of-software-project-are-you-looking/backup/attached_assets/Pasted--DOCTYPE-html-html-lang-en-head-meta-charset-UTF-8-meta-name-viewport-content-1753733259848_1753733259851.txt
fullstack-app-extracted/Hello-there-What-kind-of-software-project-are-you-looking/backup/attached_assets/Pasted--DOCTYPE-html-html-lang-en-head-meta-charset-UTF-8-meta-name-viewport-content-1753733430583_1753733430584.txt,78723,4bfd83a01b0556b2f526f2e13310063466a86686,https://github.com/heyns1000/omnigrid/blob/main/fullstack-app-extracted/Hello-there-What-kind-of-software-project-are-you-looking/backup/attached_assets/Pasted--DOCTYPE-html-html-lang-en-head-meta-charset-UTF-8-meta-name-viewport-content-1753733430583_1753733430584.txt
fullstack-app-extracted/Hello-there-What-kind-of-software-project-are-you-looking/backup/attached_assets/Pasted--DOCTYPE-html-html-lang-en-head-meta-charset-UTF-8-meta-name-viewport-content-wi-1753729442788_1753729442789.txt,38264,6f556acef4f3d6969c736749d0e035ca1a5674fb,https://github.com/heyns1000/omnigrid/blob/main/fullstack-app-extracted/Hello-there-What-kind-of-software-project-are-you-looking/backup/attached_assets/Pasted--DOCTYPE-html-html-lang-en-head-meta-charset-UTF-8-meta-name-viewport-content-wi-1753729442788_1753729442789.txt
fullstack-app-extracted/Hello-there-What-kind-of-software-project-are-you-looking/backup/attached_assets/Pasted--coding-utf-8-import-os-import-json-import-shutil-Added-for-shutil-rmtree-import-textwra-1753727416723_1753727416725.txt,127715,dd26abd8e67be74aee938ecb26a6179a771ea388,https://github.com/heyns1000/omnigrid/blob/main/fullstack-app-extracted/Hello-there-What-kind-of-software-project-are-you-looking/backup/attached_assets/Pasted--coding-utf-8-import-os-import-json-import-shutil-Added-for-shutil-rmtree-import-textwra-1753727416723_1753727416725.txt
fullstack-app-extracted/Hello-there-What-kind-of-software-project-are-you-looking/backup/attached_assets/Screenshot 2025-07-28 at 21.13.01_1753729983610.png,70622,1108a83b98141a7921114b8217e67cd0fe9031c5,https://github.com/heyns1000/omnigrid/blob/main/fullstack-app-extracted/Hello-there-What-kind-of-software-project-are-you-looking/backup/attached_assets/Screenshot 2025-07-28 at 21.13.01_1753729983610.png
fullstack-app-extracted/Hello-there-What-kind-of-software-project-are-you-looking/backup/attached_assets/Screenshot 2025-07-28 at 21.27.39_1753730862682.png,49553,1ec8af4a45afeec4ca71f632b12b38614a422d62,https://github.com/heyns1000/omnigrid/blob/main/fullstack-app-extracted/Hello-there-What-kind-of-software-project-are-you-looking/backup/attached_assets/Screenshot 2025-07-28 at 21.27.39_1753730862682.png
fullstack-app-extracted/Hello-there-What-kind-of-software-project-are-you-looking/backup/attached_assets/Screenshot 2025-07-28 at 21.39.52_1753731594534.png,97784,60b9a61892af981df0956e9c8122e74f37b31a51,https://github.com/heyns1000/omnigrid/blob/main/fullstack-app-extracted/Hello-there-What-kind-of-software-project-are-you-looking/backup/attached_assets/Screenshot 2025-07-28 at 21.39.52_1753731594534.png
fullstack-app-extracted/Hello-there-What-kind-of-software-project-are-you-looking/backup/attached_assets/Screenshot 2025-07-28 at 21.49.42_1753732186268.png,166282,1e90beebb016525c68894cf283ed7aff12069614,https://github.com/heyns1000/omnigrid/blob/main/fullstack-app-extracted/Hello-there-What-kind-of-software-project-are-you-looking/backup/attached_assets/Screenshot 2025-07-28 at 21.49.42_1753732186268.png
fullstack-app-extracted/Hello-there-What-kind-of-software-project-are-you-looking/backup/attached_assets/Screenshot 2025-07-28 at 21.50.02_1753732206772.png,197938,75da1655794a037a1b911207a09ab6b20cd11b3e,https://github.com/heyns1000/omnigrid/blob/main/fullstack-app-extracted/Hello-there-What-kind-of-software-project-are-you-looking/backup/attached_assets/Screenshot 2025-07-28 at 21.50.02_1753732206772.png
fullstack-app-extracted/Hello-there-What-kind-of-software-project-are-you-looking/backup/attached_assets/Screenshot 2025-07-28 at 21.50.19_1753732225176.png,481566,77c4f1b2fd0727a57ee247b3e20d8943d1950e52,https://github.com/heyns1000/omnigrid/blob/main/fullstack-app-extracted/Hello-there-What-kind-of-software-project-are-you-looking/backup/attached_assets/Screenshot 2025-07-28 at 21.50.19_1753732225176.png
fullstack-app-extracted/Hello-there-What-kind-of-software-project-are-you-looking/backup/attached_assets/Screenshot 2025-07-28 at 21.51.01_1753732276540.png,713247,e7ac4a935477ade8db13aae18de9e8e652807703,https://github.com/heyns1000/omnigrid/blob/main/fullstack-app-extracted/Hello-there-What-kind-of-software-project-are-you-looking/backup/attached_assets/Screenshot 2025-07-28 at 21.51.01_1753732276540.png
fullstack-app-extracted/Hello-there-What-kind-of-software-project-are-you-looking/backup/attached_assets/Screenshot 2025-07-28 at 21.51.21_1753732290595.png,420640,603de4ebae02a6cef1e6ec4ae433558d9de95b8b,https://github.com/heyns1000/omnigrid/blob/main/fullstack-app-extracted/Hello-there-What-kind-of-software-project-are-you-looking/backup/attached_assets/Screenshot 2025-07-28 at 21.51.21_1753732290595.png
fullstack-app-extracted/Hello-there-What-kind-of-software-project-are-you-looking/backup/attached_assets/Screenshot 2025-07-28 at 21.51.40_1753732306940.png,98334,c8f56f36ce078ab64bcab3ee078f665ea4f33673,https://github.com/heyns1000/omnigrid/blob/main/fullstack-app-extracted/Hello-there-What-kind-of-software-project-are-you-looking/backup/attached_assets/Screenshot 2025-07-28 at 21.51.40_1753732306940.png
fullstack-app-extracted/Hello-there-What-kind-of-software-project-are-you-looking/backup/attached_assets/Screenshot 2025-07-28 at 21.52.05_1753732329235.png,184298,d6f88baa7a88e157f8d20ec2eafb8b72407e6ad9,https://github.com/heyns1000/omnigrid/blob/main/fullstack-app-extracted/Hello-there-What-kind-of-software-project-are-you-looking/backup/attached_assets/Screenshot 2025-07-28 at 21.52.05_1753732329235.png
fullstack-app-extracted/Hello-there-What-kind-of-software-project-are-you-looking/backup/attached_assets/Screenshot 2025-07-28 at 22.04.39_1753733081835.png,182277,8edb4ade110eb2911264fa1fe50bd0e213f9c5ff,https://github.com/heyns1000/omnigrid/blob/main/fullstack-app-extracted/Hello-there-What-kind-of-software-project-are-you-looking/backup/attached_assets/Screenshot 2025-07-28 at 22.04.39_1753733081835.png
fullstack-app-extracted/Hello-there-What-kind-of-software-project-are-you-looking/backup/attached_assets/Screenshot 2025-07-28 at 22.04.56_1753733098462.png,55941,41d6fa77869a74650c78b88d20dbe15fe3dfa177,https://github.com/heyns1000/omnigrid/blob/main/fullstack-app-extracted/Hello-there-What-kind-of-software-project-are-you-looking/backup/attached_assets/Screenshot 2025-07-28 at 22.04.56_1753733098462.png
fullstack-app-extracted/Hello-there-What-kind-of-software-project-are-you-looking/backup/attached_assets/Screenshot 2025-07-28 at 22.08.26_1753733308574.png,126216,c3aa2394db0d0e17f115aad8dfa76c3dd4fe361b,https://github.com/heyns1000/omnigrid/blob/main/fullstack-app-extracted/Hello-there-What-kind-of-software-project-are-you-looking/backup/attached_assets/Screenshot 2025-07-28 at 22.08.26_1753733308574.png
fullstack-app-extracted/Hello-there-What-kind-of-software-project-are-you-looking/backup/attached_assets/Screenshot 2025-07-28 at 22.10.01_1753733402841.png,543856,4439766cf5790afce9cc7e72cc4e0bcd6ee5e8bf,https://github.com/heyns1000/omnigrid/blob/main/fullstack-app-extracted/Hello-there-What-kind-of-software-project-are-you-looking/backup/attached_assets/Screenshot 2025-07-28 at 22.10.01_1753733402841.png
fullstack-app-extracted/Hello-there-What-kind-of-software-project-are-you-looking/backup/attached_assets/Screenshot 2025-07-28 at 22.11.01_1753733462974.png,54681,868837a04472f34d6c031763181759919ace0965,https://github.com/heyns1000/omnigrid/blob/main/fullstack-app-extracted/Hello-there-What-kind-of-software-project-are-you-looking/backup/attached_assets/Screenshot 2025-07-28 at 22.11.01_1753733462974.png
fullstack-app-extracted/Hello-there-What-kind-of-software-project-are-you-looking/backup/attached_assets/Screenshot 2025-07-28 at 22.12.04_1753733526821.png,119452,9be71dcea286359eb8040c22c1163f90c1dba063,https://github.com/heyns1000/omnigrid/blob/main/fullstack-app-extracted/Hello-there-What-kind-of-software-project-are-you-looking/backup/attached_assets/Screenshot 2025-07-28 at 22.12.04_1753733526821.png
fullstack-app-extracted/Hello-there-What-kind-of-software-project-are-you-looking/backup/attached_assets/Screenshot 2025-07-28 at 22.13.17_1753733609049.png,114377,94b2ada4740bec4f5023ee1084543099831bda58,https://github.com/heyns1000/omnigrid/blob/main/fullstack-app-extracted/Hello-there-What-kind-of-software-project-are-you-looking/backup/attached_assets/Screenshot 2025-07-28 at 22.13.17_1753733609049.png
fullstack-app-extracted/Hello-there-What-kind-of-software-project-are-you-looking/backup/attached_assets/Screenshot 2025-07-28 at 22.15.32_1753733734115.png,118276,e799418a8db7f59b3e27f3cdb101339ec484995e,https://github.com/heyns1000/omnigrid/blob/main/fullstack-app-extracted/Hello-there-What-kind-of-software-project-are-you-looking/backup/attached_assets/Screenshot 2025-07-28 at 22.15.32_1753733734115.png
fullstack-app-extracted/Hello-there-What-kind-of-software-project-are-you-looking/backup/attached_assets/Screenshot 2025-07-28 at 22.16.36_1753733798991.png,116140,1a97e91eaf3d072ee79a15517ee1de60b8feb903,https://github.com/heyns1000/omnigrid/blob/main/fullstack-app-extracted/Hello-there-What-kind-of-software-project-are-you-looking/backup/attached_assets/Screenshot 2025-07-28 at 22.16.36_1753733798991.png
fullstack-app-extracted/Hello-there-What-kind-of-software-project-are-you-looking/backup/attached_assets/Screenshot 2025-07-28 at 22.18.22_1753733906544.png,141241,8e1ccce4a90bc7bb1e0f8c00544e6c436d60dc26,https://github.com/heyns1000/omnigrid/blob/main/fullstack-app-extracted/Hello-there-What-kind-of-software-project-are-you-looking/backup/attached_assets/Screenshot 2025-07-28 at 22.18.22_1753733906544.png
fullstack-app-extracted/Hello-there-What-kind-of-software-project-are-you-looking/backup/attached_assets/Screenshot 2025-07-28 at 22.19.38_1753733981081.png,567418,b2d5b9afa1125d76273c2da364abc25daf551abd,https://github.com/heyns1000/omnigrid/blob/main/fullstack-app-extracted/Hello-there-What-kind-of-software-project-are-you-looking/backup/attached_assets/Screenshot 2025-07-28 at 22.19.38_1753733981081.png
fullstack-app-extracted/Hello-there-What-kind-of-software-project-are-you-looking/backup/attached_assets/Screenshot 2025-07-28 at 22.21.14_1753734078248.png,469690,9e5a39fac0a30abf987a014bfd123556a063d763,https://github.com/heyns1000/omnigrid/blob/main/fullstack-app-extracted/Hello-there-What-kind-of-software-project-are-you-looking/backup/attached_assets/Screenshot 2025-07-28 at 22.21.14_1753734078248.png
fullstack-app-extracted/Hello-there-What-kind-of-software-project-are-you-looking/backup/attached_assets/Screenshot 2025-07-28 at 22.22.40_1753734178618.png,475874,68470c6b35b7c2d7c28fb35757b44641afdd9b63,https://github.com/heyns1000/omnigrid/blob/main/fullstack-app-extracted/Hello-there-What-kind-of-software-project-are-you-looking/backup/attached_assets/Screenshot 2025-07-28 at 22.22.40_1753734178618.png
fullstack-app-extracted/Hello-there-What-kind-of-software-project-are-you-looking/backup/attached_assets/Screenshot 2025-07-28 at 22.25.49_1753734371137.png,484802,28835d1692b93e7b94f575be28caf1ea76edb154,https://github.com/heyns1000/omnigrid/blob/main/fullstack-app-extracted/Hello-there-What-kind-of-software-project-are-you-looking/backup/attached_assets/Screenshot 2025-07-28 at 22.25.49_1753734371137.png
fullstack-app-extracted/Hello-there-What-kind-of-software-project-are-you-looking/backup/attached_assets/Screenshot 2025-07-28 at 22.28.57_1753734540939.png,568579,956af2e843b57fdf5798f8f5f79f5a4fc48f6486,https://github.com/heyns1000/omnigrid/blob/main/fullstack-app-extracted/Hello-there-What-kind-of-software-project-are-you-looking/backup/attached_assets/Screenshot 2025-07-28 at 22.28.57_1753734540939.png
fullstack-app-extracted/Hello-there-What-kind-of-software-project-are-you-looking/backup/client/index.html,527,4b4d09e3151713b7af7e8d38dd2bac2a27d5a7ee,https://github.com/heyns1000/omnigrid/blob/main/fullstack-app-extracted/Hello-there-What-kind-of-software-project-are-you-looking/backup/client/index.html
fullstack-app-extracted/Hello-there-What-kind-of-software-project-are-you-looking/backup/client/src/App.tsx,1646,6ce0ca4a82a4bc51eb81bf044b9b103940a3d0e3,https://github.com/heyns1000/omnigrid/blob/main/fullstack-app-extracted/Hello-there-What-kind-of-software-project-are-you-looking/backup/client/src/App.tsx
fullstack-app-extracted/Hello-there-What-kind-of-software-project-are-you-looking/backup/client/src/components/AnalyticsChart.tsx,2627,4389d14e1cc61282ef2599512594b8f69b33c34e,https://github.com/heyns1000/omnigrid/blob/main/fullstack-app-extracted/Hello-there-What-kind-of-software-project-are-you-looking/backup/client/src/components/AnalyticsChart.tsx
fullstack-app-extracted/Hello-there-What-kind-of-software-project-are-you-looking/backup/client/src/components/BrandCard.tsx,4232,801353f9c8b62282a2ad4487308e5ea9b06db7fb,https://github.com/heyns1000/omnigrid/blob/main/fullstack-app-extracted/Hello-there-What-kind-of-software-project-are-you-looking/backup/client/src/components/BrandCard.tsx
fullstack-app-extracted/Hello-there-What-kind-of-software-project-are-you-looking/backup/client/src/components/GlobalFooter.tsx,3268,f568835bbca22e07a4f64f8433e10ff4799a133d,https://github.com/heyns1000/omnigrid/blob/main/fullstack-app-extracted/Hello-there-What-kind-of-software-project-are-you-looking/backup/client/src/components/GlobalFooter.tsx
fullstack-app-extracted/Hello-there-What-kind-of-software-project-are-you-looking/backup/client/src/components/GlobalHeader.tsx,1687,4c29ae83db78377e1d669538f4ca7690d7591a74,https://github.com/heyns1000/omnigrid/blob/main/fullstack-app-extracted/Hello-there-What-kind-of-software-project-are-you-looking/backup/client/src/components/GlobalHeader.tsx
fullstack-app-extracted/Hello-there-What-kind-of-software-project-are-you-looking/backup/client/src/components/GlobalMap.tsx,2676,f3d68a3627a257a6387b5c536a5d256278f315ff,https://github.com/heyns1000/omnigrid/blob/main/fullstack-app-extracted/Hello-there-What-kind-of-software-project-are-you-looking/backup/client/src/components/GlobalMap.tsx
fullstack-app-extracted/Hello-there-What-kind-of-software-project-are-you-looking/backup/client/src/components/PayPalButton.tsx,3609,cefa6934e0505c1f66b38a71a2a1481801ae7c17,https://github.com/heyns1000/omnigrid/blob/main/fullstack-app-extracted/Hello-there-What-kind-of-software-project-are-you-looking/backup/client/src/components/PayPalButton.tsx
fullstack-app-extracted/Hello-there-What-kind-of-software-project-are-you-looking/backup/client/src/components/SectorNavigation.tsx,4931,5c38065973621bee1ac86e7b5e7036ec4bd2724c,https://github.com/heyns1000/omnigrid/blob/main/fullstack-app-extracted/Hello-there-What-kind-of-software-project-are-you-looking/backup/client/src/components/SectorNavigation.tsx
fullstack-app-extracted/Hello-there-What-kind-of-software-project-are-you-looking/backup/client/src/components/TemplateGrid.tsx,4154,19ae52956d4fe2ecc567320207695aea14b4fe6e,https://github.com/heyns1000/omnigrid/blob/main/fullstack-app-extracted/Hello-there-What-kind-of-software-project-are-you-looking/backup/client/src/components/TemplateGrid.tsx
fullstack-app-extracted/Hello-there-What-kind-of-software-project-are-you-looking/backup/client/src/components/ThemeToggle.tsx,1354,c95a0c6e0d30eed85dc218d5a6f671f2dc26011b,https://github.com/heyns1000/omnigrid/blob/main/fullstack-app-extracted/Hello-there-What-kind-of-software-project-are-you-looking/backup/client/src/components/ThemeToggle.tsx
fullstack-app-extracted/Hello-there-What-kind-of-software-project-are-you-looking/backup/client/src/components/ui/accordion.tsx,1977,e6a723d06574ee5cec8b00759b98f3fbe1ac7cc9,https://github.com/heyns1000/omnigrid/blob/main/fullstack-app-extracted/Hello-there-What-kind-of-software-project-are-you-looking/backup/client/src/components/ui/accordion.tsx
fullstack-app-extracted/Hello-there-What-kind-of-software-project-are-you-looking/backup/client/src/components/ui/alert-dialog.tsx,4420,8722561cf6bda62d62f9a0c67730aefda971873a,https://github.com/heyns1000/omnigrid/blob/main/fullstack-app-extracted/Hello-there-What-kind-of-software-project-are-you-looking/backup/client/src/components/ui/alert-dialog.tsx
fullstack-app-extracted/Hello-there-What-kind-of-software-project-are-you-looking/backup/client/src/components/ui/alert.tsx,1584,41fa7e0561a3fdb5f986c1213a35e563de740e96,https://github.com/heyns1000/omnigrid/blob/main/fullstack-app-extracted/Hello-there-What-kind-of-software-project-are-you-looking/backup/client/src/components/ui/alert.tsx
fullstack-app-extracted/Hello-there-What-kind-of-software-project-are-you-looking/backup/client/src/components/ui/aspect-ratio.tsx,140,c4abbf37f217c715a0eaade7f45ac78600df419f,https://github.com/heyns1000/omnigrid/blob/main/fullstack-app-extracted/Hello-there-What-kind-of-software-project-are-you-looking/backup/client/src/components/ui/aspect-ratio.tsx
fullstack-app-extracted/Hello-there-What-kind-of-software-project-are-you-looking/backup/client/src/components/ui/avatar.tsx,1419,51e507ba9d08bcdbb1fb630498f1cbdf2bf50093,https://github.com/heyns1000/omnigrid/blob/main/fullstack-app-extracted/Hello-there-What-kind-of-software-project-are-you-looking/backup/client/src/components/ui/avatar.tsx
fullstack-app-extracted/Hello-there-What-kind-of-software-project-are-you-looking/backup/client/src/components/ui/badge.tsx,1128,f000e3ef5176395b067dfc3f3e1256a80c450015,https://github.com/heyns1000/omnigrid/blob/main/fullstack-app-extracted/Hello-there-What-kind-of-software-project-are-you-looking/backup/client/src/components/ui/badge.tsx
fullstack-app-extracted/Hello-there-What-kind-of-software-project-are-you-looking/backup/client/src/components/ui/breadcrumb.tsx,2712,60e6c96f72f0350d08b47e4730cab8f3975dc853,https://github.com/heyns1000/omnigrid/blob/main/fullstack-app-extracted/Hello-there-What-kind-of-software-project-are-you-looking/backup/client/src/components/ui/breadcrumb.tsx
fullstack-app-extracted/Hello-there-What-kind-of-software-project-are-you-looking/backup/client/src/components/ui/button.tsx,1901,36496a28727a3643b4212a14225d4f6cbd50bda5,https://github.com/heyns1000/omnigrid/blob/main/fullstack-app-extracted/Hello-there-What-kind-of-software-project-are-you-looking/backup/client/src/components/ui/button.tsx
fullstack-app-extracted/Hello-there-What-kind-of-software-project-are-you-looking/backup/client/src/components/ui/calendar.tsx,2695,2174f7101ba18ec1385eed03f69dbd619feb98aa,https://github.com/heyns1000/omnigrid/blob/main/fullstack-app-extracted/Hello-there-What-kind-of-software-project-are-you-looking/backup/client/src/components/ui/calendar.tsx
fullstack-app-extracted/Hello-there-What-kind-of-software-project-are-you-looking/backup/client/src/components/ui/card.tsx,1858,f62edea578d50058bef5e6bcc178b88d145564e9,https://github.com/heyns1000/omnigrid/blob/main/fullstack-app-extracted/Hello-there-What-kind-of-software-project-are-you-looking/backup/client/src/components/ui/card.tsx
fullstack-app-extracted/Hello-there-What-kind-of-software-project-are-you-looking/backup/client/src/components/ui/carousel.tsx,6210,9c2b9bf3705d8421bef00704c0c52e83d371ca11,https://github.com/heyns1000/omnigrid/blob/main/fullstack-app-extracted/Hello-there-What-kind-of-software-project-are-you-looking/backup/client/src/components/ui/carousel.tsx
fullstack-app-extracted/Hello-there-What-kind-of-software-project-are-you-looking/backup/client/src/components/ui/chart.tsx,10481,39fba6d6fc8509b968824b5076a8791c46650294,https://github.com/heyns1000/omnigrid/blob/main/fullstack-app-extracted/Hello-there-What-kind-of-software-project-are-you-looking/backup/client/src/components/ui/chart.tsx
fullstack-app-extracted/Hello-there-What-kind-of-software-project-are-you-looking/backup/client/src/components/ui/checkbox.tsx,1056,ddbdd01d8d1491ab772790db8d40c5ac0a2630f3,https://github.com/heyns1000/omnigrid/blob/main/fullstack-app-extracted/Hello-there-What-kind-of-software-project-are-you-looking/backup/client/src/components/ui/checkbox.tsx
fullstack-app-extracted/Hello-there-What-kind-of-software-project-are-you-looking/backup/client/src/components/ui/collapsible.tsx,329,9fa48946afd1eb56bd932377fd888e3986304676,https://github.com/heyns1000/omnigrid/blob/main/fullstack-app-extracted/Hello-there-What-kind-of-software-project-are-you-looking/backup/client/src/components/ui/collapsible.tsx
fullstack-app-extracted/Hello-there-What-kind-of-software-project-are-you-looking/backup/client/src/components/ui/command.tsx,4885,f0e4e3fb6407b9184a7e1087fb5bebe96a980bdf,https://github.com/heyns1000/omnigrid/blob/main/fullstack-app-extracted/Hello-there-What-kind-of-software-project-are-you-looking/backup/client/src/components/ui/command.tsx
fullstack-app-extracted/Hello-there-What-kind-of-software-project-are-you-looking/backup/client/src/components/ui/context-menu.tsx,7428,aa3ef7792b866380aa91038beff862aa39ebe5c5,https://github.com/heyns1000/omnigrid/blob/main/fullstack-app-extracted/Hello-there-What-kind-of-software-project-are-you-looking/backup/client/src/components/ui/context-menu.tsx
fullstack-app-extracted/Hello-there-What-kind-of-software-project-are-you-looking/backup/client/src/components/ui/dialog.tsx,3848,f38593bdcc2e700cd5a24d0b96640ca9ad474476,https://github.com/heyns1000/omnigrid/blob/main/fullstack-app-extracted/Hello-there-What-kind-of-software-project-are-you-looking/backup/client/src/components/ui/dialog.tsx
fullstack-app-extracted/Hello-there-What-kind-of-software-project-are-you-looking/backup/client/src/components/ui/drawer.tsx,3021,6a0ef53dde8991d3adeadd791cd262808aaf9ac0,https://github.com/heyns1000/omnigrid/blob/main/fullstack-app-extracted/Hello-there-What-kind-of-software-project-are-you-looking/backup/client/src/components/ui/drawer.tsx
fullstack-app-extracted/Hello-there-What-kind-of-software-project-are-you-looking/backup/client/src/components/ui/dropdown-menu.tsx,7294,3a79f447f7fc6fa65c347d5f49f974432e36939b,https://github.com/heyns1000/omnigrid/blob/main/fullstack-app-extracted/Hello-there-What-kind-of-software-project-are-you-looking/backup/client/src/components/ui/dropdown-menu.tsx
fullstack-app-extracted/Hello-there-What-kind-of-software-project-are-you-looking/backup/client/src/components/ui/form.tsx,4120,4f02ae6a48799a297ae92a9bcfa1f8de4d879be1,https://github.com/heyns1000/omnigrid/blob/main/fullstack-app-extracted/Hello-there-What-kind-of-software-project-are-you-looking/backup/client/src/components/ui/form.tsx
fullstack-app-extracted/Hello-there-What-kind-of-software-project-are-you-looking/backup/client/src/components/ui/hover-card.tsx,1251,74efa6bee7037d46ea6f1a08a89b68963660cca0,https://github.com/heyns1000/omnigrid/blob/main/fullstack-app-extracted/Hello-there-What-kind-of-software-project-are-you-looking/backup/client/src/components/ui/hover-card.tsx
fullstack-app-extracted/Hello-there-What-kind-of-software-project-are-you-looking/backup/client/src/components/ui/input-otp.tsx,2154,ebf5c281ee7fbbf86462b33b7b9955d884d57580,https://github.com/heyns1000/omnigrid/blob/main/fullstack-app-extracted/Hello-there-What-kind-of-software-project-are-you-looking/backup/client/src/components/ui/input-otp.tsx
fullstack-app-extracted/Hello-there-What-kind-of-software-project-are-you-looking/backup/client/src/components/ui/input.tsx,791,68551b9276b4164a8263aa58d385db30f81a4453,https://github.com/heyns1000/omnigrid/blob/main/fullstack-app-extracted/Hello-there-What-kind-of-software-project-are-you-looking/backup/client/src/components/ui/input.tsx
fullstack-app-extracted/Hello-there-What-kind-of-software-project-are-you-looking/backup/client/src/components/ui/label.tsx,710,683faa793819982d64e21cb2939666fd6d4a7b13,https://github.com/heyns1000/omnigrid/blob/main/fullstack-app-extracted/Hello-there-What-kind-of-software-project-are-you-looking/backup/client/src/components/ui/label.tsx
fullstack-app-extracted/Hello-there-What-kind-of-software-project-are-you-looking/backup/client/src/components/ui/menubar.tsx,8605,7b3a71b182d16a2655aaf048797b39a5c27f931a,https://github.com/heyns1000/omnigrid/blob/main/fullstack-app-extracted/Hello-there-What-kind-of-software-project-are-you-looking/backup/client/src/components/ui/menubar.tsx
fullstack-app-extracted/Hello-there-What-kind-of-software-project-are-you-looking/backup/client/src/components/ui/navigation-menu.tsx,5128,411f51922144bf667c2a5d512ff712d1c37098bd,https://github.com/heyns1000/omnigrid/blob/main/fullstack-app-extracted/Hello-there-What-kind-of-software-project-are-you-looking/backup/client/src/components/ui/navigation-menu.tsx
fullstack-app-extracted/Hello-there-What-kind-of-software-project-are-you-looking/backup/client/src/components/ui/pagination.tsx,2751,ea40d196dc72673f36c4084bf56457385edc855e,https://github.com/heyns1000/omnigrid/blob/main/fullstack-app-extracted/Hello-there-What-kind-of-software-project-are-you-looking/backup/client/src/components/ui/pagination.tsx
fullstack-app-extracted/Hello-there-What-kind-of-software-project-are-you-looking/backup/client/src/components/ui/popover.tsx,1280,821a32f3701193ec91f9cf2e22e34c6807c09d14,https://github.com/heyns1000/omnigrid/blob/main/fullstack-app-extracted/Hello-there-What-kind-of-software-project-are-you-looking/backup/client/src/components/ui/popover.tsx
fullstack-app-extracted/Hello-there-What-kind-of-software-project-are-you-looking/backup/client/src/components/ui/progress.tsx,791,5c87ea4865610374cdc591d1619157b4d8909a87,https://github.com/heyns1000/omnigrid/blob/main/fullstack-app-extracted/Hello-there-What-kind-of-software-project-are-you-looking/backup/client/src/components/ui/progress.tsx
fullstack-app-extracted/Hello-there-What-kind-of-software-project-are-you-looking/backup/client/src/components/ui/radio-group.tsx,1467,43b43b48b84d3045a442409006d5cb8c5f35adfd,https://github.com/heyns1000/omnigrid/blob/main/fullstack-app-extracted/Hello-there-What-kind-of-software-project-are-you-looking/backup/client/src/components/ui/radio-group.tsx
fullstack-app-extracted/Hello-there-What-kind-of-software-project-are-you-looking/backup/client/src/components/ui/resizable.tsx,1723,f4bc5586b67f45d3cc35f228e8bac2e4bc2cea16,https://github.com/heyns1000/omnigrid/blob/main/fullstack-app-extracted/Hello-there-What-kind-of-software-project-are-you-looking/backup/client/src/components/ui/resizable.tsx
fullstack-app-extracted/Hello-there-What-kind-of-software-project-are-you-looking/backup/client/src/components/ui/scroll-area.tsx,1642,cf253cf17056ce04827219643e484ea99c77cf6b,https://github.com/heyns1000/omnigrid/blob/main/fullstack-app-extracted/Hello-there-What-kind-of-software-project-are-you-looking/backup/client/src/components/ui/scroll-area.tsx
fullstack-app-extracted/Hello-there-What-kind-of-software-project-are-you-looking/backup/client/src/components/ui/select.tsx,5742,a45647c222f60248d3a206e50c9266fecda2bf1c,https://github.com/heyns1000/omnigrid/blob/main/fullstack-app-extracted/Hello-there-What-kind-of-software-project-are-you-looking/backup/client/src/components/ui/select.tsx
fullstack-app-extracted/Hello-there-What-kind-of-software-project-are-you-looking/backup/client/src/components/ui/separator.tsx,756,6d7f12265ba0338704f013930ce4d52c56527dd1,https://github.com/heyns1000/omnigrid/blob/main/fullstack-app-extracted/Hello-there-What-kind-of-software-project-are-you-looking/backup/client/src/components/ui/separator.tsx
fullstack-app-extracted/Hello-there-What-kind-of-software-project-are-you-looking/backup/client/src/components/ui/sheet.tsx,4281,a37f17ba04055c1c174bd439d58aa3b5b2857cc9,https://github.com/heyns1000/omnigrid/blob/main/fullstack-app-extracted/Hello-there-What-kind-of-software-project-are-you-looking/backup/client/src/components/ui/sheet.tsx
fullstack-app-extracted/Hello-there-What-kind-of-software-project-are-you-looking/backup/client/src/components/ui/sidebar.tsx,23567,d17b4a3678b89abe995f6dc1a12a7034a293232e,https://github.com/heyns1000/omnigrid/blob/main/fullstack-app-extracted/Hello-there-What-kind-of-software-project-are-you-looking/backup/client/src/components/ui/sidebar.tsx
fullstack-app-extracted/Hello-there-What-kind-of-software-project-are-you-looking/backup/client/src/components/ui/skeleton.tsx,261,01b8b6d4f716ff7c26065bc9e46aebd932729fc1,https://github.com/heyns1000/omnigrid/blob/main/fullstack-app-extracted/Hello-there-What-kind-of-software-project-are-you-looking/backup/client/src/components/ui/skeleton.tsx
fullstack-app-extracted/Hello-there-What-kind-of-software-project-are-you-looking/backup/client/src/components/ui/slider.tsx,1077,e161daec03130190dcfb597c8632f9df4ba407f5,https://github.com/heyns1000/omnigrid/blob/main/fullstack-app-extracted/Hello-there-What-kind-of-software-project-are-you-looking/backup/client/src/components/ui/slider.tsx
fullstack-app-extracted/Hello-there-What-kind-of-software-project-are-you-looking/backup/client/src/components/ui/switch.tsx,1139,aa58baa29c676db7b14a37436a9662107b0111ec,https://github.com/heyns1000/omnigrid/blob/main/fullstack-app-extracted/Hello-there-What-kind-of-software-project-are-you-looking/backup/client/src/components/ui/switch.tsx
fullstack-app-extracted/Hello-there-What-kind-of-software-project-are-you-looking/backup/client/src/components/ui/table.tsx,2765,7f3502f8b2820be1d6f0aa4c1ffaa351799c1ed3,https://github.com/heyns1000/omnigrid/blob/main/fullstack-app-extracted/Hello-there-What-kind-of-software-project-are-you-looking/backup/client/src/components/ui/table.tsx
fullstack-app-extracted/Hello-there-What-kind-of-software-project-are-you-looking/backup/client/src/components/ui/tabs.tsx,1883,f57fffdb5a07cd21b12f8c014513475a6980a469,https://github.com/heyns1000/omnigrid/blob/main/fullstack-app-extracted/Hello-there-What-kind-of-software-project-are-you-looking/backup/client/src/components/ui/tabs.tsx
fullstack-app-extracted/Hello-there-What-kind-of-software-project-are-you-looking/backup/client/src/components/ui/textarea.tsx,689,4d858bb6b02662c749d3cb334129a9a1977b0c51,https://github.com/heyns1000/omnigrid/blob/main/fullstack-app-extracted/Hello-there-What-kind-of-software-project-are-you-looking/backup/client/src/components/ui/textarea.tsx
fullstack-app-extracted/Hello-there-What-kind-of-software-project-are-you-looking/backup/client/src/components/ui/toast.tsx,4845,a822477534192c4df5073e4015f7461e739d3344,https://github.com/heyns1000/omnigrid/blob/main/fullstack-app-extracted/Hello-there-What-kind-of-software-project-are-you-looking/backup/client/src/components/ui/toast.tsx
fullstack-app-extracted/Hello-there-What-kind-of-software-project-are-you-looking/backup/client/src/components/ui/toaster.tsx,772,6c67edff67a48c6ac1c46f25a6d468dd461e66cb,https://github.com/heyns1000/omnigrid/blob/main/fullstack-app-extracted/Hello-there-What-kind-of-software-project-are-you-looking/backup/client/src/components/ui/toaster.tsx
fullstack-app-extracted/Hello-there-What-kind-of-software-project-are-you-looking/backup/client/src/components/ui/toggle-group.tsx,1753,1c876bbeecabe59b684719afe58e684f34cdecbf,https://github.com/heyns1000/omnigrid/blob/main/fullstack-app-extracted/Hello-there-What-kind-of-software-project-are-you-looking/backup/client/src/components/ui/toggle-group.tsx
fullstack-app-extracted/Hello-there-What-kind-of-software-project-are-you-looking/backup/client/src/components/ui/toggle.tsx,1527,0da5cb8b74d1b02569a8bf0eaf36d135c97315d5,https://github.com/heyns1000/omnigrid/blob/main/fullstack-app-extracted/Hello-there-What-kind-of-software-project-are-you-looking/backup/client/src/components/ui/toggle.tsx
fullstack-app-extracted/Hello-there-What-kind-of-software-project-are-you-looking/backup/client/src/components/ui/tooltip.tsx,1209,e1ae87b9db8d9a636b8185da4ca6868c3b024d63,https://github.com/heyns1000/omnigrid/blob/main/fullstack-app-extracted/Hello-there-What-kind-of-software-project-are-you-looking/backup/client/src/components/ui/tooltip.tsx
fullstack-app-extracted/Hello-there-What-kind-of-software-project-are-you-looking/backup/client/src/hooks/use-mobile.tsx,565,2b0fe1dfef3b17850bbac040665f514a8ffd0f15,https://github.com/heyns1000/omnigrid/blob/main/fullstack-app-extracted/Hello-there-What-kind-of-software-project-are-you-looking/backup/client/src/hooks/use-mobile.tsx
fullstack-app-extracted/Hello-there-What-kind-of-software-project-are-you-looking/backup/client/src/hooks/use-theme.tsx,1616,00425f1fc00bc4de4aa00c63ffc58285e0fab27d,https://github.com/heyns1000/omnigrid/blob/main/fullstack-app-extracted/Hello-there-What-kind-of-software-project-are-you-looking/backup/client/src/hooks/use-theme.tsx
fullstack-app-extracted/Hello-there-What-kind-of-software-project-are-you-looking/backup/client/src/hooks/use-toast.ts,3895,2c14125ac48b874740770da80d9e424daf1db58b,https://github.com/heyns1000/omnigrid/blob/main/fullstack-app-extracted/Hello-there-What-kind-of-software-project-are-you-looking/backup/client/src/hooks/use-toast.ts
fullstack-app-extracted/Hello-there-What-kind-of-software-project-are-you-looking/backup/client/src/index.css,8381,f8f07ee0526d6ab963cbc5eeacb9eb88c0ce8fb2,https://github.com/heyns1000/omnigrid/blob/main/fullstack-app-extracted/Hello-there-What-kind-of-software-project-are-you-looking/backup/client/src/index.css
fullstack-app-extracted/Hello-there-What-kind-of-software-project-are-you-looking/backup/client/src/lib/queryClient.ts,1383,f315a142495772235f6e5324668ce3bc34ef1871,https://github.com/heyns1000/omnigrid/blob/main/fullstack-app-extracted/Hello-there-What-kind-of-software-project-are-you-looking/backup/client/src/lib/queryClient.ts
fullstack-app-extracted/Hello-there-What-kind-of-software-project-are-you-looking/backup/client/src/lib/utils.ts,166,bd0c391ddd1088e9067844c48835bf4abcd61783,https://github.com/heyns1000/omnigrid/blob/main/fullstack-app-extracted/Hello-there-What-kind-of-software-project-are-you-looking/backup/client/src/lib/utils.ts
fullstack-app-extracted/Hello-there-What-kind-of-software-project-are-you-looking/backup/client/src/main.tsx,157,696e0d2b94fbc09e5bf2378678cfe86625c2f15c,https://github.com/heyns1000/omnigrid/blob/main/fullstack-app-extracted/Hello-there-What-kind-of-software-project-are-you-looking/backup/client/src/main.tsx
fullstack-app-extracted/Hello-there-What-kind-of-software-project-are-you-looking/backup/client/src/pages/brand-management.tsx,12074,80f9ecdfb40c2167c59d2e6289902f10e46ea3f8,https://github.com/heyns1000/omnigrid/blob/main/fullstack-app-extracted/Hello-there-What-kind-of-software-project-are-you-looking/backup/client/src/pages/brand-management.tsx
fullstack-app-extracted/Hello-there-What-kind-of-software-project-are-you-looking/backup/client/src/pages/dashboard.tsx,7594,c8e99f0828bea04644ed71d2ee6908a4f5b7a661,https://github.com/heyns1000/omnigrid/blob/main/fullstack-app-extracted/Hello-there-What-kind-of-software-project-are-you-looking/backup/client/src/pages/dashboard.tsx
fullstack-app-extracted/Hello-there-What-kind-of-software-project-are-you-looking/backup/client/src/pages/deployment-control.tsx,14736,2592ac1b149e98208c6a87bf819bc5432880b66c,https://github.com/heyns1000/omnigrid/blob/main/fullstack-app-extracted/Hello-there-What-kind-of-software-project-are-you-looking/backup/client/src/pages/deployment-control.tsx
fullstack-app-extracted/Hello-there-What-kind-of-software-project-are-you-looking/backup/client/src/pages/not-found.tsx,711,dba9f8316f8e796e2808090c4f6cf770e6b90c4a,https://github.com/heyns1000/omnigrid/blob/main/fullstack-app-extracted/Hello-there-What-kind-of-software-project-are-you-looking/backup/client/src/pages/not-found.tsx
fullstack-app-extracted/Hello-there-What-kind-of-software-project-are-you-looking/backup/client/src/pages/securesign.tsx,25012,7e8ee5a77154a204b1e86427d043ff9177a9b5ae,https://github.com/heyns1000/omnigrid/blob/main/fullstack-app-extracted/Hello-there-What-kind-of-software-project-are-you-looking/backup/client/src/pages/securesign.tsx
fullstack-app-extracted/Hello-there-What-kind-of-software-project-are-you-looking/backup/client/src/pages/template-orchestration.tsx,18717,5f7a2f39b8629778efa4dea60ba11a5894258bba,https://github.com/heyns1000/omnigrid/blob/main/fullstack-app-extracted/Hello-there-What-kind-of-software-project-are-you-looking/backup/client/src/pages/template-orchestration.tsx
fullstack-app-extracted/Hello-there-What-kind-of-software-project-are-you-looking/backup/components.json,459,4d7d89f0d7e9146e1e11cc799ce465e21f2e5c4a,https://github.com/heyns1000/omnigrid/blob/main/fullstack-app-extracted/Hello-there-What-kind-of-software-project-are-you-looking/backup/components.json
fullstack-app-extracted/Hello-there-What-kind-of-software-project-are-you-looking/backup/drizzle.config.ts,325,4cd7b4cb3770a444d70ce72acabcb58e4e3ab18a,https://github.com/heyns1000/omnigrid/blob/main/fullstack-app-extracted/Hello-there-What-kind-of-software-project-are-you-looking/backup/drizzle.config.ts
fullstack-app-extracted/Hello-there-What-kind-of-software-project-are-you-looking/backup/package-lock.json,349768,3e13960f464b3170113d612df065cec613f800fb,https://github.com/heyns1000/omnigrid/blob/main/fullstack-app-extracted/Hello-there-What-kind-of-software-project-are-you-looking/backup/package-lock.json
fullstack-app-extracted/Hello-there-What-kind-of-software-project-are-you-looking/backup/package.json,3661,812c6ccce86177d76fe7f65332e32e27796bf202,https://github.com/heyns1000/omnigrid/blob/main/fullstack-app-extracted/Hello-there-What-kind-of-software-project-are-you-looking/backup/package.json
fullstack-app-extracted/Hello-there-What-kind-of-software-project-are-you-looking/backup/postcss.config.js,80,2e7af2b7f1a6f391da1631d93968a9d487ba977d,https://github.com/heyns1000/omnigrid/blob/main/fullstack-app-extracted/Hello-there-What-kind-of-software-project-are-you-looking/backup/postcss.config.js
fullstack-app-extracted/Hello-there-What-kind-of-software-project-are-you-looking/backup/replit.md,6314,4f2a976a5137da4d54781c272f7b16be27521a23,https://github.com/heyns1000/omnigrid/blob/main/fullstack-app-extracted/Hello-there-What-kind-of-software-project-are-you-looking/backup/replit.md
fullstack-app-extracted/Hello-there-What-kind-of-software-project-are-you-looking/backup/server/db.ts,482,7ca3d56a2c6c16922e98f870012a2f5e2fa9fb45,https://github.com/heyns1000/omnigrid/blob/main/fullstack-app-extracted/Hello-there-What-kind-of-software-project-are-you-looking/backup/server/db.ts
fullstack-app-extracted/Hello-there-What-kind-of-software-project-are-you-looking/backup/server/direct-dashboard.ts,1064,8761d9222fb1cf9c6b5d0c79ae1b267214301961,https://github.com/heyns1000/omnigrid/blob/main/fullstack-app-extracted/Hello-there-What-kind-of-software-project-are-you-looking/backup/server/direct-dashboard.ts
fullstack-app-extracted/Hello-there-What-kind-of-software-project-are-you-looking/backup/server/direct-serve.ts,1632,03d38b214d2e6907c3b45a9ed3140c7ca4223f5c,https://github.com/heyns1000/omnigrid/blob/main/fullstack-app-extracted/Hello-there-What-kind-of-software-project-are-you-looking/backup/server/direct-serve.ts
fullstack-app-extracted/Hello-there-What-kind-of-software-project-are-you-looking/backup/server/enhanced-dashboard.ts,2012,da7a165f62bffe73d39a60ad9330e0af62d97b3a,https://github.com/heyns1000/omnigrid/blob/main/fullstack-app-extracted/Hello-there-What-kind-of-software-project-are-you-looking/backup/server/enhanced-dashboard.ts
fullstack-app-extracted/Hello-there-What-kind-of-software-project-are-you-looking/backup/server/enhanced-vaultmesh.ts,3293,bdd573181e951595ff9ba02660b8a4677dba318f,https://github.com/heyns1000/omnigrid/blob/main/fullstack-app-extracted/Hello-there-What-kind-of-software-project-are-you-looking/backup/server/enhanced-vaultmesh.ts
fullstack-app-extracted/Hello-there-What-kind-of-software-project-are-you-looking/backup/server/index.ts,4777,6967517576491de6d33a7715909052806b3027e8,https://github.com/heyns1000/omnigrid/blob/main/fullstack-app-extracted/Hello-there-What-kind-of-software-project-are-you-looking/backup/server/index.ts
fullstack-app-extracted/Hello-there-What-kind-of-software-project-are-you-looking/backup/server/paypal.ts,3940,e76494389d51a0bd920857c45e4e99cfb5f0f839,https://github.com/heyns1000/omnigrid/blob/main/fullstack-app-extracted/Hello-there-What-kind-of-software-project-are-you-looking/backup/server/paypal.ts
fullstack-app-extracted/Hello-there-What-kind-of-software-project-are-you-looking/backup/server/production-server.ts,2128,b96c117e216ea4532bc05883baa78d36f59e77bc,https://github.com/heyns1000/omnigrid/blob/main/fullstack-app-extracted/Hello-there-What-kind-of-software-project-are-you-looking/backup/server/production-server.ts
fullstack-app-extracted/Hello-there-What-kind-of-software-project-are-you-looking/backup/server/routes.ts,9980,7f6e86c17fcea186885f963e2bda26ff98e5591f,https://github.com/heyns1000/omnigrid/blob/main/fullstack-app-extracted/Hello-there-What-kind-of-software-project-are-you-looking/backup/server/routes.ts
fullstack-app-extracted/Hello-there-What-kind-of-software-project-are-you-looking/backup/server/seed-data.ts,396298,8d24438493ff85eb2c8a8beb23b0b891b4db88de,https://github.com/heyns1000/omnigrid/blob/main/fullstack-app-extracted/Hello-there-What-kind-of-software-project-are-you-looking/backup/server/seed-data.ts
fullstack-app-extracted/Hello-there-What-kind-of-software-project-are-you-looking/backup/server/storage.ts,7072,757c5b218d760a318848b5d884d5882301825d08,https://github.com/heyns1000/omnigrid/blob/main/fullstack-app-extracted/Hello-there-What-kind-of-software-project-are-you-looking/backup/server/storage.ts
fullstack-app-extracted/Hello-there-What-kind-of-software-project-are-you-looking/backup/server/vite.ts,2263,9338c14f4a52d12d87a6b4f57fbd6ef479bf8c94,https://github.com/heyns1000/omnigrid/blob/main/fullstack-app-extracted/Hello-there-What-kind-of-software-project-are-you-looking/backup/server/vite.ts
fullstack-app-extracted/Hello-there-What-kind-of-software-project-are-you-looking/backup/shared/schema.ts,8125,c6b52179b5c9269535eea1daabba6b34a1c5f79d,https://github.com/heyns1000/omnigrid/blob/main/fullstack-app-extracted/Hello-there-What-kind-of-software-project-are-you-looking/backup/shared/schema.ts
fullstack-app-extracted/Hello-there-What-kind-of-software-project-are-you-looking/backup/start-authentic.js,2021,fc788accc2c4a3239dcbed6592e8179f3554987a,https://github.com/heyns1000/omnigrid/blob/main/fullstack-app-extracted/Hello-there-What-kind-of-software-project-are-you-looking/backup/start-authentic.js
fullstack-app-extracted/Hello-there-What-kind-of-software-project-are-you-looking/backup/tailwind.config.ts,2627,ab1bca54d78bf9d3ce3822bddaee047f10a50bfc,https://github.com/heyns1000/omnigrid/blob/main/fullstack-app-extracted/Hello-there-What-kind-of-software-project-are-you-looking/backup/tailwind.config.ts
fullstack-app-extracted/Hello-there-What-kind-of-software-project-are-you-looking/backup/tsconfig.json,657,a0203eefcb88d0dcf5e5ff0e2f90150a1b46ee05,https://github.com/heyns1000/omnigrid/blob/main/fullstack-app-extracted/Hello-there-What-kind-of-software-project-are-you-looking/backup/tsconfig.json
fullstack-app-extracted/Hello-there-What-kind-of-software-project-are-you-looking/backup/vite.config.ts,971,ce3e3d1f6b15a33e4ae097b4cfff0f42b3309380,https://github.com/heyns1000/omnigrid/blob/main/fullstack-app-extracted/Hello-there-What-kind-of-software-project-are-you-looking/backup/vite.config.ts
fullstack-app-extracted/Hello-there-What-kind-of-software-project-are-you-looking/client/index.html,527,4b4d09e3151713b7af7e8d38dd2bac2a27d5a7ee,https://github.com/heyns1000/omnigrid/blob/main/fullstack-app-extracted/Hello-there-What-kind-of-software-project-are-you-looking/client/index.html
fullstack-app-extracted/Hello-there-What-kind-of-software-project-are-you-looking/client/src/App.tsx,3149,ab8c04ad3916c7bd4060f9f6115fefa9fccd90c7,https://github.com/heyns1000/omnigrid/blob/main/fullstack-app-extracted/Hello-there-What-kind-of-software-project-are-you-looking/client/src/App.tsx
fullstack-app-extracted/Hello-there-What-kind-of-software-project-are-you-looking/client/src/components/AnalyticsChart.tsx,2627,4389d14e1cc61282ef2599512594b8f69b33c34e,https://github.com/heyns1000/omnigrid/blob/main/fullstack-app-extracted/Hello-there-What-kind-of-software-project-are-you-looking/client/src/components/AnalyticsChart.tsx
fullstack-app-extracted/Hello-there-What-kind-of-software-project-are-you-looking/client/src/components/BrandCard.tsx,4232,801353f9c8b62282a2ad4487308e5ea9b06db7fb,https://github.com/heyns1000/omnigrid/blob/main/fullstack-app-extracted/Hello-there-What-kind-of-software-project-are-you-looking/client/src/components/BrandCard.tsx
fullstack-app-extracted/Hello-there-What-kind-of-software-project-are-you-looking/client/src/components/GlobalFooter.tsx,3268,f568835bbca22e07a4f64f8433e10ff4799a133d,https://github.com/heyns1000/omnigrid/blob/main/fullstack-app-extracted/Hello-there-What-kind-of-software-project-are-you-looking/client/src/components/GlobalFooter.tsx
fullstack-app-extracted/Hello-there-What-kind-of-software-project-are-you-looking/client/src/components/GlobalHeader.tsx,3357,7feaed89286d8784aacee187575d2a8200550359,https://github.com/heyns1000/omnigrid/blob/main/fullstack-app-extracted/Hello-there-What-kind-of-software-project-are-you-looking/client/src/components/GlobalHeader.tsx
fullstack-app-extracted/Hello-there-What-kind-of-software-project-are-you-looking/client/src/components/GlobalMap.tsx,3517,24c4f9a6a83398458e7d58943aa31a0a47838a28,https://github.com/heyns1000/omnigrid/blob/main/fullstack-app-extracted/Hello-there-What-kind-of-software-project-are-you-looking/client/src/components/GlobalMap.tsx
fullstack-app-extracted/Hello-there-What-kind-of-software-project-are-you-looking/client/src/components/PayPalButton.tsx,3609,cefa6934e0505c1f66b38a71a2a1481801ae7c17,https://github.com/heyns1000/omnigrid/blob/main/fullstack-app-extracted/Hello-there-What-kind-of-software-project-are-you-looking/client/src/components/PayPalButton.tsx
fullstack-app-extracted/Hello-there-What-kind-of-software-project-are-you-looking/client/src/components/SectorNavigation.tsx,4931,5c38065973621bee1ac86e7b5e7036ec4bd2724c,https://github.com/heyns1000/omnigrid/blob/main/fullstack-app-extracted/Hello-there-What-kind-of-software-project-are-you-looking/client/src/components/SectorNavigation.tsx
fullstack-app-extracted/Hello-there-What-kind-of-software-project-are-you-looking/client/src/components/TemplateGrid.tsx,4154,19ae52956d4fe2ecc567320207695aea14b4fe6e,https://github.com/heyns1000/omnigrid/blob/main/fullstack-app-extracted/Hello-there-What-kind-of-software-project-are-you-looking/client/src/components/TemplateGrid.tsx
fullstack-app-extracted/Hello-there-What-kind-of-software-project-are-you-looking/client/src/components/ThemeToggle.tsx,1354,c95a0c6e0d30eed85dc218d5a6f671f2dc26011b,https://github.com/heyns1000/omnigrid/blob/main/fullstack-app-extracted/Hello-there-What-kind-of-software-project-are-you-looking/client/src/components/ThemeToggle.tsx
fullstack-app-extracted/Hello-there-What-kind-of-software-project-are-you-looking/client/src/components/ui/accordion.tsx,1977,e6a723d06574ee5cec8b00759b98f3fbe1ac7cc9,https://github.com/heyns1000/omnigrid/blob/main/fullstack-app-extracted/Hello-there-What-kind-of-software-project-are-you-looking/client/src/components/ui/accordion.tsx
fullstack-app-extracted/Hello-there-What-kind-of-software-project-are-you-looking/client/src/components/ui/alert-dialog.tsx,4420,8722561cf6bda62d62f9a0c67730aefda971873a,https://github.com/heyns1000/omnigrid/blob/main/fullstack-app-extracted/Hello-there-What-kind-of-software-project-are-you-looking/client/src/components/ui/alert-dialog.tsx
fullstack-app-extracted/Hello-there-What-kind-of-software-project-are-you-looking/client/src/components/ui/alert.tsx,1584,41fa7e0561a3fdb5f986c1213a35e563de740e96,https://github.com/heyns1000/omnigrid/blob/main/fullstack-app-extracted/Hello-there-What-kind-of-software-project-are-you-looking/client/src/components/ui/alert.tsx
fullstack-app-extracted/Hello-there-What-kind-of-software-project-are-you-looking/client/src/components/ui/aspect-ratio.tsx,140,c4abbf37f217c715a0eaade7f45ac78600df419f,https://github.com/heyns1000/omnigrid/blob/main/fullstack-app-extracted/Hello-there-What-kind-of-software-project-are-you-looking/client/src/components/ui/aspect-ratio.tsx
fullstack-app-extracted/Hello-there-What-kind-of-software-project-are-you-looking/client/src/components/ui/avatar.tsx,1419,51e507ba9d08bcdbb1fb630498f1cbdf2bf50093,https://github.com/heyns1000/omnigrid/blob/main/fullstack-app-extracted/Hello-there-What-kind-of-software-project-are-you-looking/client/src/components/ui/avatar.tsx
fullstack-app-extracted/Hello-there-What-kind-of-software-project-are-you-looking/client/src/components/ui/badge.tsx,1128,f000e3ef5176395b067dfc3f3e1256a80c450015,https://github.com/heyns1000/omnigrid/blob/main/fullstack-app-extracted/Hello-there-What-kind-of-software-project-are-you-looking/client/src/components/ui/badge.tsx
fullstack-app-extracted/Hello-there-What-kind-of-software-project-are-you-looking/client/src/components/ui/breadcrumb.tsx,2712,60e6c96f72f0350d08b47e4730cab8f3975dc853,https://github.com/heyns1000/omnigrid/blob/main/fullstack-app-extracted/Hello-there-What-kind-of-software-project-are-you-looking/client/src/components/ui/breadcrumb.tsx
fullstack-app-extracted/Hello-there-What-kind-of-software-project-are-you-looking/client/src/components/ui/button.tsx,1901,36496a28727a3643b4212a14225d4f6cbd50bda5,https://github.com/heyns1000/omnigrid/blob/main/fullstack-app-extracted/Hello-there-What-kind-of-software-project-are-you-looking/client/src/components/ui/button.tsx
fullstack-app-extracted/Hello-there-What-kind-of-software-project-are-you-looking/client/src/components/ui/calendar.tsx,2695,2174f7101ba18ec1385eed03f69dbd619feb98aa,https://github.com/heyns1000/omnigrid/blob/main/fullstack-app-extracted/Hello-there-What-kind-of-software-project-are-you-looking/client/src/components/ui/calendar.tsx
fullstack-app-extracted/Hello-there-What-kind-of-software-project-are-you-looking/client/src/components/ui/card.tsx,1858,f62edea578d50058bef5e6bcc178b88d145564e9,https://github.com/heyns1000/omnigrid/blob/main/fullstack-app-extracted/Hello-there-What-kind-of-software-project-are-you-looking/client/src/components/ui/card.tsx
fullstack-app-extracted/Hello-there-What-kind-of-software-project-are-you-looking/client/src/components/ui/carousel.tsx,6210,9c2b9bf3705d8421bef00704c0c52e83d371ca11,https://github.com/heyns1000/omnigrid/blob/main/fullstack-app-extracted/Hello-there-What-kind-of-software-project-are-you-looking/client/src/components/ui/carousel.tsx
fullstack-app-extracted/Hello-there-What-kind-of-software-project-are-you-looking/client/src/components/ui/chart.tsx,10481,39fba6d6fc8509b968824b5076a8791c46650294,https://github.com/heyns1000/omnigrid/blob/main/fullstack-app-extracted/Hello-there-What-kind-of-software-project-are-you-looking/client/src/components/ui/chart.tsx
fullstack-app-extracted/Hello-there-What-kind-of-software-project-are-you-looking/client/src/components/ui/checkbox.tsx,1056,ddbdd01d8d1491ab772790db8d40c5ac0a2630f3,https://github.com/heyns1000/omnigrid/blob/main/fullstack-app-extracted/Hello-there-What-kind-of-software-project-are-you-looking/client/src/components/ui/checkbox.tsx
fullstack-app-extracted/Hello-there-What-kind-of-software-project-are-you-looking/client/src/components/ui/collapsible.tsx,329,9fa48946afd1eb56bd932377fd888e3986304676,https://github.com/heyns1000/omnigrid/blob/main/fullstack-app-extracted/Hello-there-What-kind-of-software-project-are-you-looking/client/src/components/ui/collapsible.tsx
fullstack-app-extracted/Hello-there-What-kind-of-software-project-are-you-looking/client/src/components/ui/command.tsx,4885,f0e4e3fb6407b9184a7e1087fb5bebe96a980bdf,https://github.com/heyns1000/omnigrid/blob/main/fullstack-app-extracted/Hello-there-What-kind-of-software-project-are-you-looking/client/src/components/ui/command.tsx
fullstack-app-extracted/Hello-there-What-kind-of-software-project-are-you-looking/client/src/components/ui/context-menu.tsx,7428,aa3ef7792b866380aa91038beff862aa39ebe5c5,https://github.com/heyns1000/omnigrid/blob/main/fullstack-app-extracted/Hello-there-What-kind-of-software-project-are-you-looking/client/src/components/ui/context-menu.tsx
fullstack-app-extracted/Hello-there-What-kind-of-software-project-are-you-looking/client/src/components/ui/dialog.tsx,3848,f38593bdcc2e700cd5a24d0b96640ca9ad474476,https://github.com/heyns1000/omnigrid/blob/main/fullstack-app-extracted/Hello-there-What-kind-of-software-project-are-you-looking/client/src/components/ui/dialog.tsx
fullstack-app-extracted/Hello-there-What-kind-of-software-project-are-you-looking/client/src/components/ui/drawer.tsx,3021,6a0ef53dde8991d3adeadd791cd262808aaf9ac0,https://github.com/heyns1000/omnigrid/blob/main/fullstack-app-extracted/Hello-there-What-kind-of-software-project-are-you-looking/client/src/components/ui/drawer.tsx
fullstack-app-extracted/Hello-there-What-kind-of-software-project-are-you-looking/client/src/components/ui/dropdown-menu.tsx,7294,3a79f447f7fc6fa65c347d5f49f974432e36939b,https://github.com/heyns1000/omnigrid/blob/main/fullstack-app-extracted/Hello-there-What-kind-of-software-project-are-you-looking/client/src/components/ui/dropdown-menu.tsx
fullstack-app-extracted/Hello-there-What-kind-of-software-project-are-you-looking/client/src/components/ui/form.tsx,4120,4f02ae6a48799a297ae92a9bcfa1f8de4d879be1,https://github.com/heyns1000/omnigrid/blob/main/fullstack-app-extracted/Hello-there-What-kind-of-software-project-are-you-looking/client/src/components/ui/form.tsx
fullstack-app-extracted/Hello-there-What-kind-of-software-project-are-you-looking/client/src/components/ui/hover-card.tsx,1251,74efa6bee7037d46ea6f1a08a89b68963660cca0,https://github.com/heyns1000/omnigrid/blob/main/fullstack-app-extracted/Hello-there-What-kind-of-software-project-are-you-looking/client/src/components/ui/hover-card.tsx
fullstack-app-extracted/Hello-there-What-kind-of-software-project-are-you-looking/client/src/components/ui/input-otp.tsx,2154,ebf5c281ee7fbbf86462b33b7b9955d884d57580,https://github.com/heyns1000/omnigrid/blob/main/fullstack-app-extracted/Hello-there-What-kind-of-software-project-are-you-looking/client/src/components/ui/input-otp.tsx
fullstack-app-extracted/Hello-there-What-kind-of-software-project-are-you-looking/client/src/components/ui/input.tsx,791,68551b9276b4164a8263aa58d385db30f81a4453,https://github.com/heyns1000/omnigrid/blob/main/fullstack-app-extracted/Hello-there-What-kind-of-software-project-are-you-looking/client/src/components/ui/input.tsx
fullstack-app-extracted/Hello-there-What-kind-of-software-project-are-you-looking/client/src/components/ui/label.tsx,710,683faa793819982d64e21cb2939666fd6d4a7b13,https://github.com/heyns1000/omnigrid/blob/main/fullstack-app-extracted/Hello-there-What-kind-of-software-project-are-you-looking/client/src/components/ui/label.tsx
fullstack-app-extracted/Hello-there-What-kind-of-software-project-are-you-looking/client/src/components/ui/menubar.tsx,8605,7b3a71b182d16a2655aaf048797b39a5c27f931a,https://github.com/heyns1000/omnigrid/blob/main/fullstack-app-extracted/Hello-there-What-kind-of-software-project-are-you-looking/client/src/components/ui/menubar.tsx
fullstack-app-extracted/Hello-there-What-kind-of-software-project-are-you-looking/client/src/components/ui/navigation-menu.tsx,5128,411f51922144bf667c2a5d512ff712d1c37098bd,https://github.com/heyns1000/omnigrid/blob/main/fullstack-app-extracted/Hello-there-What-kind-of-software-project-are-you-looking/client/src/components/ui/navigation-menu.tsx
fullstack-app-extracted/Hello-there-What-kind-of-software-project-are-you-looking/client/src/components/ui/pagination.tsx,2751,ea40d196dc72673f36c4084bf56457385edc855e,https://github.com/heyns1000/omnigrid/blob/main/fullstack-app-extracted/Hello-there-What-kind-of-software-project-are-you-looking/client/src/components/ui/pagination.tsx
fullstack-app-extracted/Hello-there-What-kind-of-software-project-are-you-looking/client/src/components/ui/popover.tsx,1280,821a32f3701193ec91f9cf2e22e34c6807c09d14,https://github.com/heyns1000/omnigrid/blob/main/fullstack-app-extracted/Hello-there-What-kind-of-software-project-are-you-looking/client/src/components/ui/popover.tsx
fullstack-app-extracted/Hello-there-What-kind-of-software-project-are-you-looking/client/src/components/ui/progress.tsx,791,5c87ea4865610374cdc591d1619157b4d8909a87,https://github.com/heyns1000/omnigrid/blob/main/fullstack-app-extracted/Hello-there-What-kind-of-software-project-are-you-looking/client/src/components/ui/progress.tsx
fullstack-app-extracted/Hello-there-What-kind-of-software-project-are-you-looking/client/src/components/ui/radio-group.tsx,1467,43b43b48b84d3045a442409006d5cb8c5f35adfd,https://github.com/heyns1000/omnigrid/blob/main/fullstack-app-extracted/Hello-there-What-kind-of-software-project-are-you-looking/client/src/components/ui/radio-group.tsx
fullstack-app-extracted/Hello-there-What-kind-of-software-project-are-you-looking/client/src/components/ui/resizable.tsx,1723,f4bc5586b67f45d3cc35f228e8bac2e4bc2cea16,https://github.com/heyns1000/omnigrid/blob/main/fullstack-app-extracted/Hello-there-What-kind-of-software-project-are-you-looking/client/src/components/ui/resizable.tsx
fullstack-app-extracted/Hello-there-What-kind-of-software-project-are-you-looking/client/src/components/ui/scroll-area.tsx,1642,cf253cf17056ce04827219643e484ea99c77cf6b,https://github.com/heyns1000/omnigrid/blob/main/fullstack-app-extracted/Hello-there-What-kind-of-software-project-are-you-looking/client/src/components/ui/scroll-area.tsx
fullstack-app-extracted/Hello-there-What-kind-of-software-project-are-you-looking/client/src/components/ui/select.tsx,5742,a45647c222f60248d3a206e50c9266fecda2bf1c,https://github.com/heyns1000/omnigrid/blob/main/fullstack-app-extracted/Hello-there-What-kind-of-software-project-are-you-looking/client/src/components/ui/select.tsx
fullstack-app-extracted/Hello-there-What-kind-of-software-project-are-you-looking/client/src/components/ui/separator.tsx,756,6d7f12265ba0338704f013930ce4d52c56527dd1,https://github.com/heyns1000/omnigrid/blob/main/fullstack-app-extracted/Hello-there-What-kind-of-software-project-are-you-looking/client/src/components/ui/separator.tsx
fullstack-app-extracted/Hello-there-What-kind-of-software-project-are-you-looking/client/src/components/ui/sheet.tsx,4281,a37f17ba04055c1c174bd439d58aa3b5b2857cc9,https://github.com/heyns1000/omnigrid/blob/main/fullstack-app-extracted/Hello-there-What-kind-of-software-project-are-you-looking/client/src/components/ui/sheet.tsx
fullstack-app-extracted/Hello-there-What-kind-of-software-project-are-you-looking/client/src/components/ui/sidebar.tsx,23567,d17b4a3678b89abe995f6dc1a12a7034a293232e,https://github.com/heyns1000/omnigrid/blob/main/fullstack-app-extracted/Hello-there-What-kind-of-software-project-are-you-looking/client/src/components/ui/sidebar.tsx
fullstack-app-extracted/Hello-there-What-kind-of-software-project-are-you-looking/client/src/components/ui/skeleton.tsx,261,01b8b6d4f716ff7c26065bc9e46aebd932729fc1,https://github.com/heyns1000/omnigrid/blob/main/fullstack-app-extracted/Hello-there-What-kind-of-software-project-are-you-looking/client/src/components/ui/skeleton.tsx
fullstack-app-extracted/Hello-there-What-kind-of-software-project-are-you-looking/client/src/components/ui/slider.tsx,1077,e161daec03130190dcfb597c8632f9df4ba407f5,https://github.com/heyns1000/omnigrid/blob/main/fullstack-app-extracted/Hello-there-What-kind-of-software-project-are-you-looking/client/src/components/ui/slider.tsx
fullstack-app-extracted/Hello-there-What-kind-of-software-project-are-you-looking/client/src/components/ui/switch.tsx,1139,aa58baa29c676db7b14a37436a9662107b0111ec,https://github.com/heyns1000/omnigrid/blob/main/fullstack-app-extracted/Hello-there-What-kind-of-software-project-are-you-looking/client/src/components/ui/switch.tsx
fullstack-app-extracted/Hello-there-What-kind-of-software-project-are-you-looking/client/src/components/ui/table.tsx,2765,7f3502f8b2820be1d6f0aa4c1ffaa351799c1ed3,https://github.com/heyns1000/omnigrid/blob/main/fullstack-app-extracted/Hello-there-What-kind-of-software-project-are-you-looking/client/src/components/ui/table.tsx
fullstack-app-extracted/Hello-there-What-kind-of-software-project-are-you-looking/client/src/components/ui/tabs.tsx,1883,f57fffdb5a07cd21b12f8c014513475a6980a469,https://github.com/heyns1000/omnigrid/blob/main/fullstack-app-extracted/Hello-there-What-kind-of-software-project-are-you-looking/client/src/components/ui/tabs.tsx
fullstack-app-extracted/Hello-there-What-kind-of-software-project-are-you-looking/client/src/components/ui/textarea.tsx,689,4d858bb6b02662c749d3cb334129a9a1977b0c51,https://github.com/heyns1000/omnigrid/blob/main/fullstack-app-extracted/Hello-there-What-kind-of-software-project-are-you-looking/client/src/components/ui/textarea.tsx
fullstack-app-extracted/Hello-there-What-kind-of-software-project-are-you-looking/client/src/components/ui/toast.tsx,4845,a822477534192c4df5073e4015f7461e739d3344,https://github.com/heyns1000/omnigrid/blob/main/fullstack-app-extracted/Hello-there-What-kind-of-software-project-are-you-looking/client/src/components/ui/toast.tsx
fullstack-app-extracted/Hello-there-What-kind-of-software-project-are-you-looking/client/src/components/ui/toaster.tsx,772,6c67edff67a48c6ac1c46f25a6d468dd461e66cb,https://github.com/heyns1000/omnigrid/blob/main/fullstack-app-extracted/Hello-there-What-kind-of-software-project-are-you-looking/client/src/components/ui/toaster.tsx
fullstack-app-extracted/Hello-there-What-kind-of-software-project-are-you-looking/client/src/components/ui/toggle-group.tsx,1753,1c876bbeecabe59b684719afe58e684f34cdecbf,https://github.com/heyns1000/omnigrid/blob/main/fullstack-app-extracted/Hello-there-What-kind-of-software-project-are-you-looking/client/src/components/ui/toggle-group.tsx
fullstack-app-extracted/Hello-there-What-kind-of-software-project-are-you-looking/client/src/components/ui/toggle.tsx,1527,0da5cb8b74d1b02569a8bf0eaf36d135c97315d5,https://github.com/heyns1000/omnigrid/blob/main/fullstack-app-extracted/Hello-there-What-kind-of-software-project-are-you-looking/client/src/components/ui/toggle.tsx
fullstack-app-extracted/Hello-there-What-kind-of-software-project-are-you-looking/client/src/components/ui/tooltip.tsx,1209,e1ae87b9db8d9a636b8185da4ca6868c3b024d63,https://github.com/heyns1000/omnigrid/blob/main/fullstack-app-extracted/Hello-there-What-kind-of-software-project-are-you-looking/client/src/components/ui/tooltip.tsx
fullstack-app-extracted/Hello-there-What-kind-of-software-project-are-you-looking/client/src/hooks/use-mobile.tsx,565,2b0fe1dfef3b17850bbac040665f514a8ffd0f15,https://github.com/heyns1000/omnigrid/blob/main/fullstack-app-extracted/Hello-there-What-kind-of-software-project-are-you-looking/client/src/hooks/use-mobile.tsx
fullstack-app-extracted/Hello-there-What-kind-of-software-project-are-you-looking/client/src/hooks/use-theme.tsx,1616,00425f1fc00bc4de4aa00c63ffc58285e0fab27d,https://github.com/heyns1000/omnigrid/blob/main/fullstack-app-extracted/Hello-there-What-kind-of-software-project-are-you-looking/client/src/hooks/use-theme.tsx
fullstack-app-extracted/Hello-there-What-kind-of-software-project-are-you-looking/client/src/hooks/use-toast.ts,3895,2c14125ac48b874740770da80d9e424daf1db58b,https://github.com/heyns1000/omnigrid/blob/main/fullstack-app-extracted/Hello-there-What-kind-of-software-project-are-you-looking/client/src/hooks/use-toast.ts
fullstack-app-extracted/Hello-there-What-kind-of-software-project-are-you-looking/client/src/index.css,8381,f8f07ee0526d6ab963cbc5eeacb9eb88c0ce8fb2,https://github.com/heyns1000/omnigrid/blob/main/fullstack-app-extracted/Hello-there-What-kind-of-software-project-are-you-looking/client/src/index.css
fullstack-app-extracted/Hello-there-What-kind-of-software-project-are-you-looking/client/src/lib/queryClient.ts,1383,f315a142495772235f6e5324668ce3bc34ef1871,https://github.com/heyns1000/omnigrid/blob/main/fullstack-app-extracted/Hello-there-What-kind-of-software-project-are-you-looking/client/src/lib/queryClient.ts
fullstack-app-extracted/Hello-there-What-kind-of-software-project-are-you-looking/client/src/lib/utils.ts,166,bd0c391ddd1088e9067844c48835bf4abcd61783,https://github.com/heyns1000/omnigrid/blob/main/fullstack-app-extracted/Hello-there-What-kind-of-software-project-are-you-looking/client/src/lib/utils.ts
fullstack-app-extracted/Hello-there-What-kind-of-software-project-are-you-looking/client/src/main.tsx,157,696e0d2b94fbc09e5bf2378678cfe86625c2f15c,https://github.com/heyns1000/omnigrid/blob/main/fullstack-app-extracted/Hello-there-What-kind-of-software-project-are-you-looking/client/src/main.tsx
fullstack-app-extracted/Hello-there-What-kind-of-software-project-are-you-looking/client/src/pages/FaaShells.tsx,26398,6edf7290e9e269412c7734e522b61e7cd86f4b36,https://github.com/heyns1000/omnigrid/blob/main/fullstack-app-extracted/Hello-there-What-kind-of-software-project-are-you-looking/client/src/pages/FaaShells.tsx
fullstack-app-extracted/Hello-there-What-kind-of-software-project-are-you-looking/client/src/pages/ai-studio.tsx,10528,5ee3591781a247faa831a74fa628ebd090025849,https://github.com/heyns1000/omnigrid/blob/main/fullstack-app-extracted/Hello-there-What-kind-of-software-project-are-you-looking/client/src/pages/ai-studio.tsx
fullstack-app-extracted/Hello-there-What-kind-of-software-project-are-you-looking/client/src/pages/analytics.tsx,21852,19bf22921c85ae1eb18b90951892bd005b487acd,https://github.com/heyns1000/omnigrid/blob/main/fullstack-app-extracted/Hello-there-What-kind-of-software-project-are-you-looking/client/src/pages/analytics.tsx
fullstack-app-extracted/Hello-there-What-kind-of-software-project-are-you-looking/client/src/pages/automation.tsx,13894,e5c2664422d00dda6f92807b11ce7110d704745f,https://github.com/heyns1000/omnigrid/blob/main/fullstack-app-extracted/Hello-there-What-kind-of-software-project-are-you-looking/client/src/pages/automation.tsx
fullstack-app-extracted/Hello-there-What-kind-of-software-project-are-you-looking/client/src/pages/brand-management.tsx,12074,80f9ecdfb40c2167c59d2e6289902f10e46ea3f8,https://github.com/heyns1000/omnigrid/blob/main/fullstack-app-extracted/Hello-there-What-kind-of-software-project-are-you-looking/client/src/pages/brand-management.tsx
fullstack-app-extracted/Hello-there-What-kind-of-software-project-are-you-looking/client/src/pages/collaboration.tsx,13540,8303a93fe2f7495b5e3b0591a8180298719ac2e4,https://github.com/heyns1000/omnigrid/blob/main/fullstack-app-extracted/Hello-there-What-kind-of-software-project-are-you-looking/client/src/pages/collaboration.tsx
fullstack-app-extracted/Hello-there-What-kind-of-software-project-are-you-looking/client/src/pages/compliance.tsx,17786,89dd0944b860ce63ce21d24f2cc53947834d60b2,https://github.com/heyns1000/omnigrid/blob/main/fullstack-app-extracted/Hello-there-What-kind-of-software-project-are-you-looking/client/src/pages/compliance.tsx
fullstack-app-extracted/Hello-there-What-kind-of-software-project-are-you-looking/client/src/pages/dashboard.tsx,7594,c8e99f0828bea04644ed71d2ee6908a4f5b7a661,https://github.com/heyns1000/omnigrid/blob/main/fullstack-app-extracted/Hello-there-What-kind-of-software-project-are-you-looking/client/src/pages/dashboard.tsx
fullstack-app-extracted/Hello-there-What-kind-of-software-project-are-you-looking/client/src/pages/deployment-control.tsx,14736,2592ac1b149e98208c6a87bf819bc5432880b66c,https://github.com/heyns1000/omnigrid/blob/main/fullstack-app-extracted/Hello-there-What-kind-of-software-project-are-you-looking/client/src/pages/deployment-control.tsx
fullstack-app-extracted/Hello-there-What-kind-of-software-project-are-you-looking/client/src/pages/global-ops.tsx,20320,e0679a9febc0498da43d3c66c80414cabf91e136,https://github.com/heyns1000/omnigrid/blob/main/fullstack-app-extracted/Hello-there-What-kind-of-software-project-are-you-looking/client/src/pages/global-ops.tsx
fullstack-app-extracted/Hello-there-What-kind-of-software-project-are-you-looking/client/src/pages/integrations.tsx,18483,e7f434370ed6c1ff6587eb4e8bc3c04e8f0dbfb9,https://github.com/heyns1000/omnigrid/blob/main/fullstack-app-extracted/Hello-there-What-kind-of-software-project-are-you-looking/client/src/pages/integrations.tsx
fullstack-app-extracted/Hello-there-What-kind-of-software-project-are-you-looking/client/src/pages/landing.tsx,10535,c4c4e856545db9d77ed9ba5e59465e27ff84a1cc,https://github.com/heyns1000/omnigrid/blob/main/fullstack-app-extracted/Hello-there-What-kind-of-software-project-are-you-looking/client/src/pages/landing.tsx
fullstack-app-extracted/Hello-there-What-kind-of-software-project-are-you-looking/client/src/pages/marketplace.tsx,9351,c071303af562129c8d7026dae306a992e9dc97de,https://github.com/heyns1000/omnigrid/blob/main/fullstack-app-extracted/Hello-there-What-kind-of-software-project-are-you-looking/client/src/pages/marketplace.tsx
fullstack-app-extracted/Hello-there-What-kind-of-software-project-are-you-looking/client/src/pages/monitoring.tsx,17772,51504e80afe498e5dab83027dc9e96da733abbe7,https://github.com/heyns1000/omnigrid/blob/main/fullstack-app-extracted/Hello-there-What-kind-of-software-project-are-you-looking/client/src/pages/monitoring.tsx
fullstack-app-extracted/Hello-there-What-kind-of-software-project-are-you-looking/client/src/pages/not-found.tsx,711,dba9f8316f8e796e2808090c4f6cf770e6b90c4a,https://github.com/heyns1000/omnigrid/blob/main/fullstack-app-extracted/Hello-there-What-kind-of-software-project-are-you-looking/client/src/pages/not-found.tsx
fullstack-app-extracted/Hello-there-What-kind-of-software-project-are-you-looking/client/src/pages/performance.tsx,18446,9daaf0da1feed6254a07e8f3d14301414f78b8ba,https://github.com/heyns1000/omnigrid/blob/main/fullstack-app-extracted/Hello-there-What-kind-of-software-project-are-you-looking/client/src/pages/performance.tsx
fullstack-app-extracted/Hello-there-What-kind-of-software-project-are-you-looking/client/src/pages/python-deploy.tsx,14162,c1d4fdcd2c931f8580433f347626226c7c2b90ac,https://github.com/heyns1000/omnigrid/blob/main/fullstack-app-extracted/Hello-there-What-kind-of-software-project-are-you-looking/client/src/pages/python-deploy.tsx
fullstack-app-extracted/Hello-there-What-kind-of-software-project-are-you-looking/client/src/pages/securesign.tsx,25012,7e8ee5a77154a204b1e86427d043ff9177a9b5ae,https://github.com/heyns1000/omnigrid/blob/main/fullstack-app-extracted/Hello-there-What-kind-of-software-project-are-you-looking/client/src/pages/securesign.tsx
fullstack-app-extracted/Hello-there-What-kind-of-software-project-are-you-looking/client/src/pages/template-orchestration.tsx,19105,6c6de6566246aa8ff61087a28485f8258a9ccb84,https://github.com/heyns1000/omnigrid/blob/main/fullstack-app-extracted/Hello-there-What-kind-of-software-project-are-you-looking/client/src/pages/template-orchestration.tsx
fullstack-app-extracted/Hello-there-What-kind-of-software-project-are-you-looking/client/src/pages/workflows.tsx,16246,57203788f5c6e9ed66754f8f34f44592c19efd42,https://github.com/heyns1000/omnigrid/blob/main/fullstack-app-extracted/Hello-there-What-kind-of-software-project-are-you-looking/client/src/pages/workflows.tsx
fullstack-app-extracted/Hello-there-What-kind-of-software-project-are-you-looking/components.json,459,4d7d89f0d7e9146e1e11cc799ce465e21f2e5c4a,https://github.com/heyns1000/omnigrid/blob/main/fullstack-app-extracted/Hello-there-What-kind-of-software-project-are-you-looking/components.json
fullstack-app-extracted/Hello-there-What-kind-of-software-project-are-you-looking/drizzle.config.ts,325,4cd7b4cb3770a444d70ce72acabcb58e4e3ab18a,https://github.com/heyns1000/omnigrid/blob/main/fullstack-app-extracted/Hello-there-What-kind-of-software-project-are-you-looking/drizzle.config.ts
fullstack-app-extracted/Hello-there-What-kind-of-software-project-are-you-looking/insert_vaultmesh.sql,6299,104580b70cb081014f6261d62c8c4d87343f719f,https://github.com/heyns1000/omnigrid/blob/main/fullstack-app-extracted/Hello-there-What-kind-of-software-project-are-you-looking/insert_vaultmesh.sql
fullstack-app-extracted/Hello-there-What-kind-of-software-project-are-you-looking/package-lock.json,349792,0a4ff8df07abbb50abf9fb72f6d5d681eed09b37,https://github.com/heyns1000/omnigrid/blob/main/fullstack-app-extracted/Hello-there-What-kind-of-software-project-are-you-looking/package-lock.json
fullstack-app-extracted/Hello-there-What-kind-of-software-project-are-you-looking/package.json,3661,7d8796018dc1be0ee36e78ee4266913679cb4100,https://github.com/heyns1000/omnigrid/blob/main/fullstack-app-extracted/Hello-there-What-kind-of-software-project-are-you-looking/package.json
fullstack-app-extracted/Hello-there-What-kind-of-software-project-are-you-looking/postcss.config.js,80,2e7af2b7f1a6f391da1631d93968a9d487ba977d,https://github.com/heyns1000/omnigrid/blob/main/fullstack-app-extracted/Hello-there-What-kind-of-software-project-are-you-looking/postcss.config.js
fullstack-app-extracted/Hello-there-What-kind-of-software-project-are-you-looking/python_scripts/deployment_generator.py,85135,363f3e24916903f1aae0b2caa330efaf1d09fbc9,https://github.com/heyns1000/omnigrid/blob/main/fullstack-app-extracted/Hello-there-What-kind-of-software-project-are-you-looking/python_scripts/deployment_generator.py
fullstack-app-extracted/Hello-there-What-kind-of-software-project-are-you-looking/replit.md,6314,4f2a976a5137da4d54781c272f7b16be27521a23,https://github.com/heyns1000/omnigrid/blob/main/fullstack-app-extracted/Hello-there-What-kind-of-software-project-are-you-looking/replit.md
fullstack-app-extracted/Hello-there-What-kind-of-software-project-are-you-looking/server/db.ts,482,7ca3d56a2c6c16922e98f870012a2f5e2fa9fb45,https://github.com/heyns1000/omnigrid/blob/main/fullstack-app-extracted/Hello-there-What-kind-of-software-project-are-you-looking/server/db.ts
fullstack-app-extracted/Hello-there-What-kind-of-software-project-are-you-looking/server/direct-dashboard.ts,1064,8761d9222fb1cf9c6b5d0c79ae1b267214301961,https://github.com/heyns1000/omnigrid/blob/main/fullstack-app-extracted/Hello-there-What-kind-of-software-project-are-you-looking/server/direct-dashboard.ts
fullstack-app-extracted/Hello-there-What-kind-of-software-project-are-you-looking/server/direct-serve.ts,1683,5b3ab9709389ad2c9987329befeae6152c87ed82,https://github.com/heyns1000/omnigrid/blob/main/fullstack-app-extracted/Hello-there-What-kind-of-software-project-are-you-looking/server/direct-serve.ts
fullstack-app-extracted/Hello-there-What-kind-of-software-project-are-you-looking/server/enhanced-dashboard.ts,2012,da7a165f62bffe73d39a60ad9330e0af62d97b3a,https://github.com/heyns1000/omnigrid/blob/main/fullstack-app-extracted/Hello-there-What-kind-of-software-project-are-you-looking/server/enhanced-dashboard.ts
fullstack-app-extracted/Hello-there-What-kind-of-software-project-are-you-looking/server/enhanced-vaultmesh.ts,3293,bdd573181e951595ff9ba02660b8a4677dba318f,https://github.com/heyns1000/omnigrid/blob/main/fullstack-app-extracted/Hello-there-What-kind-of-software-project-are-you-looking/server/enhanced-vaultmesh.ts
fullstack-app-extracted/Hello-there-What-kind-of-software-project-are-you-looking/server/index.ts,5259,a9ea5f3b33dc393e6a28cd1c57e48fc63dd92a6b,https://github.com/heyns1000/omnigrid/blob/main/fullstack-app-extracted/Hello-there-What-kind-of-software-project-are-you-looking/server/index.ts
fullstack-app-extracted/Hello-there-What-kind-of-software-project-are-you-looking/server/paypal.ts,3940,e76494389d51a0bd920857c45e4e99cfb5f0f839,https://github.com/heyns1000/omnigrid/blob/main/fullstack-app-extracted/Hello-there-What-kind-of-software-project-are-you-looking/server/paypal.ts
fullstack-app-extracted/Hello-there-What-kind-of-software-project-are-you-looking/server/production-server.ts,2128,b96c117e216ea4532bc05883baa78d36f59e77bc,https://github.com/heyns1000/omnigrid/blob/main/fullstack-app-extracted/Hello-there-What-kind-of-software-project-are-you-looking/server/production-server.ts
fullstack-app-extracted/Hello-there-What-kind-of-software-project-are-you-looking/server/python-engine.ts,5224,f5d42c1def090e5d0d05b86b5d65cb70c48fb320,https://github.com/heyns1000/omnigrid/blob/main/fullstack-app-extracted/Hello-there-What-kind-of-software-project-are-you-looking/server/python-engine.ts
fullstack-app-extracted/Hello-there-What-kind-of-software-project-are-you-looking/server/routes.ts,16414,d0d6232180f0bd6f6fb780e95d67d9451f4c458f,https://github.com/heyns1000/omnigrid/blob/main/fullstack-app-extracted/Hello-there-What-kind-of-software-project-are-you-looking/server/routes.ts
fullstack-app-extracted/Hello-there-What-kind-of-software-project-are-you-looking/server/seed-data.ts,396298,8d24438493ff85eb2c8a8beb23b0b891b4db88de,https://github.com/heyns1000/omnigrid/blob/main/fullstack-app-extracted/Hello-there-What-kind-of-software-project-are-you-looking/server/seed-data.ts
fullstack-app-extracted/Hello-there-What-kind-of-software-project-are-you-looking/server/storage.ts,35715,de0ee13ee8d0147d06c9cf7f0d4db5f1ca5e0da7,https://github.com/heyns1000/omnigrid/blob/main/fullstack-app-extracted/Hello-there-What-kind-of-software-project-are-you-looking/server/storage.ts
fullstack-app-extracted/Hello-there-What-kind-of-software-project-are-you-looking/server/vite.ts,2263,9338c14f4a52d12d87a6b4f57fbd6ef479bf8c94,https://github.com/heyns1000/omnigrid/blob/main/fullstack-app-extracted/Hello-there-What-kind-of-software-project-are-you-looking/server/vite.ts
fullstack-app-extracted/Hello-there-What-kind-of-software-project-are-you-looking/shared/schema.ts,14784,dda5895550b736ee3153a7e492ca023ad98996fd,https://github.com/heyns1000/omnigrid/blob/main/fullstack-app-extracted/Hello-there-What-kind-of-software-project-are-you-looking/shared/schema.ts
fullstack-app-extracted/Hello-there-What-kind-of-software-project-are-you-looking/start-authentic.js,2021,fc788accc2c4a3239dcbed6592e8179f3554987a,https://github.com/heyns1000/omnigrid/blob/main/fullstack-app-extracted/Hello-there-What-kind-of-software-project-are-you-looking/start-authentic.js
fullstack-app-extracted/Hello-there-What-kind-of-software-project-are-you-looking/tailwind.config.ts,2627,ab1bca54d78bf9d3ce3822bddaee047f10a50bfc,https://github.com/heyns1000/omnigrid/blob/main/fullstack-app-extracted/Hello-there-What-kind-of-software-project-are-you-looking/tailwind.config.ts
fullstack-app-extracted/Hello-there-What-kind-of-software-project-are-you-looking/tmp/replace_vault_mesh.txt,141,58f499c7050e201117c60340c5bb8e1f375e7241,https://github.com/heyns1000/omnigrid/blob/main/fullstack-app-extracted/Hello-there-What-kind-of-software-project-are-you-looking/tmp/replace_vault_mesh.txt
fullstack-app-extracted/Hello-there-What-kind-of-software-project-are-you-looking/tmp/seed_data_replacement.js,141,58f499c7050e201117c60340c5bb8e1f375e7241,https://github.com/heyns1000/omnigrid/blob/main/fullstack-app-extracted/Hello-there-What-kind-of-software-project-are-you-looking/tmp/seed_data_replacement.js
fullstack-app-extracted/Hello-there-What-kind-of-software-project-are-you-looking/tsconfig.json,657,a0203eefcb88d0dcf5e5ff0e2f90150a1b46ee05,https://github.com/heyns1000/omnigrid/blob/main/fullstack-app-extracted/Hello-there-What-kind-of-software-project-are-you-looking/tsconfig.json
fullstack-app-extracted/Hello-there-What-kind-of-software-project-are-you-looking/vaultmesh_template.html,78723,4bfd83a01b0556b2f526f2e13310063466a86686,https://github.com/heyns1000/omnigrid/blob/main/fullstack-app-extracted/Hello-there-What-kind-of-software-project-are-you-looking/vaultmesh_template.html
fullstack-app-extracted/Hello-there-What-kind-of-software-project-are-you-looking/vite.config.ts,971,ce3e3d1f6b15a33e4ae097b4cfff0f42b3309380,https://github.com/heyns1000/omnigrid/blob/main/fullstack-app-extracted/Hello-there-What-kind-of-software-project-are-you-looking/vite.config.ts
generate_holoreport.py,1636,b5bebe85b528ca490cd0e7de0e6b08dbeb321fe1,https://github.com/heyns1000/omnigrid/blob/main/generate_holoreport.py
hardhat.config.js,741,0dd134b0a6eefdf49b758c95eadc1fb74aa4e374,https://github.com/heyns1000/omnigrid/blob/main/hardhat.config.js
hotstack-v3.1-quantum-dashboard.html,17076,ed666fa97b168ca125e6f8a415d6cd3aa13e5091,https://github.com/heyns1000/omnigrid/blob/main/hotstack-v3.1-quantum-dashboard.html
hotstack_deploy_all.py,13167,90419c2f9e1ffa782c552d3c7c8e484cb23f27e6,https://github.com/heyns1000/omnigrid/blob/main/hotstack_deploy_all.py
hotstack_deployment_interface.html,32116,47e0ffa7f65916b319bc2b18ee9430088f8d89f3,https://github.com/heyns1000/omnigrid/blob/main/hotstack_deployment_interface.html
ip_sentinel.py,6354,3c715dc60986cc8f4435f9ed53ebca5d518280dc,https://github.com/heyns1000/omnigrid/blob/main/ip_sentinel.py
lib/ccip-network-modal.ts,15478,d25baa53c5acfcce12ce5ea93a98908d477d4cab,https://github.com/heyns1000/omnigrid/blob/main/lib/ccip-network-modal.ts
lib/cross-vault-aggregator.ts,14924,71d2298c726d635e470b517227d03393b0438499,https://github.com/heyns1000/omnigrid/blob/main/lib/cross-vault-aggregator.ts
lib/eho-memory.py,10633,c1852d6c208aee068184ae8eb7780976c0239eec,https://github.com/heyns1000/omnigrid/blob/main/lib/eho-memory.py
lib/eternal-evolution-engine.ts,10465,e12847e454c5bc53ac2761000ad63905cff19ddf,https://github.com/heyns1000/omnigrid/blob/main/lib/eternal-evolution-engine.ts
lib/faa_actuary_quantum_core.py,14488,451847c796a3112faaddf4ffd017c8e49ac9a0e0,https://github.com/heyns1000/omnigrid/blob/main/lib/faa_actuary_quantum_core.py
lib/hotstack-v3-hooks.ts,8737,28fd06dcb96d2e6f124f7286bff2ecd26f8fea05,https://github.com/heyns1000/omnigrid/blob/main/lib/hotstack-v3-hooks.ts
lib/hrefs.ts,9721,bd15bed2638f96174bdd2f325fe91f6d489f413b,https://github.com/heyns1000/omnigrid/blob/main/lib/hrefs.ts
lib/multi-chain-ledger.ts,14832,f78a037cf6504e58eaad07e53eb19ad3ce4aedb1,https://github.com/heyns1000/omnigrid/blob/main/lib/multi-chain-ledger.ts
lib/oracle_feed_quantum.py,14219,61c962d7652c9e3189d0f501a0e3ebadd49edc10,https://github.com/heyns1000/omnigrid/blob/main/lib/oracle_feed_quantum.py
lib/oracles/index.ts,939,b8d07925e4525ec3631a2071ada17e1862fc4b3f,https://github.com/heyns1000/omnigrid/blob/main/lib/oracles/index.ts
lib/oracles/multi-chain-aggregator.ts,7691,6318f91ff833862a1f41613424a789ce6b1f93f9,https://github.com/heyns1000/omnigrid/blob/main/lib/oracles/multi-chain-aggregator.ts
lib/pqc-indexing.ts,10924,82e031d1ddb8e560820b20201c1f1bfbc29f180f,https://github.com/heyns1000/omnigrid/blob/main/lib/pqc-indexing.ts
lib/qfr/quantum-core-storage.ts,13223,6eadae7ccd45461e726709b8fa151d15cf7e6cc0,https://github.com/heyns1000/omnigrid/blob/main/lib/qfr/quantum-core-storage.ts
lib/quantum-fidelity.ts,14553,62ce258e49b5f2e92491f1698746a53ab29548ec,https://github.com/heyns1000/omnigrid/blob/main/lib/quantum-fidelity.ts
lib/quantum-oracle-client.ts,8123,a891fe081d4f8ec3a4872ceef05b85b518af8969,https://github.com/heyns1000/omnigrid/blob/main/lib/quantum-oracle-client.ts
lib/quantum_metrics_collector.py,7684,7b27e5771db7307e00f1920c5c87d086e8ff613b,https://github.com/heyns1000/omnigrid/blob/main/lib/quantum_metrics_collector.py
lib/quantum_subnodes.py,15727,d8b8c7d95667758a7cfa779dcf11814a2fc00142,https://github.com/heyns1000/omnigrid/blob/main/lib/quantum_subnodes.py
lib/quantum_validator.py,12794,925e8d7577f69463670a9b6ce84f113813e6c7dc,https://github.com/heyns1000/omnigrid/blob/main/lib/quantum_validator.py
lib/research/href-verifier.ts,5244,a475c3dc23faee3fbbc2a6158b9e0e964d9885a3,https://github.com/heyns1000/omnigrid/blob/main/lib/research/href-verifier.ts
lib/research/i18n-scanner.ts,5598,8225fa4990364498bf5cef176671ec9a17dbd4c5,https://github.com/heyns1000/omnigrid/blob/main/lib/research/i18n-scanner.ts
lib/research/pattern-extractor.ts,10733,d36a2414f6b36c8333c05f9f257f8c9560a94f6a,https://github.com/heyns1000/omnigrid/blob/main/lib/research/pattern-extractor.ts
lib/research/repo-scanner.ts,8926,5dbdd68c2c6cf938542ca9dc6c262dddc97837be,https://github.com/heyns1000/omnigrid/blob/main/lib/research/repo-scanner.ts
lib/research/standards-analyzer.ts,9871,2561ced0855960638c2f9061641fb3b5bff46ad7,https://github.com/heyns1000/omnigrid/blob/main/lib/research/standards-analyzer.ts
lib/research/types.ts,3708,19cb11e38b357288adbff2cfaa7f1cbe1500651b,https://github.com/heyns1000/omnigrid/blob/main/lib/research/types.ts
lib/routing-dna.ts,11498,104a70eb2b29ec45e66d92f9faea1904e104a95a,https://github.com/heyns1000/omnigrid/blob/main/lib/routing-dna.ts
lib/tensorflow_quantum_integration.py,13321,6330bb528e6d2e91cc01e01bed59855f09e978e2,https://github.com/heyns1000/omnigrid/blob/main/lib/tensorflow_quantum_integration.py
lib/vaultmesh-eho.ts,9250,d3d9a352f2b848ccbad54db599f85e3f987ba432,https://github.com/heyns1000/omnigrid/blob/main/lib/vaultmesh-eho.ts
lib/zk-proof-constructor.ts,12223,21f18979cbe0733d9aadc113b2f07e3c0ed87f29,https://github.com/heyns1000/omnigrid/blob/main/lib/zk-proof-constructor.ts
locales/_template.json,4313,c653cced55b6a7f6e57b19eb818e33f7ab261a86,https://github.com/heyns1000/omnigrid/blob/main/locales/_template.json
locales/en.json,6248,9233a6880abd59cf6dcecaf04814a0b96af09761,https://github.com/heyns1000/omnigrid/blob/main/locales/en.json
metaflow_cleaner.py,8197,f12bdc8a5f61cdbf87222dc51d225259496a2242,https://github.com/heyns1000/omnigrid/blob/main/metaflow_cleaner.py
metdata/.gitkeep,0,e69de29bb2d1d6434b8b29ae775ad8c2e48c5391,https://github.com/heyns1000/omnigrid/blob/main/metdata/.gitkeep
metdata/README.md,308,1a86345594d668087c81c893667d9c00ce3a2b9c,https://github.com/heyns1000/omnigrid/blob/main/metdata/README.md
netlify.toml,2167,b67d5b960eabe5dac8bace4c4d2e9e7333c44218,https://github.com/heyns1000/omnigrid/blob/main/netlify.toml
omnigrid_claude_data.json,100878,61d4f3015f6a32a0c8a1c2485a471fc0d94702bc,https://github.com/heyns1000/omnigrid/blob/main/omnigrid_claude_data.json
package.json,1590,48918764badead496c0e6465fd73c31871e2cf7d,https://github.com/heyns1000/omnigrid/blob/main/package.json
phase41_validation_engine.py,15392,a4fafece2f1b9e1dd7c38b667a51c6064dac3508,https://github.com/heyns1000/omnigrid/blob/main/phase41_validation_engine.py
public/assets/Fruiful_1757075797113-C7FcwEiY.png,22012,fe149f7953271ff0249cd12851458e8286156553,https://github.com/heyns1000/omnigrid/blob/main/public/assets/Fruiful_1757075797113-C7FcwEiY.png
public/assets/auto-DVWdB3IU.js,208128,5c18baac274fa1f7800fc8d897e6d250ea2a29d5,https://github.com/heyns1000/omnigrid/blob/main/public/assets/auto-DVWdB3IU.js
public/assets/index-DS5sti4r.js,1113452,2cf3ca1664fe7a49fbf7262ab7b279111c76af14,https://github.com/heyns1000/omnigrid/blob/main/public/assets/index-DS5sti4r.js
public/assets/index-DoyXfNiE.css,89032,d5211aee670cebff9a3ce97924f9e7eb54c08688,https://github.com/heyns1000/omnigrid/blob/main/public/assets/index-DoyXfNiE.css
public/assets/leaflet-src-C1n2ASpz.js,149983,4118389f18b6ab82a82e54f5b66e110f9f83a5f2,https://github.com/heyns1000/omnigrid/blob/main/public/assets/leaflet-src-C1n2ASpz.js
public/fruitful-global/assets/Fruiful_1757075797113-C7FcwEiY.png,22012,fe149f7953271ff0249cd12851458e8286156553,https://github.com/heyns1000/omnigrid/blob/main/public/fruitful-global/assets/Fruiful_1757075797113-C7FcwEiY.png
public/fruitful-global/assets/auto-DVWdB3IU.js,208128,5c18baac274fa1f7800fc8d897e6d250ea2a29d5,https://github.com/heyns1000/omnigrid/blob/main/public/fruitful-global/assets/auto-DVWdB3IU.js
public/fruitful-global/assets/index-DS5sti4r.js,1113452,2cf3ca1664fe7a49fbf7262ab7b279111c76af14,https://github.com/heyns1000/omnigrid/blob/main/public/fruitful-global/assets/index-DS5sti4r.js
public/fruitful-global/assets/index-DoyXfNiE.css,89032,d5211aee670cebff9a3ce97924f9e7eb54c08688,https://github.com/heyns1000/omnigrid/blob/main/public/fruitful-global/assets/index-DoyXfNiE.css
public/fruitful-global/assets/leaflet-src-C1n2ASpz.js,149983,4118389f18b6ab82a82e54f5b66e110f9f83a5f2,https://github.com/heyns1000/omnigrid/blob/main/public/fruitful-global/assets/leaflet-src-C1n2ASpz.js
public/fruitful-global/index.html,625,564c03220d569af24c96458b19609040dc8acde6,https://github.com/heyns1000/omnigrid/blob/main/public/fruitful-global/index.html
public/index.html,625,564c03220d569af24c96458b19609040dc8acde6,https://github.com/heyns1000/omnigrid/blob/main/public/index.html
public/omnigrid.html,27415,a428b8825969ec8f79b514eaf1d71dbae00808fd,https://github.com/heyns1000/omnigrid/blob/main/public/omnigrid.html
public/omnigrid_admin_portal.html,195529,be3929dbd532fe66b04913961205582cda2f1df1,https://github.com/heyns1000/omnigrid/blob/main/public/omnigrid_admin_portal.html
public/sector_index.html,216828,4eaf69dec2913fc7b4459709ccf35f743137f5b8,https://github.com/heyns1000/omnigrid/blob/main/public/sector_index.html
pulse.log,26235,2c650f2854477855fe344a2ffba30019cf5f5460,https://github.com/heyns1000/omnigrid/blob/main/pulse.log
pulse_engine.py,5934,5d6082ea46c37784610c2e692a085f6c49392e9b,https://github.com/heyns1000/omnigrid/blob/main/pulse_engine.py
pulse_repo_merger.py,9445,b1bf7a7194a4f52b28628671801bd67046134dff,https://github.com/heyns1000/omnigrid/blob/main/pulse_repo_merger.py
pulse_stats.json,196,d8e724d723c18aee522877a9959e323f87ae8077,https://github.com/heyns1000/omnigrid/blob/main/pulse_stats.json
quantum-resilient-dashboard-v3.html,20304,a4f8a51621a1b675707f6090d70cc921fc7a398f,https://github.com/heyns1000/omnigrid/blob/main/quantum-resilient-dashboard-v3.html
quantum_feeds_sync.py,15064,36dad7f115ffc3ba028e81ce12a696024ff3b02e,https://github.com/heyns1000/omnigrid/blob/main/quantum_feeds_sync.py
rebuilt_systems/deploy_all.sh,1324,7b14812b57f21aa54bd828633a490e29bde5507f,https://github.com/heyns1000/omnigrid/blob/main/rebuilt_systems/deploy_all.sh
rebuilt_systems/fruitful-global/.env,149,4080e67cd995094abda7c8691a8d9d0d711737fb,https://github.com/heyns1000/omnigrid/blob/main/rebuilt_systems/fruitful-global/.env
rebuilt_systems/fruitful-global/.gitignore,67,f9ba7f8b4901d059a522d76272612aa2a8321bc3,https://github.com/heyns1000/omnigrid/blob/main/rebuilt_systems/fruitful-global/.gitignore
rebuilt_systems/fruitful-global/.local/state/replit/agent/.agent_state_06ea04ec6755a4d96c4abf6b0a8e2cddfa065c7b.bin,102744,8de28e73488de9ca9a6e6dbb7cc50d50c35f92a6,https://github.com/heyns1000/omnigrid/blob/main/rebuilt_systems/fruitful-global/.local/state/replit/agent/.agent_state_06ea04ec6755a4d96c4abf6b0a8e2cddfa065c7b.bin
rebuilt_systems/fruitful-global/.local/state/replit/agent/.agent_state_0a697d912417363ca41f0b6b38dea469d86a538b.bin,1337829,b79c5274bc8329cbafa205f27967c9824543f8f6,https://github.com/heyns1000/omnigrid/blob/main/rebuilt_systems/fruitful-global/.local/state/replit/agent/.agent_state_0a697d912417363ca41f0b6b38dea469d86a538b.bin
rebuilt_systems/fruitful-global/.local/state/replit/agent/.agent_state_0d70548c8ec5e57b36a49c0852f9deaeebef72d2.bin,224132,34a42c3ea1e7c86121cba0c99a57798a7e38bb0e,https://github.com/heyns1000/omnigrid/blob/main/rebuilt_systems/fruitful-global/.local/state/replit/agent/.agent_state_0d70548c8ec5e57b36a49c0852f9deaeebef72d2.bin
rebuilt_systems/fruitful-global/.local/state/replit/agent/.agent_state_0d7b8424e4f00972452a68b4cc3afd3dd5f91150.bin,280675,a87d8b41869b37d107ad1280acae795815669eb3,https://github.com/heyns1000/omnigrid/blob/main/rebuilt_systems/fruitful-global/.local/state/replit/agent/.agent_state_0d7b8424e4f00972452a68b4cc3afd3dd5f91150.bin
rebuilt_systems/fruitful-global/.local/state/replit/agent/.agent_state_10e7c4c943627829fdc1c4475ed56421f65e928c.bin,82176,a557ca57f9b2c66808983400a9f954d9a5f404a6,https://github.com/heyns1000/omnigrid/blob/main/rebuilt_systems/fruitful-global/.local/state/replit/agent/.agent_state_10e7c4c943627829fdc1c4475ed56421f65e928c.bin
rebuilt_systems/fruitful-global/.local/state/replit/agent/.agent_state_196e77d98d56aa62c689f2347ccd3a1d74958102.bin,817481,846e9bfa1be66dd1bd7b9f44cdd2c40b9bc7cf29,https://github.com/heyns1000/omnigrid/blob/main/rebuilt_systems/fruitful-global/.local/state/replit/agent/.agent_state_196e77d98d56aa62c689f2347ccd3a1d74958102.bin
rebuilt_systems/fruitful-global/.local/state/replit/agent/.agent_state_1d225a046d3225170502fb99bbf6c3a616580b66.bin,220322,ca700dd3b94326aafa0cf3785a14261022c56d02,https://github.com/heyns1000/omnigrid/blob/main/rebuilt_systems/fruitful-global/.local/state/replit/agent/.agent_state_1d225a046d3225170502fb99bbf6c3a616580b66.bin
rebuilt_systems/fruitful-global/.local/state/replit/agent/.agent_state_22e86b718e8a0690852c464d54fa9133e25944bd.bin,1155124,39f56e3661c739d66c9322d288c36de4db5f90b9,https://github.com/heyns1000/omnigrid/blob/main/rebuilt_systems/fruitful-global/.local/state/replit/agent/.agent_state_22e86b718e8a0690852c464d54fa9133e25944bd.bin
rebuilt_systems/fruitful-global/.local/state/replit/agent/.agent_state_267fe76ade557507e1a6062a81272fd2f8c124fb.bin,1273148,8e3fe51495e23e24ecc77c27fd83acf207dc1fb6,https://github.com/heyns1000/omnigrid/blob/main/rebuilt_systems/fruitful-global/.local/state/replit/agent/.agent_state_267fe76ade557507e1a6062a81272fd2f8c124fb.bin
rebuilt_systems/fruitful-global/.local/state/replit/agent/.agent_state_271989d0834c0a22328db562a78530c70181747d.bin,192050,d952b9dc200b352601893f6c4084e6563fcb7bb8,https://github.com/heyns1000/omnigrid/blob/main/rebuilt_systems/fruitful-global/.local/state/replit/agent/.agent_state_271989d0834c0a22328db562a78530c70181747d.bin
rebuilt_systems/fruitful-global/.local/state/replit/agent/.agent_state_373c646b3245671ee1afa6664c34a8091198becf.bin,1439403,57a9667b84c89618d3216eaa297b49553eaee405,https://github.com/heyns1000/omnigrid/blob/main/rebuilt_systems/fruitful-global/.local/state/replit/agent/.agent_state_373c646b3245671ee1afa6664c34a8091198becf.bin
rebuilt_systems/fruitful-global/.local/state/replit/agent/.agent_state_39ddd0e1ddaef5bb052d4713602c3c9b0c7930a8.bin,1052884,10b4e7e015fa7f07780822fb2818c8d22cac58af,https://github.com/heyns1000/omnigrid/blob/main/rebuilt_systems/fruitful-global/.local/state/replit/agent/.agent_state_39ddd0e1ddaef5bb052d4713602c3c9b0c7930a8.bin
rebuilt_systems/fruitful-global/.local/state/replit/agent/.agent_state_3aa853322d52898841dcdb1720e3bfc69c5d343d.bin,821384,016b699de7b64c392bc90c01c2538256f5f90bb9,https://github.com/heyns1000/omnigrid/blob/main/rebuilt_systems/fruitful-global/.local/state/replit/agent/.agent_state_3aa853322d52898841dcdb1720e3bfc69c5d343d.bin
rebuilt_systems/fruitful-global/.local/state/replit/agent/.agent_state_413f476168a1cae1dad330bf175790daed5b0081.bin,1614294,801392aaa86bd1e01515e2162cc6b7fc3a95ce11,https://github.com/heyns1000/omnigrid/blob/main/rebuilt_systems/fruitful-global/.local/state/replit/agent/.agent_state_413f476168a1cae1dad330bf175790daed5b0081.bin
rebuilt_systems/fruitful-global/.local/state/replit/agent/.agent_state_476d2c3e114acd387d2434fa8c158d65cc04f956.bin,910363,3b4f87da0031f23fc088d9dc9c8fc1d0b7e411c9,https://github.com/heyns1000/omnigrid/blob/main/rebuilt_systems/fruitful-global/.local/state/replit/agent/.agent_state_476d2c3e114acd387d2434fa8c158d65cc04f956.bin
rebuilt_systems/fruitful-global/.local/state/replit/agent/.agent_state_4de05b95f58010c4a6d0af8d66aead6ec092dfe8.bin,54497,c522acc1de9a8f1dc9a8ce6ee896d36664228da3,https://github.com/heyns1000/omnigrid/blob/main/rebuilt_systems/fruitful-global/.local/state/replit/agent/.agent_state_4de05b95f58010c4a6d0af8d66aead6ec092dfe8.bin
rebuilt_systems/fruitful-global/.local/state/replit/agent/.agent_state_518fd44d72a0fbcc21017dcfb7edfc608c9752be.bin,1311922,280ad3929424138e9abb5d76883979235c018db9,https://github.com/heyns1000/omnigrid/blob/main/rebuilt_systems/fruitful-global/.local/state/replit/agent/.agent_state_518fd44d72a0fbcc21017dcfb7edfc608c9752be.bin
rebuilt_systems/fruitful-global/.local/state/replit/agent/.agent_state_5231473a70364f51e00f5d2d3f8e9faedb1aa4f1.bin,399467,916115a4e62ad9bbda66d22fee38f2b3fc6bf829,https://github.com/heyns1000/omnigrid/blob/main/rebuilt_systems/fruitful-global/.local/state/replit/agent/.agent_state_5231473a70364f51e00f5d2d3f8e9faedb1aa4f1.bin
rebuilt_systems/fruitful-global/.local/state/replit/agent/.agent_state_5290a9795f71a70ebac157f6491026e906caa726.bin,67118,96960195546f268749d2b4d52d9b7331cbe4c35e,https://github.com/heyns1000/omnigrid/blob/main/rebuilt_systems/fruitful-global/.local/state/replit/agent/.agent_state_5290a9795f71a70ebac157f6491026e906caa726.bin
rebuilt_systems/fruitful-global/.local/state/replit/agent/.agent_state_55c7f61c963fa6f67d34fef48cb34df7981a400c.bin,389133,46c309c3f38e45c1f7771df942671fcb9209c07a,https://github.com/heyns1000/omnigrid/blob/main/rebuilt_systems/fruitful-global/.local/state/replit/agent/.agent_state_55c7f61c963fa6f67d34fef48cb34df7981a400c.bin
rebuilt_systems/fruitful-global/.local/state/replit/agent/.agent_state_563da3714e67c3241066c585bc91c846f5111b4e.bin,452698,6d5157073ee1e9f35ea8175d133fef4e68d70165,https://github.com/heyns1000/omnigrid/blob/main/rebuilt_systems/fruitful-global/.local/state/replit/agent/.agent_state_563da3714e67c3241066c585bc91c846f5111b4e.bin
rebuilt_systems/fruitful-global/.local/state/replit/agent/.agent_state_62fd5f96c91f88e3f21270d400807ccadf57a9d1.bin,1118533,ad775e5653f0a524aa0c44480044e6fce637a30b,https://github.com/heyns1000/omnigrid/blob/main/rebuilt_systems/fruitful-global/.local/state/replit/agent/.agent_state_62fd5f96c91f88e3f21270d400807ccadf57a9d1.bin
rebuilt_systems/fruitful-global/.local/state/replit/agent/.agent_state_6b3932b4e8c091f137056b284465e38a475e4459.bin,1955494,66f643932464b7c48d8b490de2282e8c4e9af848,https://github.com/heyns1000/omnigrid/blob/main/rebuilt_systems/fruitful-global/.local/state/replit/agent/.agent_state_6b3932b4e8c091f137056b284465e38a475e4459.bin
rebuilt_systems/fruitful-global/.local/state/replit/agent/.agent_state_6cf621f4c0590f3b238efa02b031b5a45094a31b.bin,114073,526fab9da15433d4f3c30ebb051f28a6d8ccf4c0,https://github.com/heyns1000/omnigrid/blob/main/rebuilt_systems/fruitful-global/.local/state/replit/agent/.agent_state_6cf621f4c0590f3b238efa02b031b5a45094a31b.bin
rebuilt_systems/fruitful-global/.local/state/replit/agent/.agent_state_6e76f56c628f3533965f580f87c581fbe7081992.bin,121307,1f1714e8c8738b0dfb9b18c30d279e3f9a18ed1b,https://github.com/heyns1000/omnigrid/blob/main/rebuilt_systems/fruitful-global/.local/state/replit/agent/.agent_state_6e76f56c628f3533965f580f87c581fbe7081992.bin
rebuilt_systems/fruitful-global/.local/state/replit/agent/.agent_state_6fd968413b31287dfde7ff45433a2eb1d2e5a7b1.bin,86418,3e86df82a6d7f6a1f5a6cf3ad60e3bba16780f11,https://github.com/heyns1000/omnigrid/blob/main/rebuilt_systems/fruitful-global/.local/state/replit/agent/.agent_state_6fd968413b31287dfde7ff45433a2eb1d2e5a7b1.bin
rebuilt_systems/fruitful-global/.local/state/replit/agent/.agent_state_8058297d954cd474145b6f808e5dd76ead8775f5.bin,927559,16cd8af1a813c8575bc1aa8aa2b2fc209911739d,https://github.com/heyns1000/omnigrid/blob/main/rebuilt_systems/fruitful-global/.local/state/replit/agent/.agent_state_8058297d954cd474145b6f808e5dd76ead8775f5.bin
rebuilt_systems/fruitful-global/.local/state/replit/agent/.agent_state_826d9e78b04599e16b386748efdae363fe3f3cb1.bin,866804,8ae10dc4d4532135e367a2521d4bd93043bddf03,https://github.com/heyns1000/omnigrid/blob/main/rebuilt_systems/fruitful-global/.local/state/replit/agent/.agent_state_826d9e78b04599e16b386748efdae363fe3f3cb1.bin
rebuilt_systems/fruitful-global/.local/state/replit/agent/.agent_state_8377550fb1d642ae3fe4ac15e89a44ae90e49b87.bin,58738,cbda1ee831372d7b63d84e636eb0742e02d32b61,https://github.com/heyns1000/omnigrid/blob/main/rebuilt_systems/fruitful-global/.local/state/replit/agent/.agent_state_8377550fb1d642ae3fe4ac15e89a44ae90e49b87.bin
rebuilt_systems/fruitful-global/.local/state/replit/agent/.agent_state_847b5a07fc603422297cec3b5d61bcc0c08986e3.bin,499754,b621a20f7c0cd10c30a78922d8bce754e94315fa,https://github.com/heyns1000/omnigrid/blob/main/rebuilt_systems/fruitful-global/.local/state/replit/agent/.agent_state_847b5a07fc603422297cec3b5d61bcc0c08986e3.bin
rebuilt_systems/fruitful-global/.local/state/replit/agent/.agent_state_86ac63590012268e612cffaa62117b04b16297ad.bin,580782,aab57f5cca8386dd72361d89fc6d6950cfa4653b,https://github.com/heyns1000/omnigrid/blob/main/rebuilt_systems/fruitful-global/.local/state/replit/agent/.agent_state_86ac63590012268e612cffaa62117b04b16297ad.bin
rebuilt_systems/fruitful-global/.local/state/replit/agent/.agent_state_871d2f3c481f2df0167c5ee27268554a89b82697.bin,2285038,87d4fa51d852e09e6784c06f35e1c54ce108351b,https://github.com/heyns1000/omnigrid/blob/main/rebuilt_systems/fruitful-global/.local/state/replit/agent/.agent_state_871d2f3c481f2df0167c5ee27268554a89b82697.bin
rebuilt_systems/fruitful-global/.local/state/replit/agent/.agent_state_899abddb0f2e45955ee317ba12b62feae0da1d74.bin,106295,ac71413918161dfeb10a3c818080c910e899d0c7,https://github.com/heyns1000/omnigrid/blob/main/rebuilt_systems/fruitful-global/.local/state/replit/agent/.agent_state_899abddb0f2e45955ee317ba12b62feae0da1d74.bin
rebuilt_systems/fruitful-global/.local/state/replit/agent/.agent_state_8adbe5c3730f72aef201dbbb6abdfc2add158abb.bin,216150,63c58f4dced21cb6f4ac0827bc524fe5b00f378f,https://github.com/heyns1000/omnigrid/blob/main/rebuilt_systems/fruitful-global/.local/state/replit/agent/.agent_state_8adbe5c3730f72aef201dbbb6abdfc2add158abb.bin
rebuilt_systems/fruitful-global/.local/state/replit/agent/.agent_state_8d1558f6fca100d2e274c5c44bff51c78f9e7239.bin,187929,bde9c338bc0e0c0917f1adb45cefceb71268d292,https://github.com/heyns1000/omnigrid/blob/main/rebuilt_systems/fruitful-global/.local/state/replit/agent/.agent_state_8d1558f6fca100d2e274c5c44bff51c78f9e7239.bin
rebuilt_systems/fruitful-global/.local/state/replit/agent/.agent_state_947fb5c319747368e9f53610598f3b42a8df13cb.bin,361687,1fc381afa5909b988bdaf2b033e67a67f9bbad38,https://github.com/heyns1000/omnigrid/blob/main/rebuilt_systems/fruitful-global/.local/state/replit/agent/.agent_state_947fb5c319747368e9f53610598f3b42a8df13cb.bin
rebuilt_systems/fruitful-global/.local/state/replit/agent/.agent_state_961ebfb3da7adab53ee15a224408bd29a2c7a233.bin,8724,33bb3dda9dd025a47bdde8d8d26f6e95460264db,https://github.com/heyns1000/omnigrid/blob/main/rebuilt_systems/fruitful-global/.local/state/replit/agent/.agent_state_961ebfb3da7adab53ee15a224408bd29a2c7a233.bin
rebuilt_systems/fruitful-global/.local/state/replit/agent/.agent_state_a081d0ed17ba7020f320c53e0a387881d73771be.bin,193187,6930a7d3a702c0191269f897a9764fc8f1c16f70,https://github.com/heyns1000/omnigrid/blob/main/rebuilt_systems/fruitful-global/.local/state/replit/agent/.agent_state_a081d0ed17ba7020f320c53e0a387881d73771be.bin
rebuilt_systems/fruitful-global/.local/state/replit/agent/.agent_state_a4b49730cbca0f7dcf5695728e2b96998f70181d.bin,2262561,8857ff975e6fdbb861f7339fb140133ca70b3014,https://github.com/heyns1000/omnigrid/blob/main/rebuilt_systems/fruitful-global/.local/state/replit/agent/.agent_state_a4b49730cbca0f7dcf5695728e2b96998f70181d.bin
rebuilt_systems/fruitful-global/.local/state/replit/agent/.agent_state_ae7079f96d008d7e861ed504b901d8e81f7fa3ae.bin,932478,bc86d4196885a379da28192587459fc79be4b504,https://github.com/heyns1000/omnigrid/blob/main/rebuilt_systems/fruitful-global/.local/state/replit/agent/.agent_state_ae7079f96d008d7e861ed504b901d8e81f7fa3ae.bin
rebuilt_systems/fruitful-global/.local/state/replit/agent/.agent_state_b1e0e8eb5bcb2b45e5d84908cf5994078ea77efb.bin,1190119,6577376e49541264a8e58f206d3a8361388b02c2,https://github.com/heyns1000/omnigrid/blob/main/rebuilt_systems/fruitful-global/.local/state/replit/agent/.agent_state_b1e0e8eb5bcb2b45e5d84908cf5994078ea77efb.bin
rebuilt_systems/fruitful-global/.local/state/replit/agent/.agent_state_b31f9c4d37b26bd811141eccd11a8f27c52bb50c.bin,110050,bd34017e732e37a5db76bc0b892378513899f7d2,https://github.com/heyns1000/omnigrid/blob/main/rebuilt_systems/fruitful-global/.local/state/replit/agent/.agent_state_b31f9c4d37b26bd811141eccd11a8f27c52bb50c.bin
rebuilt_systems/fruitful-global/.local/state/replit/agent/.agent_state_b608f6506ac1e6f2f2636e59305c3a8774c780e4.bin,1882550,d32663a3e3383a897343c4f8d3565032e74ca043,https://github.com/heyns1000/omnigrid/blob/main/rebuilt_systems/fruitful-global/.local/state/replit/agent/.agent_state_b608f6506ac1e6f2f2636e59305c3a8774c780e4.bin
rebuilt_systems/fruitful-global/.local/state/replit/agent/.agent_state_c8e471d7d44f1f0613ddc3354e7c9484767b9494.bin,841514,67dee892903881bfa3a509764443bc7c7158d40e,https://github.com/heyns1000/omnigrid/blob/main/rebuilt_systems/fruitful-global/.local/state/replit/agent/.agent_state_c8e471d7d44f1f0613ddc3354e7c9484767b9494.bin
rebuilt_systems/fruitful-global/.local/state/replit/agent/.agent_state_cce688eb0d4dbe321d79ff76607960e527df7a3b.bin,1328468,a91bf2921d047de659c6639f6849cfd1dc8dcdbd,https://github.com/heyns1000/omnigrid/blob/main/rebuilt_systems/fruitful-global/.local/state/replit/agent/.agent_state_cce688eb0d4dbe321d79ff76607960e527df7a3b.bin
rebuilt_systems/fruitful-global/.local/state/replit/agent/.agent_state_d5a0ba83c6cf45b4c93e46608ee0f75c28c8ea75.bin,7581,c083a6cfffc3bdc0593aae3f1e863d41391f9687,https://github.com/heyns1000/omnigrid/blob/main/rebuilt_systems/fruitful-global/.local/state/replit/agent/.agent_state_d5a0ba83c6cf45b4c93e46608ee0f75c28c8ea75.bin
rebuilt_systems/fruitful-global/.local/state/replit/agent/.agent_state_d678e69f8bd138366a58f77a4beb8e3b80d84645.bin,1306249,e4e97abbed6eff9be2cc5e429dd46aad0bba92c4,https://github.com/heyns1000/omnigrid/blob/main/rebuilt_systems/fruitful-global/.local/state/replit/agent/.agent_state_d678e69f8bd138366a58f77a4beb8e3b80d84645.bin
rebuilt_systems/fruitful-global/.local/state/replit/agent/.agent_state_d79724966e9c63318752ac52088240c44af01dc5.bin,240906,65bb5a4413934d9d4768d54e0185172ffacadb86,https://github.com/heyns1000/omnigrid/blob/main/rebuilt_systems/fruitful-global/.local/state/replit/agent/.agent_state_d79724966e9c63318752ac52088240c44af01dc5.bin
rebuilt_systems/fruitful-global/.local/state/replit/agent/.agent_state_e04c39c476afa2bd652eb5d2f569a6f4ca6905d5.bin,114122,631629226e490c09c8811f78a2bc776b618b5a03,https://github.com/heyns1000/omnigrid/blob/main/rebuilt_systems/fruitful-global/.local/state/replit/agent/.agent_state_e04c39c476afa2bd652eb5d2f569a6f4ca6905d5.bin
rebuilt_systems/fruitful-global/.local/state/replit/agent/.agent_state_e3a9fb93c9f2763ae28fca1c40009a4f5753d1d5.bin,1275490,e400a5b17deb6e62bc674d85c7b3010839b5faf0,https://github.com/heyns1000/omnigrid/blob/main/rebuilt_systems/fruitful-global/.local/state/replit/agent/.agent_state_e3a9fb93c9f2763ae28fca1c40009a4f5753d1d5.bin
rebuilt_systems/fruitful-global/.local/state/replit/agent/.agent_state_fc6933294688670c0a6c11365ea9e38111acd9a2.bin,1305596,fd91d5e3a7860b2cc976daae7e85715ef96239bf,https://github.com/heyns1000/omnigrid/blob/main/rebuilt_systems/fruitful-global/.local/state/replit/agent/.agent_state_fc6933294688670c0a6c11365ea9e38111acd9a2.bin
rebuilt_systems/fruitful-global/.local/state/replit/agent/.agent_state_main.bin,225716,18889ebf91e6dbdd5b3a6c244c491c2ed3527f3b,https://github.com/heyns1000/omnigrid/blob/main/rebuilt_systems/fruitful-global/.local/state/replit/agent/.agent_state_main.bin
rebuilt_systems/fruitful-global/.local/state/replit/agent/.latest.json,18,6a46732ddef38810f2cfd2456d2ad610d3162883,https://github.com/heyns1000/omnigrid/blob/main/rebuilt_systems/fruitful-global/.local/state/replit/agent/.latest.json
rebuilt_systems/fruitful-global/.local/state/replit/agent/design_reference/9f6b1114-87ca-4f7b-9c82-6ef83a193b56/386e81bd-98bb-4680-a7e9-be83bbffa353.html,76105,8c41bde9cea81065441ef2ac69907a47a55bc818,https://github.com/heyns1000/omnigrid/blob/main/rebuilt_systems/fruitful-global/.local/state/replit/agent/design_reference/9f6b1114-87ca-4f7b-9c82-6ef83a193b56/386e81bd-98bb-4680-a7e9-be83bbffa353.html
rebuilt_systems/fruitful-global/.local/state/replit/agent/design_reference/9f6b1114-87ca-4f7b-9c82-6ef83a193b56/433fe58c-9634-4f40-a3ed-1a10f0192192.html,39382,057aecff635482c9a12affb77be5cf710e5eed50,https://github.com/heyns1000/omnigrid/blob/main/rebuilt_systems/fruitful-global/.local/state/replit/agent/design_reference/9f6b1114-87ca-4f7b-9c82-6ef83a193b56/433fe58c-9634-4f40-a3ed-1a10f0192192.html
rebuilt_systems/fruitful-global/.local/state/replit/agent/design_reference/9f6b1114-87ca-4f7b-9c82-6ef83a193b56/5635b237-3469-4750-9c32-ade5ab5161df.html,45037,196643a40ef2fa2dc18cdc8f6e0dba35ba3e418d,https://github.com/heyns1000/omnigrid/blob/main/rebuilt_systems/fruitful-global/.local/state/replit/agent/design_reference/9f6b1114-87ca-4f7b-9c82-6ef83a193b56/5635b237-3469-4750-9c32-ade5ab5161df.html
rebuilt_systems/fruitful-global/.local/state/replit/agent/design_reference/9f6b1114-87ca-4f7b-9c82-6ef83a193b56/9126ddac-a12a-455d-b5a6-5de81f2c1479.html,59908,c197b8b155ef617f366d04c76ae24f9892685656,https://github.com/heyns1000/omnigrid/blob/main/rebuilt_systems/fruitful-global/.local/state/replit/agent/design_reference/9f6b1114-87ca-4f7b-9c82-6ef83a193b56/9126ddac-a12a-455d-b5a6-5de81f2c1479.html
rebuilt_systems/fruitful-global/.local/state/replit/agent/design_reference/9f6b1114-87ca-4f7b-9c82-6ef83a193b56/93f62659-a101-43fb-829d-c9978ee99012.html,49771,b72af2134f98e51070092f2e836179402674d4f5,https://github.com/heyns1000/omnigrid/blob/main/rebuilt_systems/fruitful-global/.local/state/replit/agent/design_reference/9f6b1114-87ca-4f7b-9c82-6ef83a193b56/93f62659-a101-43fb-829d-c9978ee99012.html
rebuilt_systems/fruitful-global/.local/state/replit/agent/filesystem/filesystem_state.json,1826675,7e3be2392a4d2207e3921e9d7c1c178a47ad8755,https://github.com/heyns1000/omnigrid/blob/main/rebuilt_systems/fruitful-global/.local/state/replit/agent/filesystem/filesystem_state.json
rebuilt_systems/fruitful-global/.local/state/replit/agent/rapid_build_started,0,e69de29bb2d1d6434b8b29ae775ad8c2e48c5391,https://github.com/heyns1000/omnigrid/blob/main/rebuilt_systems/fruitful-global/.local/state/replit/agent/rapid_build_started
rebuilt_systems/fruitful-global/.local/state/replit/agent/rapid_build_success,0,e69de29bb2d1d6434b8b29ae775ad8c2e48c5391,https://github.com/heyns1000/omnigrid/blob/main/rebuilt_systems/fruitful-global/.local/state/replit/agent/rapid_build_success
rebuilt_systems/fruitful-global/.local/state/replit/agent/repl_state.bin,5510,7737b40fee4f7d8c41b8497de4ab2eaeccd8bba1,https://github.com/heyns1000/omnigrid/blob/main/rebuilt_systems/fruitful-global/.local/state/replit/agent/repl_state.bin
rebuilt_systems/fruitful-global/.replit,712,99188485fd870b60b3d9cdd43187461ab82c258d,https://github.com/heyns1000/omnigrid/blob/main/rebuilt_systems/fruitful-global/.replit
rebuilt_systems/fruitful-global/attached_assets/Fruiful_1757075797113.png,22012,fe149f7953271ff0249cd12851458e8286156553,https://github.com/heyns1000/omnigrid/blob/main/rebuilt_systems/fruitful-global/attached_assets/Fruiful_1757075797113.png
rebuilt_systems/fruitful-global/attached_assets/Pasted--DOCTYPE-html-html-lang-en-head-meta-charset-UTF-8-meta-name-viewport-conten-1753727761894_1753727761897.txt,212695,c68d2ba03fbb9ce7a41e56fd0fe05bbb2ab11fd0,https://github.com/heyns1000/omnigrid/blob/main/rebuilt_systems/fruitful-global/attached_assets/Pasted--DOCTYPE-html-html-lang-en-head-meta-charset-UTF-8-meta-name-viewport-conten-1753727761894_1753727761897.txt
rebuilt_systems/fruitful-global/attached_assets/Pasted--DOCTYPE-html-html-lang-en-head-meta-charset-UTF-8-meta-name-viewport-content-1753728127918_1753728127921.txt,41459,8a57974eac19efb58fd2b140825f2b9a009de17e,https://github.com/heyns1000/omnigrid/blob/main/rebuilt_systems/fruitful-global/attached_assets/Pasted--DOCTYPE-html-html-lang-en-head-meta-charset-UTF-8-meta-name-viewport-content-1753728127918_1753728127921.txt
rebuilt_systems/fruitful-global/attached_assets/Pasted--DOCTYPE-html-html-lang-en-head-meta-charset-UTF-8-meta-name-viewport-content-1753728339876_1753728339878.txt,78723,4bfd83a01b0556b2f526f2e13310063466a86686,https://github.com/heyns1000/omnigrid/blob/main/rebuilt_systems/fruitful-global/attached_assets/Pasted--DOCTYPE-html-html-lang-en-head-meta-charset-UTF-8-meta-name-viewport-content-1753728339876_1753728339878.txt
rebuilt_systems/fruitful-global/attached_assets/Pasted--DOCTYPE-html-html-lang-en-head-meta-charset-UTF-8-meta-name-viewport-content-1753728424796_1753728424800.txt,170365,6f4d641d6e6e3963161bd93946d6805c2fc61535,https://github.com/heyns1000/omnigrid/blob/main/rebuilt_systems/fruitful-global/attached_assets/Pasted--DOCTYPE-html-html-lang-en-head-meta-charset-UTF-8-meta-name-viewport-content-1753728424796_1753728424800.txt
rebuilt_systems/fruitful-global/attached_assets/Pasted--DOCTYPE-html-html-lang-en-head-meta-charset-UTF-8-meta-name-viewport-content-1753728500303_1753728500306.txt,41460,e77a25c1690482ff4f8c7d1c7994e22bb5cd38de,https://github.com/heyns1000/omnigrid/blob/main/rebuilt_systems/fruitful-global/attached_assets/Pasted--DOCTYPE-html-html-lang-en-head-meta-charset-UTF-8-meta-name-viewport-content-1753728500303_1753728500306.txt
rebuilt_systems/fruitful-global/attached_assets/Pasted--DOCTYPE-html-html-lang-en-head-meta-charset-UTF-8-meta-name-viewport-content-1753728650185_1753728650188.txt,216827,4a79e256f1e46343d484e3a2b8fd4a783ec39d3f,https://github.com/heyns1000/omnigrid/blob/main/rebuilt_systems/fruitful-global/attached_assets/Pasted--DOCTYPE-html-html-lang-en-head-meta-charset-UTF-8-meta-name-viewport-content-1753728650185_1753728650188.txt
rebuilt_systems/fruitful-global/attached_assets/Pasted--DOCTYPE-html-html-lang-en-head-meta-charset-UTF-8-meta-name-viewport-content-1753730563716_1753730563719.txt,216827,4a79e256f1e46343d484e3a2b8fd4a783ec39d3f,https://github.com/heyns1000/omnigrid/blob/main/rebuilt_systems/fruitful-global/attached_assets/Pasted--DOCTYPE-html-html-lang-en-head-meta-charset-UTF-8-meta-name-viewport-content-1753730563716_1753730563719.txt
rebuilt_systems/fruitful-global/attached_assets/Pasted--DOCTYPE-html-html-lang-en-head-meta-charset-UTF-8-meta-name-viewport-content-1753730607571_1753730607572.txt,78723,4bfd83a01b0556b2f526f2e13310063466a86686,https://github.com/heyns1000/omnigrid/blob/main/rebuilt_systems/fruitful-global/attached_assets/Pasted--DOCTYPE-html-html-lang-en-head-meta-charset-UTF-8-meta-name-viewport-content-1753730607571_1753730607572.txt
rebuilt_systems/fruitful-global/attached_assets/Pasted--DOCTYPE-html-html-lang-en-head-meta-charset-UTF-8-meta-name-viewport-content-1753730751456_1753730751458.txt,5140,c5dba0d0bb62f2e63762be9cc1b07299603e1dbd,https://github.com/heyns1000/omnigrid/blob/main/rebuilt_systems/fruitful-global/attached_assets/Pasted--DOCTYPE-html-html-lang-en-head-meta-charset-UTF-8-meta-name-viewport-content-1753730751456_1753730751458.txt
rebuilt_systems/fruitful-global/attached_assets/Pasted--DOCTYPE-html-html-lang-en-head-meta-charset-UTF-8-meta-name-viewport-content-1753730797853_1753730797855.txt,170365,6f4d641d6e6e3963161bd93946d6805c2fc61535,https://github.com/heyns1000/omnigrid/blob/main/rebuilt_systems/fruitful-global/attached_assets/Pasted--DOCTYPE-html-html-lang-en-head-meta-charset-UTF-8-meta-name-viewport-content-1753730797853_1753730797855.txt
rebuilt_systems/fruitful-global/attached_assets/Pasted--DOCTYPE-html-html-lang-en-head-meta-charset-UTF-8-meta-name-viewport-content-1753731844821_1753731844826.txt,216827,4a79e256f1e46343d484e3a2b8fd4a783ec39d3f,https://github.com/heyns1000/omnigrid/blob/main/rebuilt_systems/fruitful-global/attached_assets/Pasted--DOCTYPE-html-html-lang-en-head-meta-charset-UTF-8-meta-name-viewport-content-1753731844821_1753731844826.txt
rebuilt_systems/fruitful-global/attached_assets/Pasted--DOCTYPE-html-html-lang-en-head-meta-charset-UTF-8-meta-name-viewport-content-1753733259848_1753733259851.txt,216827,4a79e256f1e46343d484e3a2b8fd4a783ec39d3f,https://github.com/heyns1000/omnigrid/blob/main/rebuilt_systems/fruitful-global/attached_assets/Pasted--DOCTYPE-html-html-lang-en-head-meta-charset-UTF-8-meta-name-viewport-content-1753733259848_1753733259851.txt
rebuilt_systems/fruitful-global/attached_assets/Pasted--DOCTYPE-html-html-lang-en-head-meta-charset-UTF-8-meta-name-viewport-content-1753733430583_1753733430584.txt,78723,4bfd83a01b0556b2f526f2e13310063466a86686,https://github.com/heyns1000/omnigrid/blob/main/rebuilt_systems/fruitful-global/attached_assets/Pasted--DOCTYPE-html-html-lang-en-head-meta-charset-UTF-8-meta-name-viewport-content-1753733430583_1753733430584.txt
rebuilt_systems/fruitful-global/attached_assets/Pasted--DOCTYPE-html-html-lang-en-head-meta-charset-UTF-8-meta-name-viewport-content-1753734635359_1753734635360.txt,78723,4bfd83a01b0556b2f526f2e13310063466a86686,https://github.com/heyns1000/omnigrid/blob/main/rebuilt_systems/fruitful-global/attached_assets/Pasted--DOCTYPE-html-html-lang-en-head-meta-charset-UTF-8-meta-name-viewport-content-1753734635359_1753734635360.txt
rebuilt_systems/fruitful-global/attached_assets/Pasted--DOCTYPE-html-html-lang-en-head-meta-charset-UTF-8-meta-name-viewport-content-wi-1753729442788_1753729442789.txt,38264,6f556acef4f3d6969c736749d0e035ca1a5674fb,https://github.com/heyns1000/omnigrid/blob/main/rebuilt_systems/fruitful-global/attached_assets/Pasted--DOCTYPE-html-html-lang-en-head-meta-charset-UTF-8-meta-name-viewport-content-wi-1753729442788_1753729442789.txt
rebuilt_systems/fruitful-global/attached_assets/Pasted--coding-utf-8-import-os-import-json-import-shutil-Added-for-shutil-rmtree-import-textwra-1753727416723_1753727416725.txt,127715,dd26abd8e67be74aee938ecb26a6179a771ea388,https://github.com/heyns1000/omnigrid/blob/main/rebuilt_systems/fruitful-global/attached_assets/Pasted--coding-utf-8-import-os-import-json-import-shutil-Added-for-shutil-rmtree-import-textwra-1753727416723_1753727416725.txt
rebuilt_systems/fruitful-global/attached_assets/Pasted--coding-utf-8-import-os-import-json-import-shutil-Added-for-shutil-rmtree-import-textwra-1753805665993_1753805665995.txt,85135,363f3e24916903f1aae0b2caa330efaf1d09fbc9,https://github.com/heyns1000/omnigrid/blob/main/rebuilt_systems/fruitful-global/attached_assets/Pasted--coding-utf-8-import-os-import-json-import-shutil-Added-for-shutil-rmtree-import-textwra-1753805665993_1753805665995.txt
rebuilt_systems/fruitful-global/attached_assets/Screenshot 2025-07-28 at 21.13.01_1753729983610.png,70622,1108a83b98141a7921114b8217e67cd0fe9031c5,https://github.com/heyns1000/omnigrid/blob/main/rebuilt_systems/fruitful-global/attached_assets/Screenshot 2025-07-28 at 21.13.01_1753729983610.png
rebuilt_systems/fruitful-global/attached_assets/Screenshot 2025-07-28 at 21.27.39_1753730862682.png,49553,1ec8af4a45afeec4ca71f632b12b38614a422d62,https://github.com/heyns1000/omnigrid/blob/main/rebuilt_systems/fruitful-global/attached_assets/Screenshot 2025-07-28 at 21.27.39_1753730862682.png
rebuilt_systems/fruitful-global/attached_assets/Screenshot 2025-07-28 at 21.39.52_1753731594534.png,97784,60b9a61892af981df0956e9c8122e74f37b31a51,https://github.com/heyns1000/omnigrid/blob/main/rebuilt_systems/fruitful-global/attached_assets/Screenshot 2025-07-28 at 21.39.52_1753731594534.png
rebuilt_systems/fruitful-global/attached_assets/Screenshot 2025-07-28 at 21.49.42_1753732186268.png,166282,1e90beebb016525c68894cf283ed7aff12069614,https://github.com/heyns1000/omnigrid/blob/main/rebuilt_systems/fruitful-global/attached_assets/Screenshot 2025-07-28 at 21.49.42_1753732186268.png
rebuilt_systems/fruitful-global/attached_assets/Screenshot 2025-07-28 at 21.50.02_1753732206772.png,197938,75da1655794a037a1b911207a09ab6b20cd11b3e,https://github.com/heyns1000/omnigrid/blob/main/rebuilt_systems/fruitful-global/attached_assets/Screenshot 2025-07-28 at 21.50.02_1753732206772.png
rebuilt_systems/fruitful-global/attached_assets/Screenshot 2025-07-28 at 21.50.19_1753732225176.png,481566,77c4f1b2fd0727a57ee247b3e20d8943d1950e52,https://github.com/heyns1000/omnigrid/blob/main/rebuilt_systems/fruitful-global/attached_assets/Screenshot 2025-07-28 at 21.50.19_1753732225176.png
rebuilt_systems/fruitful-global/attached_assets/Screenshot 2025-07-28 at 21.51.01_1753732276540.png,713247,e7ac4a935477ade8db13aae18de9e8e652807703,https://github.com/heyns1000/omnigrid/blob/main/rebuilt_systems/fruitful-global/attached_assets/Screenshot 2025-07-28 at 21.51.01_1753732276540.png
rebuilt_systems/fruitful-global/attached_assets/Screenshot 2025-07-28 at 21.51.21_1753732290595.png,420640,603de4ebae02a6cef1e6ec4ae433558d9de95b8b,https://github.com/heyns1000/omnigrid/blob/main/rebuilt_systems/fruitful-global/attached_assets/Screenshot 2025-07-28 at 21.51.21_1753732290595.png
rebuilt_systems/fruitful-global/attached_assets/Screenshot 2025-07-28 at 21.51.40_1753732306940.png,98334,c8f56f36ce078ab64bcab3ee078f665ea4f33673,https://github.com/heyns1000/omnigrid/blob/main/rebuilt_systems/fruitful-global/attached_assets/Screenshot 2025-07-28 at 21.51.40_1753732306940.png
rebuilt_systems/fruitful-global/attached_assets/Screenshot 2025-07-28 at 21.52.05_1753732329235.png,184298,d6f88baa7a88e157f8d20ec2eafb8b72407e6ad9,https://github.com/heyns1000/omnigrid/blob/main/rebuilt_systems/fruitful-global/attached_assets/Screenshot 2025-07-28 at 21.52.05_1753732329235.png
rebuilt_systems/fruitful-global/attached_assets/Screenshot 2025-07-28 at 22.04.39_1753733081835.png,182277,8edb4ade110eb2911264fa1fe50bd0e213f9c5ff,https://github.com/heyns1000/omnigrid/blob/main/rebuilt_systems/fruitful-global/attached_assets/Screenshot 2025-07-28 at 22.04.39_1753733081835.png
rebuilt_systems/fruitful-global/attached_assets/Screenshot 2025-07-28 at 22.04.56_1753733098462.png,55941,41d6fa77869a74650c78b88d20dbe15fe3dfa177,https://github.com/heyns1000/omnigrid/blob/main/rebuilt_systems/fruitful-global/attached_assets/Screenshot 2025-07-28 at 22.04.56_1753733098462.png
rebuilt_systems/fruitful-global/attached_assets/Screenshot 2025-07-28 at 22.08.26_1753733308574.png,126216,c3aa2394db0d0e17f115aad8dfa76c3dd4fe361b,https://github.com/heyns1000/omnigrid/blob/main/rebuilt_systems/fruitful-global/attached_assets/Screenshot 2025-07-28 at 22.08.26_1753733308574.png
rebuilt_systems/fruitful-global/attached_assets/Screenshot 2025-07-28 at 22.10.01_1753733402841.png,543856,4439766cf5790afce9cc7e72cc4e0bcd6ee5e8bf,https://github.com/heyns1000/omnigrid/blob/main/rebuilt_systems/fruitful-global/attached_assets/Screenshot 2025-07-28 at 22.10.01_1753733402841.png
rebuilt_systems/fruitful-global/attached_assets/Screenshot 2025-07-28 at 22.11.01_1753733462974.png,54681,868837a04472f34d6c031763181759919ace0965,https://github.com/heyns1000/omnigrid/blob/main/rebuilt_systems/fruitful-global/attached_assets/Screenshot 2025-07-28 at 22.11.01_1753733462974.png
rebuilt_systems/fruitful-global/attached_assets/Screenshot 2025-07-28 at 22.12.04_1753733526821.png,119452,9be71dcea286359eb8040c22c1163f90c1dba063,https://github.com/heyns1000/omnigrid/blob/main/rebuilt_systems/fruitful-global/attached_assets/Screenshot 2025-07-28 at 22.12.04_1753733526821.png
rebuilt_systems/fruitful-global/attached_assets/Screenshot 2025-07-28 at 22.13.17_1753733609049.png,114377,94b2ada4740bec4f5023ee1084543099831bda58,https://github.com/heyns1000/omnigrid/blob/main/rebuilt_systems/fruitful-global/attached_assets/Screenshot 2025-07-28 at 22.13.17_1753733609049.png
rebuilt_systems/fruitful-global/attached_assets/Screenshot 2025-07-28 at 22.15.32_1753733734115.png,118276,e799418a8db7f59b3e27f3cdb101339ec484995e,https://github.com/heyns1000/omnigrid/blob/main/rebuilt_systems/fruitful-global/attached_assets/Screenshot 2025-07-28 at 22.15.32_1753733734115.png
rebuilt_systems/fruitful-global/attached_assets/Screenshot 2025-07-28 at 22.16.36_1753733798991.png,116140,1a97e91eaf3d072ee79a15517ee1de60b8feb903,https://github.com/heyns1000/omnigrid/blob/main/rebuilt_systems/fruitful-global/attached_assets/Screenshot 2025-07-28 at 22.16.36_1753733798991.png
rebuilt_systems/fruitful-global/attached_assets/Screenshot 2025-07-28 at 22.18.22_1753733906544.png,141241,8e1ccce4a90bc7bb1e0f8c00544e6c436d60dc26,https://github.com/heyns1000/omnigrid/blob/main/rebuilt_systems/fruitful-global/attached_assets/Screenshot 2025-07-28 at 22.18.22_1753733906544.png
rebuilt_systems/fruitful-global/attached_assets/Screenshot 2025-07-28 at 22.19.38_1753733981081.png,567418,b2d5b9afa1125d76273c2da364abc25daf551abd,https://github.com/heyns1000/omnigrid/blob/main/rebuilt_systems/fruitful-global/attached_assets/Screenshot 2025-07-28 at 22.19.38_1753733981081.png
rebuilt_systems/fruitful-global/attached_assets/Screenshot 2025-07-28 at 22.21.14_1753734078248.png,469690,9e5a39fac0a30abf987a014bfd123556a063d763,https://github.com/heyns1000/omnigrid/blob/main/rebuilt_systems/fruitful-global/attached_assets/Screenshot 2025-07-28 at 22.21.14_1753734078248.png
rebuilt_systems/fruitful-global/attached_assets/Screenshot 2025-07-28 at 22.22.40_1753734178618.png,475874,68470c6b35b7c2d7c28fb35757b44641afdd9b63,https://github.com/heyns1000/omnigrid/blob/main/rebuilt_systems/fruitful-global/attached_assets/Screenshot 2025-07-28 at 22.22.40_1753734178618.png
rebuilt_systems/fruitful-global/attached_assets/Screenshot 2025-07-28 at 22.25.49_1753734371137.png,484802,28835d1692b93e7b94f575be28caf1ea76edb154,https://github.com/heyns1000/omnigrid/blob/main/rebuilt_systems/fruitful-global/attached_assets/Screenshot 2025-07-28 at 22.25.49_1753734371137.png
rebuilt_systems/fruitful-global/attached_assets/Screenshot 2025-07-28 at 22.28.57_1753734540939.png,568579,956af2e843b57fdf5798f8f5f79f5a4fc48f6486,https://github.com/heyns1000/omnigrid/blob/main/rebuilt_systems/fruitful-global/attached_assets/Screenshot 2025-07-28 at 22.28.57_1753734540939.png
rebuilt_systems/fruitful-global/attached_assets/Screenshot 2025-07-28 at 22.29.45_1753734596895.png,569191,7079fc51fe8443ac0acc1ed8a364cf20dae5db53,https://github.com/heyns1000/omnigrid/blob/main/rebuilt_systems/fruitful-global/attached_assets/Screenshot 2025-07-28 at 22.29.45_1753734596895.png
rebuilt_systems/fruitful-global/attached_assets/Screenshot 2025-07-28 at 22.31.01_1753734663604.png,567260,fac4d9a21a3788ed7fea6afbb4be5d644def7d27,https://github.com/heyns1000/omnigrid/blob/main/rebuilt_systems/fruitful-global/attached_assets/Screenshot 2025-07-28 at 22.31.01_1753734663604.png
rebuilt_systems/fruitful-global/attached_assets/Screenshot 2025-07-28 at 22.31.41_1753734703513.png,570708,b49ef4639e0d90ad21ba6a6c0f5a01106d488ff7,https://github.com/heyns1000/omnigrid/blob/main/rebuilt_systems/fruitful-global/attached_assets/Screenshot 2025-07-28 at 22.31.41_1753734703513.png
rebuilt_systems/fruitful-global/attached_assets/Screenshot 2025-07-28 at 22.34.03_1753734847112.png,52481,a390dd0a13b938b9f8612ad9b16498a5b3441de3,https://github.com/heyns1000/omnigrid/blob/main/rebuilt_systems/fruitful-global/attached_assets/Screenshot 2025-07-28 at 22.34.03_1753734847112.png
rebuilt_systems/fruitful-global/attached_assets/Screenshot 2025-07-28 at 22.38.44_1753735125992.png,47516,ca587ed6a9d9fd66c115b47c14bb5201bd30c54b,https://github.com/heyns1000/omnigrid/blob/main/rebuilt_systems/fruitful-global/attached_assets/Screenshot 2025-07-28 at 22.38.44_1753735125992.png
rebuilt_systems/fruitful-global/attached_assets/Screenshot 2025-07-28 at 22.38.56_1753735138207.png,70135,bd857cfeea84bf6c9c7cb4768a11957f0a252bcb,https://github.com/heyns1000/omnigrid/blob/main/rebuilt_systems/fruitful-global/attached_assets/Screenshot 2025-07-28 at 22.38.56_1753735138207.png
rebuilt_systems/fruitful-global/attached_assets/Screenshot 2025-07-28 at 22.40.26_1753735229232.png,42093,ed1edb269ffda5d6361f931743461e21290f9db3,https://github.com/heyns1000/omnigrid/blob/main/rebuilt_systems/fruitful-global/attached_assets/Screenshot 2025-07-28 at 22.40.26_1753735229232.png
rebuilt_systems/fruitful-global/attached_assets/Screenshot 2025-07-28 at 22.51.39_1753735902131.png,46057,4cc5a10d554559bbbb275fafd54b5fc773629b8e,https://github.com/heyns1000/omnigrid/blob/main/rebuilt_systems/fruitful-global/attached_assets/Screenshot 2025-07-28 at 22.51.39_1753735902131.png
rebuilt_systems/fruitful-global/attached_assets/Screenshot 2025-07-28 at 22.57.33_1753736268755.png,44292,9afcbacc5160e92b222654ae6103341d4fdf34c5,https://github.com/heyns1000/omnigrid/blob/main/rebuilt_systems/fruitful-global/attached_assets/Screenshot 2025-07-28 at 22.57.33_1753736268755.png
rebuilt_systems/fruitful-global/attached_assets/Screenshot 2025-07-29 at 18.15.08_1753805711500.png,54885,4a44eaae5d81bcc29debe3cc6380a901ee2f9fd3,https://github.com/heyns1000/omnigrid/blob/main/rebuilt_systems/fruitful-global/attached_assets/Screenshot 2025-07-29 at 18.15.08_1753805711500.png
rebuilt_systems/fruitful-global/attached_assets/Screenshot 2025-09-07 at 08.27.11_1757226437155.png,684580,929fd41d6812cf390986e159957dcf184fdfc8ae,https://github.com/heyns1000/omnigrid/blob/main/rebuilt_systems/fruitful-global/attached_assets/Screenshot 2025-09-07 at 08.27.11_1757226437155.png
rebuilt_systems/fruitful-global/attached_assets/targeted_element_1755915321394.png,45605,a959d35a5d98540dbb4b36a9a6cf459309befa77,https://github.com/heyns1000/omnigrid/blob/main/rebuilt_systems/fruitful-global/attached_assets/targeted_element_1755915321394.png
rebuilt_systems/fruitful-global/backup/attached_assets/Pasted--DOCTYPE-html-html-lang-en-head-meta-charset-UTF-8-meta-name-viewport-conten-1753727761894_1753727761897.txt,212695,c68d2ba03fbb9ce7a41e56fd0fe05bbb2ab11fd0,https://github.com/heyns1000/omnigrid/blob/main/rebuilt_systems/fruitful-global/backup/attached_assets/Pasted--DOCTYPE-html-html-lang-en-head-meta-charset-UTF-8-meta-name-viewport-conten-1753727761894_1753727761897.txt
rebuilt_systems/fruitful-global/backup/attached_assets/Pasted--DOCTYPE-html-html-lang-en-head-meta-charset-UTF-8-meta-name-viewport-content-1753728127918_1753728127921.txt,41459,8a57974eac19efb58fd2b140825f2b9a009de17e,https://github.com/heyns1000/omnigrid/blob/main/rebuilt_systems/fruitful-global/backup/attached_assets/Pasted--DOCTYPE-html-html-lang-en-head-meta-charset-UTF-8-meta-name-viewport-content-1753728127918_1753728127921.txt
rebuilt_systems/fruitful-global/backup/attached_assets/Pasted--DOCTYPE-html-html-lang-en-head-meta-charset-UTF-8-meta-name-viewport-content-1753728339876_1753728339878.txt,78723,4bfd83a01b0556b2f526f2e13310063466a86686,https://github.com/heyns1000/omnigrid/blob/main/rebuilt_systems/fruitful-global/backup/attached_assets/Pasted--DOCTYPE-html-html-lang-en-head-meta-charset-UTF-8-meta-name-viewport-content-1753728339876_1753728339878.txt
rebuilt_systems/fruitful-global/backup/attached_assets/Pasted--DOCTYPE-html-html-lang-en-head-meta-charset-UTF-8-meta-name-viewport-content-1753728424796_1753728424800.txt,170365,6f4d641d6e6e3963161bd93946d6805c2fc61535,https://github.com/heyns1000/omnigrid/blob/main/rebuilt_systems/fruitful-global/backup/attached_assets/Pasted--DOCTYPE-html-html-lang-en-head-meta-charset-UTF-8-meta-name-viewport-content-1753728424796_1753728424800.txt
rebuilt_systems/fruitful-global/backup/attached_assets/Pasted--DOCTYPE-html-html-lang-en-head-meta-charset-UTF-8-meta-name-viewport-content-1753728500303_1753728500306.txt,41460,e77a25c1690482ff4f8c7d1c7994e22bb5cd38de,https://github.com/heyns1000/omnigrid/blob/main/rebuilt_systems/fruitful-global/backup/attached_assets/Pasted--DOCTYPE-html-html-lang-en-head-meta-charset-UTF-8-meta-name-viewport-content-1753728500303_1753728500306.txt
rebuilt_systems/fruitful-global/backup/attached_assets/Pasted--DOCTYPE-html-html-lang-en-head-meta-charset-UTF-8-meta-name-viewport-content-1753728650185_1753728650188.txt,216827,4a79e256f1e46343d484e3a2b8fd4a783ec39d3f,https://github.com/heyns1000/omnigrid/blob/main/rebuilt_systems/fruitful-global/backup/attached_assets/Pasted--DOCTYPE-html-html-lang-en-head-meta-charset-UTF-8-meta-name-viewport-content-1753728650185_1753728650188.txt
rebuilt_systems/fruitful-global/backup/attached_assets/Pasted--DOCTYPE-html-html-lang-en-head-meta-charset-UTF-8-meta-name-viewport-content-1753730563716_1753730563719.txt,216827,4a79e256f1e46343d484e3a2b8fd4a783ec39d3f,https://github.com/heyns1000/omnigrid/blob/main/rebuilt_systems/fruitful-global/backup/attached_assets/Pasted--DOCTYPE-html-html-lang-en-head-meta-charset-UTF-8-meta-name-viewport-content-1753730563716_1753730563719.txt
rebuilt_systems/fruitful-global/backup/attached_assets/Pasted--DOCTYPE-html-html-lang-en-head-meta-charset-UTF-8-meta-name-viewport-content-1753730607571_1753730607572.txt,78723,4bfd83a01b0556b2f526f2e13310063466a86686,https://github.com/heyns1000/omnigrid/blob/main/rebuilt_systems/fruitful-global/backup/attached_assets/Pasted--DOCTYPE-html-html-lang-en-head-meta-charset-UTF-8-meta-name-viewport-content-1753730607571_1753730607572.txt
rebuilt_systems/fruitful-global/backup/attached_assets/Pasted--DOCTYPE-html-html-lang-en-head-meta-charset-UTF-8-meta-name-viewport-content-1753730751456_1753730751458.txt,5140,c5dba0d0bb62f2e63762be9cc1b07299603e1dbd,https://github.com/heyns1000/omnigrid/blob/main/rebuilt_systems/fruitful-global/backup/attached_assets/Pasted--DOCTYPE-html-html-lang-en-head-meta-charset-UTF-8-meta-name-viewport-content-1753730751456_1753730751458.txt
rebuilt_systems/fruitful-global/backup/attached_assets/Pasted--DOCTYPE-html-html-lang-en-head-meta-charset-UTF-8-meta-name-viewport-content-1753730797853_1753730797855.txt,170365,6f4d641d6e6e3963161bd93946d6805c2fc61535,https://github.com/heyns1000/omnigrid/blob/main/rebuilt_systems/fruitful-global/backup/attached_assets/Pasted--DOCTYPE-html-html-lang-en-head-meta-charset-UTF-8-meta-name-viewport-content-1753730797853_1753730797855.txt
rebuilt_systems/fruitful-global/backup/attached_assets/Pasted--DOCTYPE-html-html-lang-en-head-meta-charset-UTF-8-meta-name-viewport-content-1753731844821_1753731844826.txt,216827,4a79e256f1e46343d484e3a2b8fd4a783ec39d3f,https://github.com/heyns1000/omnigrid/blob/main/rebuilt_systems/fruitful-global/backup/attached_assets/Pasted--DOCTYPE-html-html-lang-en-head-meta-charset-UTF-8-meta-name-viewport-content-1753731844821_1753731844826.txt
rebuilt_systems/fruitful-global/backup/attached_assets/Pasted--DOCTYPE-html-html-lang-en-head-meta-charset-UTF-8-meta-name-viewport-content-1753733259848_1753733259851.txt,216827,4a79e256f1e46343d484e3a2b8fd4a783ec39d3f,https://github.com/heyns1000/omnigrid/blob/main/rebuilt_systems/fruitful-global/backup/attached_assets/Pasted--DOCTYPE-html-html-lang-en-head-meta-charset-UTF-8-meta-name-viewport-content-1753733259848_1753733259851.txt
rebuilt_systems/fruitful-global/backup/attached_assets/Pasted--DOCTYPE-html-html-lang-en-head-meta-charset-UTF-8-meta-name-viewport-content-1753733430583_1753733430584.txt,78723,4bfd83a01b0556b2f526f2e13310063466a86686,https://github.com/heyns1000/omnigrid/blob/main/rebuilt_systems/fruitful-global/backup/attached_assets/Pasted--DOCTYPE-html-html-lang-en-head-meta-charset-UTF-8-meta-name-viewport-content-1753733430583_1753733430584.txt
rebuilt_systems/fruitful-global/backup/attached_assets/Pasted--DOCTYPE-html-html-lang-en-head-meta-charset-UTF-8-meta-name-viewport-content-wi-1753729442788_1753729442789.txt,38264,6f556acef4f3d6969c736749d0e035ca1a5674fb,https://github.com/heyns1000/omnigrid/blob/main/rebuilt_systems/fruitful-global/backup/attached_assets/Pasted--DOCTYPE-html-html-lang-en-head-meta-charset-UTF-8-meta-name-viewport-content-wi-1753729442788_1753729442789.txt
rebuilt_systems/fruitful-global/backup/attached_assets/Pasted--coding-utf-8-import-os-import-json-import-shutil-Added-for-shutil-rmtree-import-textwra-1753727416723_1753727416725.txt,127715,dd26abd8e67be74aee938ecb26a6179a771ea388,https://github.com/heyns1000/omnigrid/blob/main/rebuilt_systems/fruitful-global/backup/attached_assets/Pasted--coding-utf-8-import-os-import-json-import-shutil-Added-for-shutil-rmtree-import-textwra-1753727416723_1753727416725.txt
rebuilt_systems/fruitful-global/backup/attached_assets/Screenshot 2025-07-28 at 21.13.01_1753729983610.png,70622,1108a83b98141a7921114b8217e67cd0fe9031c5,https://github.com/heyns1000/omnigrid/blob/main/rebuilt_systems/fruitful-global/backup/attached_assets/Screenshot 2025-07-28 at 21.13.01_1753729983610.png
rebuilt_systems/fruitful-global/backup/attached_assets/Screenshot 2025-07-28 at 21.27.39_1753730862682.png,49553,1ec8af4a45afeec4ca71f632b12b38614a422d62,https://github.com/heyns1000/omnigrid/blob/main/rebuilt_systems/fruitful-global/backup/attached_assets/Screenshot 2025-07-28 at 21.27.39_1753730862682.png
rebuilt_systems/fruitful-global/backup/attached_assets/Screenshot 2025-07-28 at 21.39.52_1753731594534.png,97784,60b9a61892af981df0956e9c8122e74f37b31a51,https://github.com/heyns1000/omnigrid/blob/main/rebuilt_systems/fruitful-global/backup/attached_assets/Screenshot 2025-07-28 at 21.39.52_1753731594534.png
rebuilt_systems/fruitful-global/backup/attached_assets/Screenshot 2025-07-28 at 21.49.42_1753732186268.png,166282,1e90beebb016525c68894cf283ed7aff12069614,https://github.com/heyns1000/omnigrid/blob/main/rebuilt_systems/fruitful-global/backup/attached_assets/Screenshot 2025-07-28 at 21.49.42_1753732186268.png
rebuilt_systems/fruitful-global/backup/attached_assets/Screenshot 2025-07-28 at 21.50.02_1753732206772.png,197938,75da1655794a037a1b911207a09ab6b20cd11b3e,https://github.com/heyns1000/omnigrid/blob/main/rebuilt_systems/fruitful-global/backup/attached_assets/Screenshot 2025-07-28 at 21.50.02_1753732206772.png
rebuilt_systems/fruitful-global/backup/attached_assets/Screenshot 2025-07-28 at 21.50.19_1753732225176.png,481566,77c4f1b2fd0727a57ee247b3e20d8943d1950e52,https://github.com/heyns1000/omnigrid/blob/main/rebuilt_systems/fruitful-global/backup/attached_assets/Screenshot 2025-07-28 at 21.50.19_1753732225176.png
rebuilt_systems/fruitful-global/backup/attached_assets/Screenshot 2025-07-28 at 21.51.01_1753732276540.png,713247,e7ac4a935477ade8db13aae18de9e8e652807703,https://github.com/heyns1000/omnigrid/blob/main/rebuilt_systems/fruitful-global/backup/attached_assets/Screenshot 2025-07-28 at 21.51.01_1753732276540.png
rebuilt_systems/fruitful-global/backup/attached_assets/Screenshot 2025-07-28 at 21.51.21_1753732290595.png,420640,603de4ebae02a6cef1e6ec4ae433558d9de95b8b,https://github.com/heyns1000/omnigrid/blob/main/rebuilt_systems/fruitful-global/backup/attached_assets/Screenshot 2025-07-28 at 21.51.21_1753732290595.png
rebuilt_systems/fruitful-global/backup/attached_assets/Screenshot 2025-07-28 at 21.51.40_1753732306940.png,98334,c8f56f36ce078ab64bcab3ee078f665ea4f33673,https://github.com/heyns1000/omnigrid/blob/main/rebuilt_systems/fruitful-global/backup/attached_assets/Screenshot 2025-07-28 at 21.51.40_1753732306940.png
rebuilt_systems/fruitful-global/backup/attached_assets/Screenshot 2025-07-28 at 21.52.05_1753732329235.png,184298,d6f88baa7a88e157f8d20ec2eafb8b72407e6ad9,https://github.com/heyns1000/omnigrid/blob/main/rebuilt_systems/fruitful-global/backup/attached_assets/Screenshot 2025-07-28 at 21.52.05_1753732329235.png
rebuilt_systems/fruitful-global/backup/attached_assets/Screenshot 2025-07-28 at 22.04.39_1753733081835.png,182277,8edb4ade110eb2911264fa1fe50bd0e213f9c5ff,https://github.com/heyns1000/omnigrid/blob/main/rebuilt_systems/fruitful-global/backup/attached_assets/Screenshot 2025-07-28 at 22.04.39_1753733081835.png
rebuilt_systems/fruitful-global/backup/attached_assets/Screenshot 2025-07-28 at 22.04.56_1753733098462.png,55941,41d6fa77869a74650c78b88d20dbe15fe3dfa177,https://github.com/heyns1000/omnigrid/blob/main/rebuilt_systems/fruitful-global/backup/attached_assets/Screenshot 2025-07-28 at 22.04.56_1753733098462.png
rebuilt_systems/fruitful-global/backup/attached_assets/Screenshot 2025-07-28 at 22.08.26_1753733308574.png,126216,c3aa2394db0d0e17f115aad8dfa76c3dd4fe361b,https://github.com/heyns1000/omnigrid/blob/main/rebuilt_systems/fruitful-global/backup/attached_assets/Screenshot 2025-07-28 at 22.08.26_1753733308574.png
rebuilt_systems/fruitful-global/backup/attached_assets/Screenshot 2025-07-28 at 22.10.01_1753733402841.png,543856,4439766cf5790afce9cc7e72cc4e0bcd6ee5e8bf,https://github.com/heyns1000/omnigrid/blob/main/rebuilt_systems/fruitful-global/backup/attached_assets/Screenshot 2025-07-28 at 22.10.01_1753733402841.png
rebuilt_systems/fruitful-global/backup/attached_assets/Screenshot 2025-07-28 at 22.11.01_1753733462974.png,54681,868837a04472f34d6c031763181759919ace0965,https://github.com/heyns1000/omnigrid/blob/main/rebuilt_systems/fruitful-global/backup/attached_assets/Screenshot 2025-07-28 at 22.11.01_1753733462974.png
rebuilt_systems/fruitful-global/backup/attached_assets/Screenshot 2025-07-28 at 22.12.04_1753733526821.png,119452,9be71dcea286359eb8040c22c1163f90c1dba063,https://github.com/heyns1000/omnigrid/blob/main/rebuilt_systems/fruitful-global/backup/attached_assets/Screenshot 2025-07-28 at 22.12.04_1753733526821.png
rebuilt_systems/fruitful-global/backup/attached_assets/Screenshot 2025-07-28 at 22.13.17_1753733609049.png,114377,94b2ada4740bec4f5023ee1084543099831bda58,https://github.com/heyns1000/omnigrid/blob/main/rebuilt_systems/fruitful-global/backup/attached_assets/Screenshot 2025-07-28 at 22.13.17_1753733609049.png
rebuilt_systems/fruitful-global/backup/attached_assets/Screenshot 2025-07-28 at 22.15.32_1753733734115.png,118276,e799418a8db7f59b3e27f3cdb101339ec484995e,https://github.com/heyns1000/omnigrid/blob/main/rebuilt_systems/fruitful-global/backup/attached_assets/Screenshot 2025-07-28 at 22.15.32_1753733734115.png
rebuilt_systems/fruitful-global/backup/attached_assets/Screenshot 2025-07-28 at 22.16.36_1753733798991.png,116140,1a97e91eaf3d072ee79a15517ee1de60b8feb903,https://github.com/heyns1000/omnigrid/blob/main/rebuilt_systems/fruitful-global/backup/attached_assets/Screenshot 2025-07-28 at 22.16.36_1753733798991.png
rebuilt_systems/fruitful-global/backup/attached_assets/Screenshot 2025-07-28 at 22.18.22_1753733906544.png,141241,8e1ccce4a90bc7bb1e0f8c00544e6c436d60dc26,https://github.com/heyns1000/omnigrid/blob/main/rebuilt_systems/fruitful-global/backup/attached_assets/Screenshot 2025-07-28 at 22.18.22_1753733906544.png
rebuilt_systems/fruitful-global/backup/attached_assets/Screenshot 2025-07-28 at 22.19.38_1753733981081.png,567418,b2d5b9afa1125d76273c2da364abc25daf551abd,https://github.com/heyns1000/omnigrid/blob/main/rebuilt_systems/fruitful-global/backup/attached_assets/Screenshot 2025-07-28 at 22.19.38_1753733981081.png
rebuilt_systems/fruitful-global/backup/attached_assets/Screenshot 2025-07-28 at 22.21.14_1753734078248.png,469690,9e5a39fac0a30abf987a014bfd123556a063d763,https://github.com/heyns1000/omnigrid/blob/main/rebuilt_systems/fruitful-global/backup/attached_assets/Screenshot 2025-07-28 at 22.21.14_1753734078248.png
rebuilt_systems/fruitful-global/backup/attached_assets/Screenshot 2025-07-28 at 22.22.40_1753734178618.png,475874,68470c6b35b7c2d7c28fb35757b44641afdd9b63,https://github.com/heyns1000/omnigrid/blob/main/rebuilt_systems/fruitful-global/backup/attached_assets/Screenshot 2025-07-28 at 22.22.40_1753734178618.png
rebuilt_systems/fruitful-global/backup/attached_assets/Screenshot 2025-07-28 at 22.25.49_1753734371137.png,484802,28835d1692b93e7b94f575be28caf1ea76edb154,https://github.com/heyns1000/omnigrid/blob/main/rebuilt_systems/fruitful-global/backup/attached_assets/Screenshot 2025-07-28 at 22.25.49_1753734371137.png
rebuilt_systems/fruitful-global/backup/attached_assets/Screenshot 2025-07-28 at 22.28.57_1753734540939.png,568579,956af2e843b57fdf5798f8f5f79f5a4fc48f6486,https://github.com/heyns1000/omnigrid/blob/main/rebuilt_systems/fruitful-global/backup/attached_assets/Screenshot 2025-07-28 at 22.28.57_1753734540939.png
rebuilt_systems/fruitful-global/backup/client/index.html,527,4b4d09e3151713b7af7e8d38dd2bac2a27d5a7ee,https://github.com/heyns1000/omnigrid/blob/main/rebuilt_systems/fruitful-global/backup/client/index.html
rebuilt_systems/fruitful-global/backup/client/src/App.tsx,1646,6ce0ca4a82a4bc51eb81bf044b9b103940a3d0e3,https://github.com/heyns1000/omnigrid/blob/main/rebuilt_systems/fruitful-global/backup/client/src/App.tsx
rebuilt_systems/fruitful-global/backup/client/src/components/AnalyticsChart.tsx,2627,4389d14e1cc61282ef2599512594b8f69b33c34e,https://github.com/heyns1000/omnigrid/blob/main/rebuilt_systems/fruitful-global/backup/client/src/components/AnalyticsChart.tsx
rebuilt_systems/fruitful-global/backup/client/src/components/BrandCard.tsx,4232,801353f9c8b62282a2ad4487308e5ea9b06db7fb,https://github.com/heyns1000/omnigrid/blob/main/rebuilt_systems/fruitful-global/backup/client/src/components/BrandCard.tsx
rebuilt_systems/fruitful-global/backup/client/src/components/GlobalFooter.tsx,3268,f568835bbca22e07a4f64f8433e10ff4799a133d,https://github.com/heyns1000/omnigrid/blob/main/rebuilt_systems/fruitful-global/backup/client/src/components/GlobalFooter.tsx
rebuilt_systems/fruitful-global/backup/client/src/components/GlobalHeader.tsx,1687,4c29ae83db78377e1d669538f4ca7690d7591a74,https://github.com/heyns1000/omnigrid/blob/main/rebuilt_systems/fruitful-global/backup/client/src/components/GlobalHeader.tsx
rebuilt_systems/fruitful-global/backup/client/src/components/GlobalMap.tsx,2676,f3d68a3627a257a6387b5c536a5d256278f315ff,https://github.com/heyns1000/omnigrid/blob/main/rebuilt_systems/fruitful-global/backup/client/src/components/GlobalMap.tsx
rebuilt_systems/fruitful-global/backup/client/src/components/PayPalButton.tsx,3609,cefa6934e0505c1f66b38a71a2a1481801ae7c17,https://github.com/heyns1000/omnigrid/blob/main/rebuilt_systems/fruitful-global/backup/client/src/components/PayPalButton.tsx
rebuilt_systems/fruitful-global/backup/client/src/components/SectorNavigation.tsx,4931,5c38065973621bee1ac86e7b5e7036ec4bd2724c,https://github.com/heyns1000/omnigrid/blob/main/rebuilt_systems/fruitful-global/backup/client/src/components/SectorNavigation.tsx
rebuilt_systems/fruitful-global/backup/client/src/components/TemplateGrid.tsx,4154,19ae52956d4fe2ecc567320207695aea14b4fe6e,https://github.com/heyns1000/omnigrid/blob/main/rebuilt_systems/fruitful-global/backup/client/src/components/TemplateGrid.tsx
rebuilt_systems/fruitful-global/backup/client/src/components/ThemeToggle.tsx,1354,c95a0c6e0d30eed85dc218d5a6f671f2dc26011b,https://github.com/heyns1000/omnigrid/blob/main/rebuilt_systems/fruitful-global/backup/client/src/components/ThemeToggle.tsx
rebuilt_systems/fruitful-global/backup/client/src/components/ui/accordion.tsx,1977,e6a723d06574ee5cec8b00759b98f3fbe1ac7cc9,https://github.com/heyns1000/omnigrid/blob/main/rebuilt_systems/fruitful-global/backup/client/src/components/ui/accordion.tsx
rebuilt_systems/fruitful-global/backup/client/src/components/ui/alert-dialog.tsx,4420,8722561cf6bda62d62f9a0c67730aefda971873a,https://github.com/heyns1000/omnigrid/blob/main/rebuilt_systems/fruitful-global/backup/client/src/components/ui/alert-dialog.tsx
rebuilt_systems/fruitful-global/backup/client/src/components/ui/alert.tsx,1584,41fa7e0561a3fdb5f986c1213a35e563de740e96,https://github.com/heyns1000/omnigrid/blob/main/rebuilt_systems/fruitful-global/backup/client/src/components/ui/alert.tsx
rebuilt_systems/fruitful-global/backup/client/src/components/ui/aspect-ratio.tsx,140,c4abbf37f217c715a0eaade7f45ac78600df419f,https://github.com/heyns1000/omnigrid/blob/main/rebuilt_systems/fruitful-global/backup/client/src/components/ui/aspect-ratio.tsx
rebuilt_systems/fruitful-global/backup/client/src/components/ui/avatar.tsx,1419,51e507ba9d08bcdbb1fb630498f1cbdf2bf50093,https://github.com/heyns1000/omnigrid/blob/main/rebuilt_systems/fruitful-global/backup/client/src/components/ui/avatar.tsx
rebuilt_systems/fruitful-global/backup/client/src/components/ui/badge.tsx,1128,f000e3ef5176395b067dfc3f3e1256a80c450015,https://github.com/heyns1000/omnigrid/blob/main/rebuilt_systems/fruitful-global/backup/client/src/components/ui/badge.tsx
rebuilt_systems/fruitful-global/backup/client/src/components/ui/breadcrumb.tsx,2712,60e6c96f72f0350d08b47e4730cab8f3975dc853,https://github.com/heyns1000/omnigrid/blob/main/rebuilt_systems/fruitful-global/backup/client/src/components/ui/breadcrumb.tsx
rebuilt_systems/fruitful-global/backup/client/src/components/ui/button.tsx,1901,36496a28727a3643b4212a14225d4f6cbd50bda5,https://github.com/heyns1000/omnigrid/blob/main/rebuilt_systems/fruitful-global/backup/client/src/components/ui/button.tsx
rebuilt_systems/fruitful-global/backup/client/src/components/ui/calendar.tsx,2695,2174f7101ba18ec1385eed03f69dbd619feb98aa,https://github.com/heyns1000/omnigrid/blob/main/rebuilt_systems/fruitful-global/backup/client/src/components/ui/calendar.tsx
rebuilt_systems/fruitful-global/backup/client/src/components/ui/card.tsx,1858,f62edea578d50058bef5e6bcc178b88d145564e9,https://github.com/heyns1000/omnigrid/blob/main/rebuilt_systems/fruitful-global/backup/client/src/components/ui/card.tsx
rebuilt_systems/fruitful-global/backup/client/src/components/ui/carousel.tsx,6210,9c2b9bf3705d8421bef00704c0c52e83d371ca11,https://github.com/heyns1000/omnigrid/blob/main/rebuilt_systems/fruitful-global/backup/client/src/components/ui/carousel.tsx
rebuilt_systems/fruitful-global/backup/client/src/components/ui/chart.tsx,10481,39fba6d6fc8509b968824b5076a8791c46650294,https://github.com/heyns1000/omnigrid/blob/main/rebuilt_systems/fruitful-global/backup/client/src/components/ui/chart.tsx
rebuilt_systems/fruitful-global/backup/client/src/components/ui/checkbox.tsx,1056,ddbdd01d8d1491ab772790db8d40c5ac0a2630f3,https://github.com/heyns1000/omnigrid/blob/main/rebuilt_systems/fruitful-global/backup/client/src/components/ui/checkbox.tsx
rebuilt_systems/fruitful-global/backup/client/src/components/ui/collapsible.tsx,329,9fa48946afd1eb56bd932377fd888e3986304676,https://github.com/heyns1000/omnigrid/blob/main/rebuilt_systems/fruitful-global/backup/client/src/components/ui/collapsible.tsx
rebuilt_systems/fruitful-global/backup/client/src/components/ui/command.tsx,4885,f0e4e3fb6407b9184a7e1087fb5bebe96a980bdf,https://github.com/heyns1000/omnigrid/blob/main/rebuilt_systems/fruitful-global/backup/client/src/components/ui/command.tsx
rebuilt_systems/fruitful-global/backup/client/src/components/ui/context-menu.tsx,7428,aa3ef7792b866380aa91038beff862aa39ebe5c5,https://github.com/heyns1000/omnigrid/blob/main/rebuilt_systems/fruitful-global/backup/client/src/components/ui/context-menu.tsx
rebuilt_systems/fruitful-global/backup/client/src/components/ui/dialog.tsx,3848,f38593bdcc2e700cd5a24d0b96640ca9ad474476,https://github.com/heyns1000/omnigrid/blob/main/rebuilt_systems/fruitful-global/backup/client/src/components/ui/dialog.tsx
rebuilt_systems/fruitful-global/backup/client/src/components/ui/drawer.tsx,3021,6a0ef53dde8991d3adeadd791cd262808aaf9ac0,https://github.com/heyns1000/omnigrid/blob/main/rebuilt_systems/fruitful-global/backup/client/src/components/ui/drawer.tsx
rebuilt_systems/fruitful-global/backup/client/src/components/ui/dropdown-menu.tsx,7294,3a79f447f7fc6fa65c347d5f49f974432e36939b,https://github.com/heyns1000/omnigrid/blob/main/rebuilt_systems/fruitful-global/backup/client/src/components/ui/dropdown-menu.tsx
rebuilt_systems/fruitful-global/backup/client/src/components/ui/form.tsx,4120,4f02ae6a48799a297ae92a9bcfa1f8de4d879be1,https://github.com/heyns1000/omnigrid/blob/main/rebuilt_systems/fruitful-global/backup/client/src/components/ui/form.tsx
rebuilt_systems/fruitful-global/backup/client/src/components/ui/hover-card.tsx,1251,74efa6bee7037d46ea6f1a08a89b68963660cca0,https://github.com/heyns1000/omnigrid/blob/main/rebuilt_systems/fruitful-global/backup/client/src/components/ui/hover-card.tsx
rebuilt_systems/fruitful-global/backup/client/src/components/ui/input-otp.tsx,2154,ebf5c281ee7fbbf86462b33b7b9955d884d57580,https://github.com/heyns1000/omnigrid/blob/main/rebuilt_systems/fruitful-global/backup/client/src/components/ui/input-otp.tsx
rebuilt_systems/fruitful-global/backup/client/src/components/ui/input.tsx,791,68551b9276b4164a8263aa58d385db30f81a4453,https://github.com/heyns1000/omnigrid/blob/main/rebuilt_systems/fruitful-global/backup/client/src/components/ui/input.tsx
rebuilt_systems/fruitful-global/backup/client/src/components/ui/label.tsx,710,683faa793819982d64e21cb2939666fd6d4a7b13,https://github.com/heyns1000/omnigrid/blob/main/rebuilt_systems/fruitful-global/backup/client/src/components/ui/label.tsx
rebuilt_systems/fruitful-global/backup/client/src/components/ui/menubar.tsx,8605,7b3a71b182d16a2655aaf048797b39a5c27f931a,https://github.com/heyns1000/omnigrid/blob/main/rebuilt_systems/fruitful-global/backup/client/src/components/ui/menubar.tsx
rebuilt_systems/fruitful-global/backup/client/src/components/ui/navigation-menu.tsx,5128,411f51922144bf667c2a5d512ff712d1c37098bd,https://github.com/heyns1000/omnigrid/blob/main/rebuilt_systems/fruitful-global/backup/client/src/components/ui/navigation-menu.tsx
rebuilt_systems/fruitful-global/backup/client/src/components/ui/pagination.tsx,2751,ea40d196dc72673f36c4084bf56457385edc855e,https://github.com/heyns1000/omnigrid/blob/main/rebuilt_systems/fruitful-global/backup/client/src/components/ui/pagination.tsx
rebuilt_systems/fruitful-global/backup/client/src/components/ui/popover.tsx,1280,821a32f3701193ec91f9cf2e22e34c6807c09d14,https://github.com/heyns1000/omnigrid/blob/main/rebuilt_systems/fruitful-global/backup/client/src/components/ui/popover.tsx
rebuilt_systems/fruitful-global/backup/client/src/components/ui/progress.tsx,791,5c87ea4865610374cdc591d1619157b4d8909a87,https://github.com/heyns1000/omnigrid/blob/main/rebuilt_systems/fruitful-global/backup/client/src/components/ui/progress.tsx
rebuilt_systems/fruitful-global/backup/client/src/components/ui/radio-group.tsx,1467,43b43b48b84d3045a442409006d5cb8c5f35adfd,https://github.com/heyns1000/omnigrid/blob/main/rebuilt_systems/fruitful-global/backup/client/src/components/ui/radio-group.tsx
rebuilt_systems/fruitful-global/backup/client/src/components/ui/resizable.tsx,1723,f4bc5586b67f45d3cc35f228e8bac2e4bc2cea16,https://github.com/heyns1000/omnigrid/blob/main/rebuilt_systems/fruitful-global/backup/client/src/components/ui/resizable.tsx
rebuilt_systems/fruitful-global/backup/client/src/components/ui/scroll-area.tsx,1642,cf253cf17056ce04827219643e484ea99c77cf6b,https://github.com/heyns1000/omnigrid/blob/main/rebuilt_systems/fruitful-global/backup/client/src/components/ui/scroll-area.tsx
rebuilt_systems/fruitful-global/backup/client/src/components/ui/select.tsx,5742,a45647c222f60248d3a206e50c9266fecda2bf1c,https://github.com/heyns1000/omnigrid/blob/main/rebuilt_systems/fruitful-global/backup/client/src/components/ui/select.tsx
rebuilt_systems/fruitful-global/backup/client/src/components/ui/separator.tsx,756,6d7f12265ba0338704f013930ce4d52c56527dd1,https://github.com/heyns1000/omnigrid/blob/main/rebuilt_systems/fruitful-global/backup/client/src/components/ui/separator.tsx
rebuilt_systems/fruitful-global/backup/client/src/components/ui/sheet.tsx,4281,a37f17ba04055c1c174bd439d58aa3b5b2857cc9,https://github.com/heyns1000/omnigrid/blob/main/rebuilt_systems/fruitful-global/backup/client/src/components/ui/sheet.tsx
rebuilt_systems/fruitful-global/backup/client/src/components/ui/sidebar.tsx,23567,d17b4a3678b89abe995f6dc1a12a7034a293232e,https://github.com/heyns1000/omnigrid/blob/main/rebuilt_systems/fruitful-global/backup/client/src/components/ui/sidebar.tsx
rebuilt_systems/fruitful-global/backup/client/src/components/ui/skeleton.tsx,261,01b8b6d4f716ff7c26065bc9e46aebd932729fc1,https://github.com/heyns1000/omnigrid/blob/main/rebuilt_systems/fruitful-global/backup/client/src/components/ui/skeleton.tsx
rebuilt_systems/fruitful-global/backup/client/src/components/ui/slider.tsx,1077,e161daec03130190dcfb597c8632f9df4ba407f5,https://github.com/heyns1000/omnigrid/blob/main/rebuilt_systems/fruitful-global/backup/client/src/components/ui/slider.tsx
rebuilt_systems/fruitful-global/backup/client/src/components/ui/switch.tsx,1139,aa58baa29c676db7b14a37436a9662107b0111ec,https://github.com/heyns1000/omnigrid/blob/main/rebuilt_systems/fruitful-global/backup/client/src/components/ui/switch.tsx
rebuilt_systems/fruitful-global/backup/client/src/components/ui/table.tsx,2765,7f3502f8b2820be1d6f0aa4c1ffaa351799c1ed3,https://github.com/heyns1000/omnigrid/blob/main/rebuilt_systems/fruitful-global/backup/client/src/components/ui/table.tsx
rebuilt_systems/fruitful-global/backup/client/src/components/ui/tabs.tsx,1883,f57fffdb5a07cd21b12f8c014513475a6980a469,https://github.com/heyns1000/omnigrid/blob/main/rebuilt_systems/fruitful-global/backup/client/src/components/ui/tabs.tsx
rebuilt_systems/fruitful-global/backup/client/src/components/ui/textarea.tsx,689,4d858bb6b02662c749d3cb334129a9a1977b0c51,https://github.com/heyns1000/omnigrid/blob/main/rebuilt_systems/fruitful-global/backup/client/src/components/ui/textarea.tsx
rebuilt_systems/fruitful-global/backup/client/src/components/ui/toast.tsx,4845,a822477534192c4df5073e4015f7461e739d3344,https://github.com/heyns1000/omnigrid/blob/main/rebuilt_systems/fruitful-global/backup/client/src/components/ui/toast.tsx
rebuilt_systems/fruitful-global/backup/client/src/components/ui/toaster.tsx,772,6c67edff67a48c6ac1c46f25a6d468dd461e66cb,https://github.com/heyns1000/omnigrid/blob/main/rebuilt_systems/fruitful-global/backup/client/src/components/ui/toaster.tsx
rebuilt_systems/fruitful-global/backup/client/src/components/ui/toggle-group.tsx,1753,1c876bbeecabe59b684719afe58e684f34cdecbf,https://github.com/heyns1000/omnigrid/blob/main/rebuilt_systems/fruitful-global/backup/client/src/components/ui/toggle-group.tsx
rebuilt_systems/fruitful-global/backup/client/src/components/ui/toggle.tsx,1527,0da5cb8b74d1b02569a8bf0eaf36d135c97315d5,https://github.com/heyns1000/omnigrid/blob/main/rebuilt_systems/fruitful-global/backup/client/src/components/ui/toggle.tsx
rebuilt_systems/fruitful-global/backup/client/src/components/ui/tooltip.tsx,1209,e1ae87b9db8d9a636b8185da4ca6868c3b024d63,https://github.com/heyns1000/omnigrid/blob/main/rebuilt_systems/fruitful-global/backup/client/src/components/ui/tooltip.tsx
rebuilt_systems/fruitful-global/backup/client/src/hooks/use-mobile.tsx,565,2b0fe1dfef3b17850bbac040665f514a8ffd0f15,https://github.com/heyns1000/omnigrid/blob/main/rebuilt_systems/fruitful-global/backup/client/src/hooks/use-mobile.tsx
rebuilt_systems/fruitful-global/backup/client/src/hooks/use-theme.tsx,1616,00425f1fc00bc4de4aa00c63ffc58285e0fab27d,https://github.com/heyns1000/omnigrid/blob/main/rebuilt_systems/fruitful-global/backup/client/src/hooks/use-theme.tsx
rebuilt_systems/fruitful-global/backup/client/src/hooks/use-toast.ts,3895,2c14125ac48b874740770da80d9e424daf1db58b,https://github.com/heyns1000/omnigrid/blob/main/rebuilt_systems/fruitful-global/backup/client/src/hooks/use-toast.ts
rebuilt_systems/fruitful-global/backup/client/src/index.css,8381,f8f07ee0526d6ab963cbc5eeacb9eb88c0ce8fb2,https://github.com/heyns1000/omnigrid/blob/main/rebuilt_systems/fruitful-global/backup/client/src/index.css
rebuilt_systems/fruitful-global/backup/client/src/lib/queryClient.ts,1383,f315a142495772235f6e5324668ce3bc34ef1871,https://github.com/heyns1000/omnigrid/blob/main/rebuilt_systems/fruitful-global/backup/client/src/lib/queryClient.ts
rebuilt_systems/fruitful-global/backup/client/src/lib/utils.ts,166,bd0c391ddd1088e9067844c48835bf4abcd61783,https://github.com/heyns1000/omnigrid/blob/main/rebuilt_systems/fruitful-global/backup/client/src/lib/utils.ts
rebuilt_systems/fruitful-global/backup/client/src/main.tsx,157,696e0d2b94fbc09e5bf2378678cfe86625c2f15c,https://github.com/heyns1000/omnigrid/blob/main/rebuilt_systems/fruitful-global/backup/client/src/main.tsx
rebuilt_systems/fruitful-global/backup/client/src/pages/brand-management.tsx,12074,80f9ecdfb40c2167c59d2e6289902f10e46ea3f8,https://github.com/heyns1000/omnigrid/blob/main/rebuilt_systems/fruitful-global/backup/client/src/pages/brand-management.tsx
rebuilt_systems/fruitful-global/backup/client/src/pages/dashboard.tsx,7594,c8e99f0828bea04644ed71d2ee6908a4f5b7a661,https://github.com/heyns1000/omnigrid/blob/main/rebuilt_systems/fruitful-global/backup/client/src/pages/dashboard.tsx
rebuilt_systems/fruitful-global/backup/client/src/pages/deployment-control.tsx,14736,2592ac1b149e98208c6a87bf819bc5432880b66c,https://github.com/heyns1000/omnigrid/blob/main/rebuilt_systems/fruitful-global/backup/client/src/pages/deployment-control.tsx
rebuilt_systems/fruitful-global/backup/client/src/pages/not-found.tsx,711,dba9f8316f8e796e2808090c4f6cf770e6b90c4a,https://github.com/heyns1000/omnigrid/blob/main/rebuilt_systems/fruitful-global/backup/client/src/pages/not-found.tsx
rebuilt_systems/fruitful-global/backup/client/src/pages/securesign.tsx,25012,7e8ee5a77154a204b1e86427d043ff9177a9b5ae,https://github.com/heyns1000/omnigrid/blob/main/rebuilt_systems/fruitful-global/backup/client/src/pages/securesign.tsx
rebuilt_systems/fruitful-global/backup/client/src/pages/template-orchestration.tsx,18717,5f7a2f39b8629778efa4dea60ba11a5894258bba,https://github.com/heyns1000/omnigrid/blob/main/rebuilt_systems/fruitful-global/backup/client/src/pages/template-orchestration.tsx
rebuilt_systems/fruitful-global/backup/components.json,459,4d7d89f0d7e9146e1e11cc799ce465e21f2e5c4a,https://github.com/heyns1000/omnigrid/blob/main/rebuilt_systems/fruitful-global/backup/components.json
rebuilt_systems/fruitful-global/backup/drizzle.config.ts,325,4cd7b4cb3770a444d70ce72acabcb58e4e3ab18a,https://github.com/heyns1000/omnigrid/blob/main/rebuilt_systems/fruitful-global/backup/drizzle.config.ts
rebuilt_systems/fruitful-global/backup/package-lock.json,349768,3e13960f464b3170113d612df065cec613f800fb,https://github.com/heyns1000/omnigrid/blob/main/rebuilt_systems/fruitful-global/backup/package-lock.json
rebuilt_systems/fruitful-global/backup/package.json,3661,812c6ccce86177d76fe7f65332e32e27796bf202,https://github.com/heyns1000/omnigrid/blob/main/rebuilt_systems/fruitful-global/backup/package.json
rebuilt_systems/fruitful-global/backup/postcss.config.js,80,2e7af2b7f1a6f391da1631d93968a9d487ba977d,https://github.com/heyns1000/omnigrid/blob/main/rebuilt_systems/fruitful-global/backup/postcss.config.js
rebuilt_systems/fruitful-global/backup/replit.md,6314,4f2a976a5137da4d54781c272f7b16be27521a23,https://github.com/heyns1000/omnigrid/blob/main/rebuilt_systems/fruitful-global/backup/replit.md
rebuilt_systems/fruitful-global/backup/server/db.ts,482,7ca3d56a2c6c16922e98f870012a2f5e2fa9fb45,https://github.com/heyns1000/omnigrid/blob/main/rebuilt_systems/fruitful-global/backup/server/db.ts
rebuilt_systems/fruitful-global/backup/server/direct-dashboard.ts,1064,8761d9222fb1cf9c6b5d0c79ae1b267214301961,https://github.com/heyns1000/omnigrid/blob/main/rebuilt_systems/fruitful-global/backup/server/direct-dashboard.ts
rebuilt_systems/fruitful-global/backup/server/direct-serve.ts,1632,03d38b214d2e6907c3b45a9ed3140c7ca4223f5c,https://github.com/heyns1000/omnigrid/blob/main/rebuilt_systems/fruitful-global/backup/server/direct-serve.ts
rebuilt_systems/fruitful-global/backup/server/enhanced-dashboard.ts,2012,da7a165f62bffe73d39a60ad9330e0af62d97b3a,https://github.com/heyns1000/omnigrid/blob/main/rebuilt_systems/fruitful-global/backup/server/enhanced-dashboard.ts
rebuilt_systems/fruitful-global/backup/server/enhanced-vaultmesh.ts,3293,bdd573181e951595ff9ba02660b8a4677dba318f,https://github.com/heyns1000/omnigrid/blob/main/rebuilt_systems/fruitful-global/backup/server/enhanced-vaultmesh.ts
rebuilt_systems/fruitful-global/backup/server/index.ts,4777,6967517576491de6d33a7715909052806b3027e8,https://github.com/heyns1000/omnigrid/blob/main/rebuilt_systems/fruitful-global/backup/server/index.ts
rebuilt_systems/fruitful-global/backup/server/paypal.ts,3940,e76494389d51a0bd920857c45e4e99cfb5f0f839,https://github.com/heyns1000/omnigrid/blob/main/rebuilt_systems/fruitful-global/backup/server/paypal.ts
rebuilt_systems/fruitful-global/backup/server/production-server.ts,2128,b96c117e216ea4532bc05883baa78d36f59e77bc,https://github.com/heyns1000/omnigrid/blob/main/rebuilt_systems/fruitful-global/backup/server/production-server.ts
rebuilt_systems/fruitful-global/backup/server/routes.ts,9980,7f6e86c17fcea186885f963e2bda26ff98e5591f,https://github.com/heyns1000/omnigrid/blob/main/rebuilt_systems/fruitful-global/backup/server/routes.ts
rebuilt_systems/fruitful-global/backup/server/seed-data.ts,396298,8d24438493ff85eb2c8a8beb23b0b891b4db88de,https://github.com/heyns1000/omnigrid/blob/main/rebuilt_systems/fruitful-global/backup/server/seed-data.ts
rebuilt_systems/fruitful-global/backup/server/storage.ts,7072,757c5b218d760a318848b5d884d5882301825d08,https://github.com/heyns1000/omnigrid/blob/main/rebuilt_systems/fruitful-global/backup/server/storage.ts
rebuilt_systems/fruitful-global/backup/server/vite.ts,2263,9338c14f4a52d12d87a6b4f57fbd6ef479bf8c94,https://github.com/heyns1000/omnigrid/blob/main/rebuilt_systems/fruitful-global/backup/server/vite.ts
rebuilt_systems/fruitful-global/backup/shared/schema.ts,8125,c6b52179b5c9269535eea1daabba6b34a1c5f79d,https://github.com/heyns1000/omnigrid/blob/main/rebuilt_systems/fruitful-global/backup/shared/schema.ts
rebuilt_systems/fruitful-global/backup/start-authentic.js,2021,fc788accc2c4a3239dcbed6592e8179f3554987a,https://github.com/heyns1000/omnigrid/blob/main/rebuilt_systems/fruitful-global/backup/start-authentic.js
rebuilt_systems/fruitful-global/backup/tailwind.config.ts,2627,ab1bca54d78bf9d3ce3822bddaee047f10a50bfc,https://github.com/heyns1000/omnigrid/blob/main/rebuilt_systems/fruitful-global/backup/tailwind.config.ts
rebuilt_systems/fruitful-global/backup/tsconfig.json,657,a0203eefcb88d0dcf5e5ff0e2f90150a1b46ee05,https://github.com/heyns1000/omnigrid/blob/main/rebuilt_systems/fruitful-global/backup/tsconfig.json
rebuilt_systems/fruitful-global/backup/vite.config.ts,971,ce3e3d1f6b15a33e4ae097b4cfff0f42b3309380,https://github.com/heyns1000/omnigrid/blob/main/rebuilt_systems/fruitful-global/backup/vite.config.ts
rebuilt_systems/fruitful-global/client/index.html,527,4b4d09e3151713b7af7e8d38dd2bac2a27d5a7ee,https://github.com/heyns1000/omnigrid/blob/main/rebuilt_systems/fruitful-global/client/index.html
rebuilt_systems/fruitful-global/client/src/App.tsx,3149,ab8c04ad3916c7bd4060f9f6115fefa9fccd90c7,https://github.com/heyns1000/omnigrid/blob/main/rebuilt_systems/fruitful-global/client/src/App.tsx
rebuilt_systems/fruitful-global/client/src/components/AnalyticsChart.tsx,2627,4389d14e1cc61282ef2599512594b8f69b33c34e,https://github.com/heyns1000/omnigrid/blob/main/rebuilt_systems/fruitful-global/client/src/components/AnalyticsChart.tsx
rebuilt_systems/fruitful-global/client/src/components/BrandCard.tsx,4232,801353f9c8b62282a2ad4487308e5ea9b06db7fb,https://github.com/heyns1000/omnigrid/blob/main/rebuilt_systems/fruitful-global/client/src/components/BrandCard.tsx
rebuilt_systems/fruitful-global/client/src/components/GlobalFooter.tsx,3268,f568835bbca22e07a4f64f8433e10ff4799a133d,https://github.com/heyns1000/omnigrid/blob/main/rebuilt_systems/fruitful-global/client/src/components/GlobalFooter.tsx
rebuilt_systems/fruitful-global/client/src/components/GlobalHeader.tsx,3357,7feaed89286d8784aacee187575d2a8200550359,https://github.com/heyns1000/omnigrid/blob/main/rebuilt_systems/fruitful-global/client/src/components/GlobalHeader.tsx
rebuilt_systems/fruitful-global/client/src/components/GlobalMap.tsx,3517,24c4f9a6a83398458e7d58943aa31a0a47838a28,https://github.com/heyns1000/omnigrid/blob/main/rebuilt_systems/fruitful-global/client/src/components/GlobalMap.tsx
rebuilt_systems/fruitful-global/client/src/components/LiveCodeEditor.tsx,7060,3a3112f64139f4d53e3ca03357efec4b4497eda8,https://github.com/heyns1000/omnigrid/blob/main/rebuilt_systems/fruitful-global/client/src/components/LiveCodeEditor.tsx
rebuilt_systems/fruitful-global/client/src/components/PayPalButton.tsx,3609,cefa6934e0505c1f66b38a71a2a1481801ae7c17,https://github.com/heyns1000/omnigrid/blob/main/rebuilt_systems/fruitful-global/client/src/components/PayPalButton.tsx
rebuilt_systems/fruitful-global/client/src/components/SectorNavigation.tsx,4931,5c38065973621bee1ac86e7b5e7036ec4bd2724c,https://github.com/heyns1000/omnigrid/blob/main/rebuilt_systems/fruitful-global/client/src/components/SectorNavigation.tsx
rebuilt_systems/fruitful-global/client/src/components/TemplateGrid.tsx,4154,19ae52956d4fe2ecc567320207695aea14b4fe6e,https://github.com/heyns1000/omnigrid/blob/main/rebuilt_systems/fruitful-global/client/src/components/TemplateGrid.tsx
rebuilt_systems/fruitful-global/client/src/components/ThemeToggle.tsx,1354,c95a0c6e0d30eed85dc218d5a6f671f2dc26011b,https://github.com/heyns1000/omnigrid/blob/main/rebuilt_systems/fruitful-global/client/src/components/ThemeToggle.tsx
rebuilt_systems/fruitful-global/client/src/components/ui/accordion.tsx,1977,e6a723d06574ee5cec8b00759b98f3fbe1ac7cc9,https://github.com/heyns1000/omnigrid/blob/main/rebuilt_systems/fruitful-global/client/src/components/ui/accordion.tsx
rebuilt_systems/fruitful-global/client/src/components/ui/alert-dialog.tsx,4420,8722561cf6bda62d62f9a0c67730aefda971873a,https://github.com/heyns1000/omnigrid/blob/main/rebuilt_systems/fruitful-global/client/src/components/ui/alert-dialog.tsx
rebuilt_systems/fruitful-global/client/src/components/ui/alert.tsx,1584,41fa7e0561a3fdb5f986c1213a35e563de740e96,https://github.com/heyns1000/omnigrid/blob/main/rebuilt_systems/fruitful-global/client/src/components/ui/alert.tsx
rebuilt_systems/fruitful-global/client/src/components/ui/aspect-ratio.tsx,140,c4abbf37f217c715a0eaade7f45ac78600df419f,https://github.com/heyns1000/omnigrid/blob/main/rebuilt_systems/fruitful-global/client/src/components/ui/aspect-ratio.tsx
rebuilt_systems/fruitful-global/client/src/components/ui/avatar.tsx,1419,51e507ba9d08bcdbb1fb630498f1cbdf2bf50093,https://github.com/heyns1000/omnigrid/blob/main/rebuilt_systems/fruitful-global/client/src/components/ui/avatar.tsx
rebuilt_systems/fruitful-global/client/src/components/ui/badge.tsx,1128,f000e3ef5176395b067dfc3f3e1256a80c450015,https://github.com/heyns1000/omnigrid/blob/main/rebuilt_systems/fruitful-global/client/src/components/ui/badge.tsx
rebuilt_systems/fruitful-global/client/src/components/ui/breadcrumb.tsx,2712,60e6c96f72f0350d08b47e4730cab8f3975dc853,https://github.com/heyns1000/omnigrid/blob/main/rebuilt_systems/fruitful-global/client/src/components/ui/breadcrumb.tsx
rebuilt_systems/fruitful-global/client/src/components/ui/button.tsx,1901,36496a28727a3643b4212a14225d4f6cbd50bda5,https://github.com/heyns1000/omnigrid/blob/main/rebuilt_systems/fruitful-global/client/src/components/ui/button.tsx
rebuilt_systems/fruitful-global/client/src/components/ui/calendar.tsx,2695,2174f7101ba18ec1385eed03f69dbd619feb98aa,https://github.com/heyns1000/omnigrid/blob/main/rebuilt_systems/fruitful-global/client/src/components/ui/calendar.tsx
rebuilt_systems/fruitful-global/client/src/components/ui/card.tsx,1858,f62edea578d50058bef5e6bcc178b88d145564e9,https://github.com/heyns1000/omnigrid/blob/main/rebuilt_systems/fruitful-global/client/src/components/ui/card.tsx
rebuilt_systems/fruitful-global/client/src/components/ui/carousel.tsx,6210,9c2b9bf3705d8421bef00704c0c52e83d371ca11,https://github.com/heyns1000/omnigrid/blob/main/rebuilt_systems/fruitful-global/client/src/components/ui/carousel.tsx
rebuilt_systems/fruitful-global/client/src/components/ui/chart.tsx,10481,39fba6d6fc8509b968824b5076a8791c46650294,https://github.com/heyns1000/omnigrid/blob/main/rebuilt_systems/fruitful-global/client/src/components/ui/chart.tsx
rebuilt_systems/fruitful-global/client/src/components/ui/checkbox.tsx,1056,ddbdd01d8d1491ab772790db8d40c5ac0a2630f3,https://github.com/heyns1000/omnigrid/blob/main/rebuilt_systems/fruitful-global/client/src/components/ui/checkbox.tsx
rebuilt_systems/fruitful-global/client/src/components/ui/collapsible.tsx,329,9fa48946afd1eb56bd932377fd888e3986304676,https://github.com/heyns1000/omnigrid/blob/main/rebuilt_systems/fruitful-global/client/src/components/ui/collapsible.tsx
rebuilt_systems/fruitful-global/client/src/components/ui/command.tsx,4885,f0e4e3fb6407b9184a7e1087fb5bebe96a980bdf,https://github.com/heyns1000/omnigrid/blob/main/rebuilt_systems/fruitful-global/client/src/components/ui/command.tsx
rebuilt_systems/fruitful-global/client/src/components/ui/context-menu.tsx,7428,aa3ef7792b866380aa91038beff862aa39ebe5c5,https://github.com/heyns1000/omnigrid/blob/main/rebuilt_systems/fruitful-global/client/src/components/ui/context-menu.tsx
rebuilt_systems/fruitful-global/client/src/components/ui/dialog.tsx,3848,f38593bdcc2e700cd5a24d0b96640ca9ad474476,https://github.com/heyns1000/omnigrid/blob/main/rebuilt_systems/fruitful-global/client/src/components/ui/dialog.tsx
rebuilt_systems/fruitful-global/client/src/components/ui/drawer.tsx,3021,6a0ef53dde8991d3adeadd791cd262808aaf9ac0,https://github.com/heyns1000/omnigrid/blob/main/rebuilt_systems/fruitful-global/client/src/components/ui/drawer.tsx
rebuilt_systems/fruitful-global/client/src/components/ui/dropdown-menu.tsx,7294,3a79f447f7fc6fa65c347d5f49f974432e36939b,https://github.com/heyns1000/omnigrid/blob/main/rebuilt_systems/fruitful-global/client/src/components/ui/dropdown-menu.tsx
rebuilt_systems/fruitful-global/client/src/components/ui/form.tsx,4120,4f02ae6a48799a297ae92a9bcfa1f8de4d879be1,https://github.com/heyns1000/omnigrid/blob/main/rebuilt_systems/fruitful-global/client/src/components/ui/form.tsx
rebuilt_systems/fruitful-global/client/src/components/ui/hover-card.tsx,1251,74efa6bee7037d46ea6f1a08a89b68963660cca0,https://github.com/heyns1000/omnigrid/blob/main/rebuilt_systems/fruitful-global/client/src/components/ui/hover-card.tsx
rebuilt_systems/fruitful-global/client/src/components/ui/input-otp.tsx,2154,ebf5c281ee7fbbf86462b33b7b9955d884d57580,https://github.com/heyns1000/omnigrid/blob/main/rebuilt_systems/fruitful-global/client/src/components/ui/input-otp.tsx
rebuilt_systems/fruitful-global/client/src/components/ui/input.tsx,791,68551b9276b4164a8263aa58d385db30f81a4453,https://github.com/heyns1000/omnigrid/blob/main/rebuilt_systems/fruitful-global/client/src/components/ui/input.tsx
rebuilt_systems/fruitful-global/client/src/components/ui/label.tsx,710,683faa793819982d64e21cb2939666fd6d4a7b13,https://github.com/heyns1000/omnigrid/blob/main/rebuilt_systems/fruitful-global/client/src/components/ui/label.tsx
rebuilt_systems/fruitful-global/client/src/components/ui/menubar.tsx,8605,7b3a71b182d16a2655aaf048797b39a5c27f931a,https://github.com/heyns1000/omnigrid/blob/main/rebuilt_systems/fruitful-global/client/src/components/ui/menubar.tsx
rebuilt_systems/fruitful-global/client/src/components/ui/navigation-menu.tsx,5128,411f51922144bf667c2a5d512ff712d1c37098bd,https://github.com/heyns1000/omnigrid/blob/main/rebuilt_systems/fruitful-global/client/src/components/ui/navigation-menu.tsx
rebuilt_systems/fruitful-global/client/src/components/ui/pagination.tsx,2751,ea40d196dc72673f36c4084bf56457385edc855e,https://github.com/heyns1000/omnigrid/blob/main/rebuilt_systems/fruitful-global/client/src/components/ui/pagination.tsx
rebuilt_systems/fruitful-global/client/src/components/ui/popover.tsx,1280,821a32f3701193ec91f9cf2e22e34c6807c09d14,https://github.com/heyns1000/omnigrid/blob/main/rebuilt_systems/fruitful-global/client/src/components/ui/popover.tsx
rebuilt_systems/fruitful-global/client/src/components/ui/progress.tsx,791,5c87ea4865610374cdc591d1619157b4d8909a87,https://github.com/heyns1000/omnigrid/blob/main/rebuilt_systems/fruitful-global/client/src/components/ui/progress.tsx
rebuilt_systems/fruitful-global/client/src/components/ui/radio-group.tsx,1467,43b43b48b84d3045a442409006d5cb8c5f35adfd,https://github.com/heyns1000/omnigrid/blob/main/rebuilt_systems/fruitful-global/client/src/components/ui/radio-group.tsx
rebuilt_systems/fruitful-global/client/src/components/ui/resizable.tsx,1723,f4bc5586b67f45d3cc35f228e8bac2e4bc2cea16,https://github.com/heyns1000/omnigrid/blob/main/rebuilt_systems/fruitful-global/client/src/components/ui/resizable.tsx
rebuilt_systems/fruitful-global/client/src/components/ui/scroll-area.tsx,1642,cf253cf17056ce04827219643e484ea99c77cf6b,https://github.com/heyns1000/omnigrid/blob/main/rebuilt_systems/fruitful-global/client/src/components/ui/scroll-area.tsx
rebuilt_systems/fruitful-global/client/src/components/ui/select.tsx,5742,a45647c222f60248d3a206e50c9266fecda2bf1c,https://github.com/heyns1000/omnigrid/blob/main/rebuilt_systems/fruitful-global/client/src/components/ui/select.tsx
rebuilt_systems/fruitful-global/client/src/components/ui/separator.tsx,756,6d7f12265ba0338704f013930ce4d52c56527dd1,https://github.com/heyns1000/omnigrid/blob/main/rebuilt_systems/fruitful-global/client/src/components/ui/separator.tsx
rebuilt_systems/fruitful-global/client/src/components/ui/sheet.tsx,4281,a37f17ba04055c1c174bd439d58aa3b5b2857cc9,https://github.com/heyns1000/omnigrid/blob/main/rebuilt_systems/fruitful-global/client/src/components/ui/sheet.tsx
rebuilt_systems/fruitful-global/client/src/components/ui/sidebar.tsx,23567,d17b4a3678b89abe995f6dc1a12a7034a293232e,https://github.com/heyns1000/omnigrid/blob/main/rebuilt_systems/fruitful-global/client/src/components/ui/sidebar.tsx
rebuilt_systems/fruitful-global/client/src/components/ui/skeleton.tsx,261,01b8b6d4f716ff7c26065bc9e46aebd932729fc1,https://github.com/heyns1000/omnigrid/blob/main/rebuilt_systems/fruitful-global/client/src/components/ui/skeleton.tsx
rebuilt_systems/fruitful-global/client/src/components/ui/slider.tsx,1077,e161daec03130190dcfb597c8632f9df4ba407f5,https://github.com/heyns1000/omnigrid/blob/main/rebuilt_systems/fruitful-global/client/src/components/ui/slider.tsx
rebuilt_systems/fruitful-global/client/src/components/ui/switch.tsx,1139,aa58baa29c676db7b14a37436a9662107b0111ec,https://github.com/heyns1000/omnigrid/blob/main/rebuilt_systems/fruitful-global/client/src/components/ui/switch.tsx
rebuilt_systems/fruitful-global/client/src/components/ui/table.tsx,2765,7f3502f8b2820be1d6f0aa4c1ffaa351799c1ed3,https://github.com/heyns1000/omnigrid/blob/main/rebuilt_systems/fruitful-global/client/src/components/ui/table.tsx
rebuilt_systems/fruitful-global/client/src/components/ui/tabs.tsx,1883,f57fffdb5a07cd21b12f8c014513475a6980a469,https://github.com/heyns1000/omnigrid/blob/main/rebuilt_systems/fruitful-global/client/src/components/ui/tabs.tsx
rebuilt_systems/fruitful-global/client/src/components/ui/textarea.tsx,689,4d858bb6b02662c749d3cb334129a9a1977b0c51,https://github.com/heyns1000/omnigrid/blob/main/rebuilt_systems/fruitful-global/client/src/components/ui/textarea.tsx
rebuilt_systems/fruitful-global/client/src/components/ui/toast.tsx,4845,a822477534192c4df5073e4015f7461e739d3344,https://github.com/heyns1000/omnigrid/blob/main/rebuilt_systems/fruitful-global/client/src/components/ui/toast.tsx
rebuilt_systems/fruitful-global/client/src/components/ui/toaster.tsx,772,6c67edff67a48c6ac1c46f25a6d468dd461e66cb,https://github.com/heyns1000/omnigrid/blob/main/rebuilt_systems/fruitful-global/client/src/components/ui/toaster.tsx
rebuilt_systems/fruitful-global/client/src/components/ui/toggle-group.tsx,1753,1c876bbeecabe59b684719afe58e684f34cdecbf,https://github.com/heyns1000/omnigrid/blob/main/rebuilt_systems/fruitful-global/client/src/components/ui/toggle-group.tsx
rebuilt_systems/fruitful-global/client/src/components/ui/toggle.tsx,1527,0da5cb8b74d1b02569a8bf0eaf36d135c97315d5,https://github.com/heyns1000/omnigrid/blob/main/rebuilt_systems/fruitful-global/client/src/components/ui/toggle.tsx
rebuilt_systems/fruitful-global/client/src/components/ui/tooltip.tsx,1209,e1ae87b9db8d9a636b8185da4ca6868c3b024d63,https://github.com/heyns1000/omnigrid/blob/main/rebuilt_systems/fruitful-global/client/src/components/ui/tooltip.tsx
rebuilt_systems/fruitful-global/client/src/hooks/use-mobile.tsx,565,2b0fe1dfef3b17850bbac040665f514a8ffd0f15,https://github.com/heyns1000/omnigrid/blob/main/rebuilt_systems/fruitful-global/client/src/hooks/use-mobile.tsx
rebuilt_systems/fruitful-global/client/src/hooks/use-theme.tsx,1616,00425f1fc00bc4de4aa00c63ffc58285e0fab27d,https://github.com/heyns1000/omnigrid/blob/main/rebuilt_systems/fruitful-global/client/src/hooks/use-theme.tsx
rebuilt_systems/fruitful-global/client/src/hooks/use-toast.ts,3895,2c14125ac48b874740770da80d9e424daf1db58b,https://github.com/heyns1000/omnigrid/blob/main/rebuilt_systems/fruitful-global/client/src/hooks/use-toast.ts
rebuilt_systems/fruitful-global/client/src/index.css,8381,f8f07ee0526d6ab963cbc5eeacb9eb88c0ce8fb2,https://github.com/heyns1000/omnigrid/blob/main/rebuilt_systems/fruitful-global/client/src/index.css
rebuilt_systems/fruitful-global/client/src/lib/queryClient.ts,1383,f315a142495772235f6e5324668ce3bc34ef1871,https://github.com/heyns1000/omnigrid/blob/main/rebuilt_systems/fruitful-global/client/src/lib/queryClient.ts
rebuilt_systems/fruitful-global/client/src/lib/utils.ts,166,bd0c391ddd1088e9067844c48835bf4abcd61783,https://github.com/heyns1000/omnigrid/blob/main/rebuilt_systems/fruitful-global/client/src/lib/utils.ts
rebuilt_systems/fruitful-global/client/src/main.tsx,157,696e0d2b94fbc09e5bf2378678cfe86625c2f15c,https://github.com/heyns1000/omnigrid/blob/main/rebuilt_systems/fruitful-global/client/src/main.tsx
rebuilt_systems/fruitful-global/client/src/pages/FaaShells.tsx,26398,6edf7290e9e269412c7734e522b61e7cd86f4b36,https://github.com/heyns1000/omnigrid/blob/main/rebuilt_systems/fruitful-global/client/src/pages/FaaShells.tsx
rebuilt_systems/fruitful-global/client/src/pages/ai-studio.tsx,10528,5ee3591781a247faa831a74fa628ebd090025849,https://github.com/heyns1000/omnigrid/blob/main/rebuilt_systems/fruitful-global/client/src/pages/ai-studio.tsx
rebuilt_systems/fruitful-global/client/src/pages/analytics.tsx,21852,19bf22921c85ae1eb18b90951892bd005b487acd,https://github.com/heyns1000/omnigrid/blob/main/rebuilt_systems/fruitful-global/client/src/pages/analytics.tsx
rebuilt_systems/fruitful-global/client/src/pages/automation.tsx,13894,e5c2664422d00dda6f92807b11ce7110d704745f,https://github.com/heyns1000/omnigrid/blob/main/rebuilt_systems/fruitful-global/client/src/pages/automation.tsx
rebuilt_systems/fruitful-global/client/src/pages/brand-management.tsx,12074,80f9ecdfb40c2167c59d2e6289902f10e46ea3f8,https://github.com/heyns1000/omnigrid/blob/main/rebuilt_systems/fruitful-global/client/src/pages/brand-management.tsx
rebuilt_systems/fruitful-global/client/src/pages/collaboration.tsx,13540,8303a93fe2f7495b5e3b0591a8180298719ac2e4,https://github.com/heyns1000/omnigrid/blob/main/rebuilt_systems/fruitful-global/client/src/pages/collaboration.tsx
rebuilt_systems/fruitful-global/client/src/pages/compliance.tsx,17786,89dd0944b860ce63ce21d24f2cc53947834d60b2,https://github.com/heyns1000/omnigrid/blob/main/rebuilt_systems/fruitful-global/client/src/pages/compliance.tsx
rebuilt_systems/fruitful-global/client/src/pages/dashboard.tsx,7594,c8e99f0828bea04644ed71d2ee6908a4f5b7a661,https://github.com/heyns1000/omnigrid/blob/main/rebuilt_systems/fruitful-global/client/src/pages/dashboard.tsx
rebuilt_systems/fruitful-global/client/src/pages/deployment-control.tsx,14736,2592ac1b149e98208c6a87bf819bc5432880b66c,https://github.com/heyns1000/omnigrid/blob/main/rebuilt_systems/fruitful-global/client/src/pages/deployment-control.tsx
rebuilt_systems/fruitful-global/client/src/pages/global-ops.tsx,20320,e0679a9febc0498da43d3c66c80414cabf91e136,https://github.com/heyns1000/omnigrid/blob/main/rebuilt_systems/fruitful-global/client/src/pages/global-ops.tsx
rebuilt_systems/fruitful-global/client/src/pages/integrations.tsx,18483,e7f434370ed6c1ff6587eb4e8bc3c04e8f0dbfb9,https://github.com/heyns1000/omnigrid/blob/main/rebuilt_systems/fruitful-global/client/src/pages/integrations.tsx
rebuilt_systems/fruitful-global/client/src/pages/landing.tsx,10535,c4c4e856545db9d77ed9ba5e59465e27ff84a1cc,https://github.com/heyns1000/omnigrid/blob/main/rebuilt_systems/fruitful-global/client/src/pages/landing.tsx
rebuilt_systems/fruitful-global/client/src/pages/marketplace.tsx,18150,ec54041ecaa69d65f31c10f86c73f5b1547b7f0e,https://github.com/heyns1000/omnigrid/blob/main/rebuilt_systems/fruitful-global/client/src/pages/marketplace.tsx
rebuilt_systems/fruitful-global/client/src/pages/monitoring.tsx,17772,51504e80afe498e5dab83027dc9e96da733abbe7,https://github.com/heyns1000/omnigrid/blob/main/rebuilt_systems/fruitful-global/client/src/pages/monitoring.tsx
rebuilt_systems/fruitful-global/client/src/pages/not-found.tsx,711,dba9f8316f8e796e2808090c4f6cf770e6b90c4a,https://github.com/heyns1000/omnigrid/blob/main/rebuilt_systems/fruitful-global/client/src/pages/not-found.tsx
rebuilt_systems/fruitful-global/client/src/pages/performance.tsx,18446,9daaf0da1feed6254a07e8f3d14301414f78b8ba,https://github.com/heyns1000/omnigrid/blob/main/rebuilt_systems/fruitful-global/client/src/pages/performance.tsx
rebuilt_systems/fruitful-global/client/src/pages/python-deploy.tsx,14162,c1d4fdcd2c931f8580433f347626226c7c2b90ac,https://github.com/heyns1000/omnigrid/blob/main/rebuilt_systems/fruitful-global/client/src/pages/python-deploy.tsx
rebuilt_systems/fruitful-global/client/src/pages/securesign.tsx,25012,7e8ee5a77154a204b1e86427d043ff9177a9b5ae,https://github.com/heyns1000/omnigrid/blob/main/rebuilt_systems/fruitful-global/client/src/pages/securesign.tsx
rebuilt_systems/fruitful-global/client/src/pages/template-orchestration.tsx,19105,6c6de6566246aa8ff61087a28485f8258a9ccb84,https://github.com/heyns1000/omnigrid/blob/main/rebuilt_systems/fruitful-global/client/src/pages/template-orchestration.tsx
rebuilt_systems/fruitful-global/client/src/pages/workflows.tsx,16246,57203788f5c6e9ed66754f8f34f44592c19efd42,https://github.com/heyns1000/omnigrid/blob/main/rebuilt_systems/fruitful-global/client/src/pages/workflows.tsx
rebuilt_systems/fruitful-global/components.json,459,4d7d89f0d7e9146e1e11cc799ce465e21f2e5c4a,https://github.com/heyns1000/omnigrid/blob/main/rebuilt_systems/fruitful-global/components.json
rebuilt_systems/fruitful-global/drizzle.config.ts,325,4cd7b4cb3770a444d70ce72acabcb58e4e3ab18a,https://github.com/heyns1000/omnigrid/blob/main/rebuilt_systems/fruitful-global/drizzle.config.ts
rebuilt_systems/fruitful-global/insert_vaultmesh.sql,6299,104580b70cb081014f6261d62c8c4d87343f719f,https://github.com/heyns1000/omnigrid/blob/main/rebuilt_systems/fruitful-global/insert_vaultmesh.sql
rebuilt_systems/fruitful-global/omnigrid-integration.js,6317,b3cd5ea97c5f680bcc87918b9399e2bf8022bd55,https://github.com/heyns1000/omnigrid/blob/main/rebuilt_systems/fruitful-global/omnigrid-integration.js
rebuilt_systems/fruitful-global/package-lock.json,349792,0a4ff8df07abbb50abf9fb72f6d5d681eed09b37,https://github.com/heyns1000/omnigrid/blob/main/rebuilt_systems/fruitful-global/package-lock.json
rebuilt_systems/fruitful-global/package.json,3954,dc75aaf40137bf8592b1a593bac9adc380cd75eb,https://github.com/heyns1000/omnigrid/blob/main/rebuilt_systems/fruitful-global/package.json
rebuilt_systems/fruitful-global/postcss.config.js,80,2e7af2b7f1a6f391da1631d93968a9d487ba977d,https://github.com/heyns1000/omnigrid/blob/main/rebuilt_systems/fruitful-global/postcss.config.js
rebuilt_systems/fruitful-global/python_scripts/deployment_generator.py,85135,363f3e24916903f1aae0b2caa330efaf1d09fbc9,https://github.com/heyns1000/omnigrid/blob/main/rebuilt_systems/fruitful-global/python_scripts/deployment_generator.py
rebuilt_systems/fruitful-global/replit.md,6314,4f2a976a5137da4d54781c272f7b16be27521a23,https://github.com/heyns1000/omnigrid/blob/main/rebuilt_systems/fruitful-global/replit.md
rebuilt_systems/fruitful-global/server/db.ts,482,7ca3d56a2c6c16922e98f870012a2f5e2fa9fb45,https://github.com/heyns1000/omnigrid/blob/main/rebuilt_systems/fruitful-global/server/db.ts
rebuilt_systems/fruitful-global/server/direct-dashboard.ts,1064,8761d9222fb1cf9c6b5d0c79ae1b267214301961,https://github.com/heyns1000/omnigrid/blob/main/rebuilt_systems/fruitful-global/server/direct-dashboard.ts
rebuilt_systems/fruitful-global/server/direct-serve.ts,1683,5b3ab9709389ad2c9987329befeae6152c87ed82,https://github.com/heyns1000/omnigrid/blob/main/rebuilt_systems/fruitful-global/server/direct-serve.ts
rebuilt_systems/fruitful-global/server/enhanced-dashboard.ts,2012,da7a165f62bffe73d39a60ad9330e0af62d97b3a,https://github.com/heyns1000/omnigrid/blob/main/rebuilt_systems/fruitful-global/server/enhanced-dashboard.ts
rebuilt_systems/fruitful-global/server/enhanced-vaultmesh.ts,3293,bdd573181e951595ff9ba02660b8a4677dba318f,https://github.com/heyns1000/omnigrid/blob/main/rebuilt_systems/fruitful-global/server/enhanced-vaultmesh.ts
rebuilt_systems/fruitful-global/server/index.ts,5259,a9ea5f3b33dc393e6a28cd1c57e48fc63dd92a6b,https://github.com/heyns1000/omnigrid/blob/main/rebuilt_systems/fruitful-global/server/index.ts
rebuilt_systems/fruitful-global/server/omnigrid-server.ts,7878,9939bcde513992aff1e33b3ce246970a5a58de05,https://github.com/heyns1000/omnigrid/blob/main/rebuilt_systems/fruitful-global/server/omnigrid-server.ts
rebuilt_systems/fruitful-global/server/paypal.ts,3940,e76494389d51a0bd920857c45e4e99cfb5f0f839,https://github.com/heyns1000/omnigrid/blob/main/rebuilt_systems/fruitful-global/server/paypal.ts
rebuilt_systems/fruitful-global/server/production-server.ts,2128,b96c117e216ea4532bc05883baa78d36f59e77bc,https://github.com/heyns1000/omnigrid/blob/main/rebuilt_systems/fruitful-global/server/production-server.ts
rebuilt_systems/fruitful-global/server/python-engine.ts,5224,f5d42c1def090e5d0d05b86b5d65cb70c48fb320,https://github.com/heyns1000/omnigrid/blob/main/rebuilt_systems/fruitful-global/server/python-engine.ts
rebuilt_systems/fruitful-global/server/routes.ts,16414,d0d6232180f0bd6f6fb780e95d67d9451f4c458f,https://github.com/heyns1000/omnigrid/blob/main/rebuilt_systems/fruitful-global/server/routes.ts
rebuilt_systems/fruitful-global/server/seed-data.ts,396298,8d24438493ff85eb2c8a8beb23b0b891b4db88de,https://github.com/heyns1000/omnigrid/blob/main/rebuilt_systems/fruitful-global/server/seed-data.ts
rebuilt_systems/fruitful-global/server/storage.ts,35715,de0ee13ee8d0147d06c9cf7f0d4db5f1ca5e0da7,https://github.com/heyns1000/omnigrid/blob/main/rebuilt_systems/fruitful-global/server/storage.ts
rebuilt_systems/fruitful-global/server/vite.ts,2263,9338c14f4a52d12d87a6b4f57fbd6ef479bf8c94,https://github.com/heyns1000/omnigrid/blob/main/rebuilt_systems/fruitful-global/server/vite.ts
rebuilt_systems/fruitful-global/shared/schema.ts,14784,dda5895550b736ee3153a7e492ca023ad98996fd,https://github.com/heyns1000/omnigrid/blob/main/rebuilt_systems/fruitful-global/shared/schema.ts
rebuilt_systems/fruitful-global/start-authentic.js,2021,fc788accc2c4a3239dcbed6592e8179f3554987a,https://github.com/heyns1000/omnigrid/blob/main/rebuilt_systems/fruitful-global/start-authentic.js
rebuilt_systems/fruitful-global/tailwind.config.ts,2627,ab1bca54d78bf9d3ce3822bddaee047f10a50bfc,https://github.com/heyns1000/omnigrid/blob/main/rebuilt_systems/fruitful-global/tailwind.config.ts
rebuilt_systems/fruitful-global/test-omnigrid-integration.js,2275,e3e1a6ddd76847386c0d035788828ecf09c49369,https://github.com/heyns1000/omnigrid/blob/main/rebuilt_systems/fruitful-global/test-omnigrid-integration.js
rebuilt_systems/fruitful-global/tmp/replace_vault_mesh.txt,141,58f499c7050e201117c60340c5bb8e1f375e7241,https://github.com/heyns1000/omnigrid/blob/main/rebuilt_systems/fruitful-global/tmp/replace_vault_mesh.txt
rebuilt_systems/fruitful-global/tmp/seed_data_replacement.js,141,58f499c7050e201117c60340c5bb8e1f375e7241,https://github.com/heyns1000/omnigrid/blob/main/rebuilt_systems/fruitful-global/tmp/seed_data_replacement.js
rebuilt_systems/fruitful-global/tsconfig.json,657,a0203eefcb88d0dcf5e5ff0e2f90150a1b46ee05,https://github.com/heyns1000/omnigrid/blob/main/rebuilt_systems/fruitful-global/tsconfig.json
rebuilt_systems/fruitful-global/vaultmesh_template.html,78723,4bfd83a01b0556b2f526f2e13310063466a86686,https://github.com/heyns1000/omnigrid/blob/main/rebuilt_systems/fruitful-global/vaultmesh_template.html
rebuilt_systems/fruitful-global/vercel.json,723,cc115e23cff2cc0b09ff6c3e5a2519910dcdad4b,https://github.com/heyns1000/omnigrid/blob/main/rebuilt_systems/fruitful-global/vercel.json
rebuilt_systems/fruitful-global/vite.config.ts,971,ce3e3d1f6b15a33e4ae097b4cfff0f42b3309380,https://github.com/heyns1000/omnigrid/blob/main/rebuilt_systems/fruitful-global/vite.config.ts
rebuilt_systems/hotstack/README.md,462,e4cd14cdac3c87e4d7f5bd965ffedf17fc308303,https://github.com/heyns1000/omnigrid/blob/main/rebuilt_systems/hotstack/README.md
rebuilt_systems/hotstack/deployment_engine.py,1911,c09d9a67c757ddc605acefed9c2af524e7f3fb61,https://github.com/heyns1000/omnigrid/blob/main/rebuilt_systems/hotstack/deployment_engine.py
rebuilt_systems/hotstack/extracted_code.json,13791,020195796c5b0cd07ab42e77f172dacc6c42a554,https://github.com/heyns1000/omnigrid/blob/main/rebuilt_systems/hotstack/extracted_code.json
rebuilt_systems/omnigrid/README.md,382,78c962987451ee98fd71b60272e27228a5c5e261,https://github.com/heyns1000/omnigrid/blob/main/rebuilt_systems/omnigrid/README.md
rebuilt_systems/omnigrid/orchestrator.py,1902,fc617b52ab06700519cf9d79dd018a167ac83307,https://github.com/heyns1000/omnigrid/blob/main/rebuilt_systems/omnigrid/orchestrator.py
rebuilt_systems/toynest/BUILD-SUMMARY.md,15486,5de76b3bab9398c948659bd3289d1bc77e0b564e,https://github.com/heyns1000/omnigrid/blob/main/rebuilt_systems/toynest/BUILD-SUMMARY.md
rebuilt_systems/toynest/DEPLOYMENT.md,8970,212136faaedfd4c67710d7550e2613b1fedbf26b,https://github.com/heyns1000/omnigrid/blob/main/rebuilt_systems/toynest/DEPLOYMENT.md
rebuilt_systems/toynest/INTEGRATION-GUIDE.md,19050,b0f09819d9ba1e9d067adc85d1d390a44a6a82c4,https://github.com/heyns1000/omnigrid/blob/main/rebuilt_systems/toynest/INTEGRATION-GUIDE.md
rebuilt_systems/toynest/README.md,8299,b0ed6ea8183fd3b2742e83d73e7103bbbbcc3b8a,https://github.com/heyns1000/omnigrid/blob/main/rebuilt_systems/toynest/README.md
rebuilt_systems/toynest/THREE-CUBE-README.md,13666,eec1c368cc0162f9bd86186bda168ef6f2c1d207,https://github.com/heyns1000/omnigrid/blob/main/rebuilt_systems/toynest/THREE-CUBE-README.md
rebuilt_systems/toynest/deploy-toynest.sh,5032,7bc72ee1aa0bce1ef2d4d4e8131966bd176d82c3,https://github.com/heyns1000/omnigrid/blob/main/rebuilt_systems/toynest/deploy-toynest.sh
rebuilt_systems/toynest/deployment_generator.py,85135,363f3e24916903f1aae0b2caa330efaf1d09fbc9,https://github.com/heyns1000/omnigrid/blob/main/rebuilt_systems/toynest/deployment_generator.py
rebuilt_systems/toynest/html-page-generator.py,127715,dd26abd8e67be74aee938ecb26a6179a771ea388,https://github.com/heyns1000/omnigrid/blob/main/rebuilt_systems/toynest/html-page-generator.py
rebuilt_systems/toynest/package.json,1121,a6180932a8d3abc00209f685de46236b813e2e91,https://github.com/heyns1000/omnigrid/blob/main/rebuilt_systems/toynest/package.json
rebuilt_systems/toynest/three-cube-banking-backend.js,35591,4b63b85e2c872ee77aab5d80a7581101f9b4f335,https://github.com/heyns1000/omnigrid/blob/main/rebuilt_systems/toynest/three-cube-banking-backend.js
rebuilt_systems/toynest/three-cube-client.js,11606,08afddbeb1e8fa4bbbe31b269d7e16062e8a3e96,https://github.com/heyns1000/omnigrid/blob/main/rebuilt_systems/toynest/three-cube-client.js
rebuilt_systems/toynest/three-cube-lattice-banking.html,31696,5b8a067c39f18d2ed2c4610c681e5e95adbcb555,https://github.com/heyns1000/omnigrid/blob/main/rebuilt_systems/toynest/three-cube-lattice-banking.html
rebuilt_systems/toynest/three-cube-sync-service.js,13482,bddc209b7f0226288bb31c26780e4ed9abe41848,https://github.com/heyns1000/omnigrid/blob/main/rebuilt_systems/toynest/three-cube-sync-service.js
rebuilt_systems/vaultmesh/README.md,400,392ec651356db20b1435f400753811894e747c7d,https://github.com/heyns1000/omnigrid/blob/main/rebuilt_systems/vaultmesh/README.md
rebuilt_systems/vaultmesh/payment_gateway.py,2240,e706be8bdb4a9bf7808297104abb73c0af09ce97,https://github.com/heyns1000/omnigrid/blob/main/rebuilt_systems/vaultmesh/payment_gateway.py
requirements.txt,32,9cfcad69617197c1f438a3c83864bd8adfc2f91d,https://github.com/heyns1000/omnigrid/blob/main/requirements.txt
research-config.json,2800,b210cda31a2d30f298d7468b36b218a1f99f45ee,https://github.com/heyns1000/omnigrid/blob/main/research-config.json
research-dashboard.html,15135,8b93eb2c1986b48ccda59dd8cc37d7e0abe57d3e,https://github.com/heyns1000/omnigrid/blob/main/research-dashboard.html
research-index/omnigrid-main-index.md,4692,d150934366846e2238200b78ae60a02090fe144e,https://github.com/heyns1000/omnigrid/blob/main/research-index/omnigrid-main-index.md
research-index/omnigrid-second-pass-report.md,14851,53a4a43feaa850e783efedc08baf56779c5a7427,https://github.com/heyns1000/omnigrid/blob/main/research-index/omnigrid-second-pass-report.md
research_engine.py,12658,eb623f52e69bb3f58a81387d118d0c923de8a609,https://github.com/heyns1000/omnigrid/blob/main/research_engine.py
scripts/activate-eternal-research.sh,1069,caca1369b3e5b99c1936212419dc23a47be4750b,https://github.com/heyns1000/omnigrid/blob/main/scripts/activate-eternal-research.sh
scripts/activate_ecosystem.sh,1456,816683a4326fd55098db7fe51cd19f81c8d56efa,https://github.com/heyns1000/omnigrid/blob/main/scripts/activate_ecosystem.sh
scripts/actuary/revenue-projection.py,8818,958b157065bb40da4f3b51e82b35619df2bb8987,https://github.com/heyns1000/omnigrid/blob/main/scripts/actuary/revenue-projection.py
scripts/actuary/risk-harmonics.py,6254,46d45b55eb39f4fbe3a9169e132087bcc943be71,https://github.com/heyns1000/omnigrid/blob/main/scripts/actuary/risk-harmonics.py
scripts/audit_repo_connections.py,20023,6b0fea8d31808023efd7b1355bde02f69577f9b4,https://github.com/heyns1000/omnigrid/blob/main/scripts/audit_repo_connections.py
scripts/audit_repo_existence.py,8118,e9f7cb52e0e730d054079c739d5c0277423ae762,https://github.com/heyns1000/omnigrid/blob/main/scripts/audit_repo_existence.py
scripts/automation-health-check.py,10734,d0fe56a612a0227790d85767ab09568ab188fb03,https://github.com/heyns1000/omnigrid/blob/main/scripts/automation-health-check.py
scripts/buildnest_template_accessor.py,23598,837a0b41db41bd942cb341cea139aea34a1a9def,https://github.com/heyns1000/omnigrid/blob/main/scripts/buildnest_template_accessor.py
scripts/check-eternal-status.sh,760,2f904818d5eec014e311a2185c6093bdf4755a0c,https://github.com/heyns1000/omnigrid/blob/main/scripts/check-eternal-status.sh
scripts/check_codenest_connection.py,12759,8d2c834b7d31760494370e8dda0382b88386e297,https://github.com/heyns1000/omnigrid/blob/main/scripts/check_codenest_connection.py
scripts/ci-fixes/celestial-payroll-optimize.sh,2901,e74f28eeeeec0a7cc8efaeb3ac10b8aea584de42,https://github.com/heyns1000/omnigrid/blob/main/scripts/ci-fixes/celestial-payroll-optimize.sh
scripts/ci-fixes/durable-objects-pool.ts,6107,2388341c5bc22847847e18fccec6125bbce0c0d7,https://github.com/heyns1000/omnigrid/blob/main/scripts/ci-fixes/durable-objects-pool.ts
scripts/ci-fixes/keccak256-avx512.c,6731,2463756d3c6857b5c155bbc6aa8532a82bd7100d,https://github.com/heyns1000/omnigrid/blob/main/scripts/ci-fixes/keccak256-avx512.c
scripts/codenest_query_api.py,19887,15c852593042fc3449b768b021188424ceba3ab7,https://github.com/heyns1000/omnigrid/blob/main/scripts/codenest_query_api.py
scripts/deploy-eho.sh,8078,2c6d8c6607931c1cfc0622fe684ba5084e094b4c,https://github.com/heyns1000/omnigrid/blob/main/scripts/deploy-eho.sh
scripts/ecosystem_propagator.py,17500,c05c4763b81a8f125aca3bf15d63504a863f0159,https://github.com/heyns1000/omnigrid/blob/main/scripts/ecosystem_propagator.py
scripts/export_faa_brands_to_codenest.py,18569,1160ade47ce8d360b6c3574efb3271ad13af8a6a,https://github.com/heyns1000/omnigrid/blob/main/scripts/export_faa_brands_to_codenest.py
scripts/faa_inline_verification.py,10500,bae4fe9f40625518eba1e9437ff849aadb6155cf,https://github.com/heyns1000/omnigrid/blob/main/scripts/faa_inline_verification.py
scripts/generate_speed_dashboard.py,17928,5f2e5bd04568e5ecd5f6da058c2fe41eeb75524e,https://github.com/heyns1000/omnigrid/blob/main/scripts/generate_speed_dashboard.py
scripts/merge_gatekeeper.py,12187,6bd907f04ec3bb6d917b35f3b947910375af4299,https://github.com/heyns1000/omnigrid/blob/main/scripts/merge_gatekeeper.py
scripts/mr-actuary-conflict-resolver.py,9676,44884bb020b541cc9192cba3cefa69587a7d0b27,https://github.com/heyns1000/omnigrid/blob/main/scripts/mr-actuary-conflict-resolver.py
scripts/mr-actuary-gpr-prod.py,10439,53a8a421628db21571bd9c208c624ffcbc4161f7,https://github.com/heyns1000/omnigrid/blob/main/scripts/mr-actuary-gpr-prod.py
scripts/oracles/deploy-multi-chain-oracles.sh,3687,75fcad7ef3698d534c2217fecd6bdaf35b165d76,https://github.com/heyns1000/omnigrid/blob/main/scripts/oracles/deploy-multi-chain-oracles.sh
scripts/phase37/deploy-oracle.js,2344,f06c882ac07539ce5502e5527cfd23135ea74642,https://github.com/heyns1000/omnigrid/blob/main/scripts/phase37/deploy-oracle.js
scripts/phase37/integration-example.ts,5768,537e97f1e569c27ccf3f84ea01b91bc7e7afc9db,https://github.com/heyns1000/omnigrid/blob/main/scripts/phase37/integration-example.ts
scripts/phase38-orchestrator.py,13687,bb4b541953ec001fa22c348a12edd3f1d89a7939,https://github.com/heyns1000/omnigrid/blob/main/scripts/phase38-orchestrator.py
scripts/priority_sync_engine.py,23726,bb8d8bf0426fbf0f2f9a38758bced739a3ff7184,https://github.com/heyns1000/omnigrid/blob/main/scripts/priority_sync_engine.py
scripts/pulse-trade-metrics.py,14660,5998381359cd815c4259c5226509093a84cb03b0,https://github.com/heyns1000/omnigrid/blob/main/scripts/pulse-trade-metrics.py
scripts/test_automation.py,4528,68a63749357adb59f48b9b241fb3eca25e4a33b1,https://github.com/heyns1000/omnigrid/blob/main/scripts/test_automation.py
scripts/validate-automation-config.py,6408,ce568a585d21682abf6756b7c15b63cd1901eb14,https://github.com/heyns1000/omnigrid/blob/main/scripts/validate-automation-config.py
scripts/validate-eho.sh,8780,843439a005712b8fe70cf9cb5a67b3783332a882,https://github.com/heyns1000/omnigrid/blob/main/scripts/validate-eho.sh
scripts/validate-eternal-implementation.py,5810,23d666c622f6ea09a67b9f84c3f5e0f2fbaebe26,https://github.com/heyns1000/omnigrid/blob/main/scripts/validate-eternal-implementation.py
scroll_sealed_conversation.json,2070119,3e4013c879026fdd7d76cae345241f4060f651e6,https://github.com/heyns1000/omnigrid/blob/main/scroll_sealed_conversation.json
scroll_sealed_project.json,428018,cd9594257f9fedc805b042a56a17a4f143ece46b,https://github.com/heyns1000/omnigrid/blob/main/scroll_sealed_project.json
sector_heatmap_dashboard.html,27551,a36852794064ee83df3340e9929228d7d5e63c54,https://github.com/heyns1000/omnigrid/blob/main/sector_heatmap_dashboard.html
security_validator.py,6461,d1a477d37883745d1b9446cdc63d0865ebebc9f7,https://github.com/heyns1000/omnigrid/blob/main/security_validator.py
setup_github_profile.sh,7487,eb762605b7a1a52a770ca567215e8878c08c4a3c,https://github.com/heyns1000/omnigrid/blob/main/setup_github_profile.sh
simunye_lattice.py,7096,65d4d768c3c0e88f3da6eded38b5cc246a0dd3c4,https://github.com/heyns1000/omnigrid/blob/main/simunye_lattice.py
sponsor_gratitude.py,6813,8ecd27b6312c4588229f12fde8271e2662192b03,https://github.com/heyns1000/omnigrid/blob/main/sponsor_gratitude.py
src/adaptive-knowledge-sync.ts,3114,7d5f4cab50458b462dcbd1c03d1b6250e84472fe,https://github.com/heyns1000/omnigrid/blob/main/src/adaptive-knowledge-sync.ts
src/data-request-handler.ts,4862,02ac5d5c05d8b23ac914eee4443f09efdf601686,https://github.com/heyns1000/omnigrid/blob/main/src/data-request-handler.ts
src/pr-generator.ts,5501,c3281e3733da556b14fb31834d8b26849f496ec2,https://github.com/heyns1000/omnigrid/blob/main/src/pr-generator.ts
src/rhino-strike-verifier.ts,3089,e5706ddb85eb153a3c99d7b93c1938b5c3dbc6eb,https://github.com/heyns1000/omnigrid/blob/main/src/rhino-strike-verifier.ts
src/snippet-processor.ts,4687,5516450a82c61cc1cf34eb2b0168de6e2d405724,https://github.com/heyns1000/omnigrid/blob/main/src/snippet-processor.ts
start-research.sh,1442,3dfb5b96e61598b19ee286118c81deec2e5a798b,https://github.com/heyns1000/omnigrid/blob/main/start-research.sh
system_rebuilder.py,15374,fbb3b193a8678d8e5256705b3eec11c26c72a32a,https://github.com/heyns1000/omnigrid/blob/main/system_rebuilder.py
test/contracts/QuantumFidelityOracle.test.js,9597,55572e89e81807c64aae59c61bbd153390b4d682,https://github.com/heyns1000/omnigrid/blob/main/test/contracts/QuantumFidelityOracle.test.js
test_audit_loop.py,3252,077b92972338ae60f6fe101ea06e89c13d6066a8,https://github.com/heyns1000/omnigrid/blob/main/test_audit_loop.py
test_ip_sweep.py,4301,0ec9d784a78c100c52679369357487cee891c75d,https://github.com/heyns1000/omnigrid/blob/main/test_ip_sweep.py
test_phase38_quantum.py,13562,a81a84d24d43bc7df85963e0885228e880d40352,https://github.com/heyns1000/omnigrid/blob/main/test_phase38_quantum.py
test_phase41.py,12643,c23a52c9eca5de3ca02cc3df701e5ffe13c0ba98,https://github.com/heyns1000/omnigrid/blob/main/test_phase41.py
test_pulse_cycle.py,2672,49b5059bf2d521a88e60d1863e54654c190c47b9,https://github.com/heyns1000/omnigrid/blob/main/test_pulse_cycle.py
test_simunye.py,4892,6aaa141c49475a86d87a7fdbeb6883bb0ff08848,https://github.com/heyns1000/omnigrid/blob/main/test_simunye.py
tests/eho-performance.spec.ts,9445,e7f4657844448bf76001c0360e4bfc6a04cc4269,https://github.com/heyns1000/omnigrid/blob/main/tests/eho-performance.spec.ts
tests/multi-chain-ledger.spec.ts,11956,fa685b522b4d067615802a33d3399779821480ec,https://github.com/heyns1000/omnigrid/blob/main/tests/multi-chain-ledger.spec.ts
tests/multi-chain-oracle.spec.ts,11779,aed1313699c194c1d1319faf18ef5957926245fe,https://github.com/heyns1000/omnigrid/blob/main/tests/multi-chain-oracle.spec.ts
tests/quantum-fidelity.spec.ts,11895,194defc1fb2c6ca9575ba65d416a1a80279a721c,https://github.com/heyns1000/omnigrid/blob/main/tests/quantum-fidelity.spec.ts
tests/zk-proof-constructor.spec.ts,10784,05e1027d435576b51bc39a3fae5be3bdab2f0550,https://github.com/heyns1000/omnigrid/blob/main/tests/zk-proof-constructor.spec.ts
tsconfig.json,824,89039c86db0ec1b2d43818b77e0739e131da0c70,https://github.com/heyns1000/omnigrid/blob/main/tsconfig.json
validate_ecosystem.sh,4940,b4a19df872f2e48277188e9f0f4817d930e58fde,https://github.com/heyns1000/omnigrid/blob/main/validate_ecosystem.sh
vitest.config.ts,201,1592f64635a7e575ccd0139b6cbc21cb4ad89aaa,https://github.com/heyns1000/omnigrid/blob/main/vitest.config.ts
workers/eternal-research/eternal-engine.ts,26549,5b0745b5b73240857763c68277ea88220c2bc22b,https://github.com/heyns1000/omnigrid/blob/main/workers/eternal-research/eternal-engine.ts
workers/eternal-research/package.json,615,c64154f503de828f85945b4b434918d8563c187f,https://github.com/heyns1000/omnigrid/blob/main/workers/eternal-research/package.json
workers/eternal-research/tsconfig.json,453,43ffafe427aee53a3afd44587d28bd071c50e2f8,https://github.com/heyns1000/omnigrid/blob/main/workers/eternal-research/tsconfig.json
workers/eternal-research/wrangler.toml,529,6a48e3355c4406c376a022294c7542079c38c7aa,https://github.com/heyns1000/omnigrid/blob/main/workers/eternal-research/wrangler.toml
